-- MySQL dump 10.13  Distrib 8.2.0, for macos12.6 (x86_64)
--
-- Host: localhost    Database: DB_MCTest
-- ------------------------------------------------------
-- Server version	8.2.0

/*!40101 SET @OLD_CHARACTER_SET_CLIENT=@@CHARACTER_SET_CLIENT */;
/*!40101 SET @OLD_CHARACTER_SET_RESULTS=@@CHARACTER_SET_RESULTS */;
/*!40101 SET @OLD_COLLATION_CONNECTION=@@COLLATION_CONNECTION */;
/*!50503 SET NAMES utf8mb4 */;
/*!40103 SET @OLD_TIME_ZONE=@@TIME_ZONE */;
/*!40103 SET TIME_ZONE='+00:00' */;
/*!40014 SET @OLD_UNIQUE_CHECKS=@@UNIQUE_CHECKS, UNIQUE_CHECKS=0 */;
/*!40014 SET @OLD_FOREIGN_KEY_CHECKS=@@FOREIGN_KEY_CHECKS, FOREIGN_KEY_CHECKS=0 */;
/*!40101 SET @OLD_SQL_MODE=@@SQL_MODE, SQL_MODE='NO_AUTO_VALUE_ON_ZERO' */;
/*!40111 SET @OLD_SQL_NOTES=@@SQL_NOTES, SQL_NOTES=0 */;

--
-- Table structure for table `account_user`
--

DROP TABLE IF EXISTS `account_user`;
/*!40101 SET @saved_cs_client     = @@character_set_client */;
/*!50503 SET character_set_client = utf8mb4 */;
CREATE TABLE `account_user` (
  `id` int NOT NULL AUTO_INCREMENT,
  `password` varchar(128) NOT NULL,
  `last_login` datetime(6) DEFAULT NULL,
  `is_superuser` tinyint(1) NOT NULL,
  `username` varchar(15) NOT NULL,
  `first_name` varchar(30) NOT NULL,
  `last_name` varchar(30) NOT NULL,
  `email` varchar(255) NOT NULL,
  `is_staff` tinyint(1) NOT NULL,
  `is_active` tinyint(1) NOT NULL,
  `date_joined` datetime(6) NOT NULL,
  `is_trusty` tinyint(1) NOT NULL,
  PRIMARY KEY (`id`),
  UNIQUE KEY `username` (`username`),
  UNIQUE KEY `email` (`email`)
) ENGINE=InnoDB AUTO_INCREMENT=108 DEFAULT CHARSET=latin1;
/*!40101 SET character_set_client = @saved_cs_client */;

--
-- Dumping data for table `account_user`
--

LOCK TABLES `account_user` WRITE;
/*!40000 ALTER TABLE `account_user` DISABLE KEYS */;
INSERT INTO `account_user` VALUES (1,'pbkdf2_sha256$600000$MOGdgQfmyjvOIONiqIwx5k$0OLM5FcLGYF1YIv1uPmObsgnYJc8r4GrSYLvD0E+FPY=','2024-01-20 09:35:48.082960',1,'fzampirolli','Francisco','Zampirolli','fzampirolli@ufabc.edu.br',1,1,'2019-01-14 18:03:04.000000',0),(53,'pbkdf2_sha256$150000$hDwV19zGzvc3$dd1CmCzW9lN5tA1ex+LYh6G3QArn3y1I5F3d6Dm54Ws=','2023-05-30 21:03:55.160832',0,'fzstudent','Francisco','Estudante','fzstudent@ufabc.edu.br',0,1,'2019-01-31 07:27:04.065858',0),(65,'pbkdf2_sha256$150000$mFNA1cf6k7L0$thI+JbzmQQbezu7tFCWNAeqzFl/A8YDbyfiti31HgzU=','2023-07-07 17:09:52.083993',0,'fzprof','Francisco','Professor','fzprof@ufabc.edu.br',0,1,'2019-09-02 20:48:18.000000',0),(66,'pbkdf2_sha256$150000$cBbUBMF37piE$LyK66878fkQanHbYcFSnOFwx2hF4JDPh9AEOKW8mYTc=','2023-05-18 12:31:00.187012',0,'fzcoord','Francisco','Coordenador','fzcoord@ufabc.edu.br',0,1,'2019-09-02 20:49:06.000000',0);
/*!40000 ALTER TABLE `account_user` ENABLE KEYS */;
UNLOCK TABLES;

--
-- Table structure for table `account_user_groups`
--

DROP TABLE IF EXISTS `account_user_groups`;
/*!40101 SET @saved_cs_client     = @@character_set_client */;
/*!50503 SET character_set_client = utf8mb4 */;
CREATE TABLE `account_user_groups` (
  `id` int NOT NULL AUTO_INCREMENT,
  `user_id` int NOT NULL,
  `group_id` int NOT NULL,
  PRIMARY KEY (`id`),
  UNIQUE KEY `account_user_groups_user_id_group_id_4d09af3e_uniq` (`user_id`,`group_id`),
  KEY `account_user_groups_group_id_6c71f749_fk_auth_group_id` (`group_id`),
  CONSTRAINT `account_user_groups_group_id_6c71f749_fk_auth_group_id` FOREIGN KEY (`group_id`) REFERENCES `auth_group` (`id`),
  CONSTRAINT `account_user_groups_user_id_14345e7b_fk_account_user_id` FOREIGN KEY (`user_id`) REFERENCES `account_user` (`id`)
) ENGINE=InnoDB AUTO_INCREMENT=108 DEFAULT CHARSET=latin1;
/*!40101 SET character_set_client = @saved_cs_client */;

--
-- Dumping data for table `account_user_groups`
--

LOCK TABLES `account_user_groups` WRITE;
/*!40000 ALTER TABLE `account_user_groups` DISABLE KEYS */;
INSERT INTO `account_user_groups` VALUES (4,1,2),(71,65,2),(70,66,2);
/*!40000 ALTER TABLE `account_user_groups` ENABLE KEYS */;
UNLOCK TABLES;

--
-- Table structure for table `account_user_user_permissions`
--

DROP TABLE IF EXISTS `account_user_user_permissions`;
/*!40101 SET @saved_cs_client     = @@character_set_client */;
/*!50503 SET character_set_client = utf8mb4 */;
CREATE TABLE `account_user_user_permissions` (
  `id` int NOT NULL AUTO_INCREMENT,
  `user_id` int NOT NULL,
  `permission_id` int NOT NULL,
  PRIMARY KEY (`id`),
  UNIQUE KEY `account_user_user_permis_user_id_permission_id_48bdd28b_uniq` (`user_id`,`permission_id`),
  KEY `account_user_user_pe_permission_id_66c44191_fk_auth_perm` (`permission_id`),
  CONSTRAINT `account_user_user_pe_permission_id_66c44191_fk_auth_perm` FOREIGN KEY (`permission_id`) REFERENCES `auth_permission` (`id`),
  CONSTRAINT `account_user_user_pe_user_id_cc42d270_fk_account_u` FOREIGN KEY (`user_id`) REFERENCES `account_user` (`id`)
) ENGINE=InnoDB DEFAULT CHARSET=latin1;
/*!40101 SET character_set_client = @saved_cs_client */;

--
-- Dumping data for table `account_user_user_permissions`
--

LOCK TABLES `account_user_user_permissions` WRITE;
/*!40000 ALTER TABLE `account_user_user_permissions` DISABLE KEYS */;
/*!40000 ALTER TABLE `account_user_user_permissions` ENABLE KEYS */;
UNLOCK TABLES;

--
-- Table structure for table `auth_group`
--

DROP TABLE IF EXISTS `auth_group`;
/*!40101 SET @saved_cs_client     = @@character_set_client */;
/*!50503 SET character_set_client = utf8mb4 */;
CREATE TABLE `auth_group` (
  `id` int NOT NULL AUTO_INCREMENT,
  `name` varchar(150) NOT NULL,
  PRIMARY KEY (`id`),
  UNIQUE KEY `name` (`name`)
) ENGINE=InnoDB AUTO_INCREMENT=3 DEFAULT CHARSET=latin1;
/*!40101 SET character_set_client = @saved_cs_client */;

--
-- Dumping data for table `auth_group`
--

LOCK TABLES `auth_group` WRITE;
/*!40000 ALTER TABLE `auth_group` DISABLE KEYS */;
INSERT INTO `auth_group` VALUES (1,'coordenador'),(2,'professor');
/*!40000 ALTER TABLE `auth_group` ENABLE KEYS */;
UNLOCK TABLES;

--
-- Table structure for table `auth_group_permissions`
--

DROP TABLE IF EXISTS `auth_group_permissions`;
/*!40101 SET @saved_cs_client     = @@character_set_client */;
/*!50503 SET character_set_client = utf8mb4 */;
CREATE TABLE `auth_group_permissions` (
  `id` int NOT NULL AUTO_INCREMENT,
  `group_id` int NOT NULL,
  `permission_id` int NOT NULL,
  PRIMARY KEY (`id`),
  UNIQUE KEY `auth_group_permissions_group_id_permission_id_0cd325b0_uniq` (`group_id`,`permission_id`),
  KEY `auth_group_permissio_permission_id_84c5c92e_fk_auth_perm` (`permission_id`),
  CONSTRAINT `auth_group_permissio_permission_id_84c5c92e_fk_auth_perm` FOREIGN KEY (`permission_id`) REFERENCES `auth_permission` (`id`),
  CONSTRAINT `auth_group_permissions_group_id_b120cbf9_fk_auth_group_id` FOREIGN KEY (`group_id`) REFERENCES `auth_group` (`id`)
) ENGINE=InnoDB AUTO_INCREMENT=78 DEFAULT CHARSET=latin1;
/*!40101 SET character_set_client = @saved_cs_client */;

--
-- Dumping data for table `auth_group_permissions`
--

LOCK TABLES `auth_group_permissions` WRITE;
/*!40000 ALTER TABLE `auth_group_permissions` DISABLE KEYS */;
INSERT INTO `auth_group_permissions` VALUES (38,1,21),(39,1,22),(40,1,23),(1,1,24),(2,1,25),(3,1,26),(4,1,27),(5,1,28),(6,1,29),(7,1,30),(8,1,31),(9,1,32),(10,1,33),(34,1,35),(11,1,37),(12,1,41),(35,1,42),(36,1,43),(37,1,44),(13,1,45),(14,1,46),(15,1,47),(16,1,48),(17,1,49),(18,1,50),(19,1,51),(20,1,52),(21,1,53),(22,1,54),(23,1,55),(24,1,56),(25,1,57),(26,1,58),(27,1,59),(28,1,60),(29,1,61),(30,1,62),(31,1,63),(32,1,64),(33,1,65),(74,2,17),(75,2,18),(76,2,19),(77,2,20),(41,2,24),(42,2,25),(43,2,26),(44,2,27),(45,2,28),(46,2,29),(47,2,30),(48,2,31),(49,2,32),(50,2,33),(51,2,37),(52,2,41),(53,2,45),(54,2,46),(55,2,47),(56,2,48),(57,2,49),(58,2,50),(59,2,51),(60,2,52),(61,2,53),(62,2,54),(63,2,55),(64,2,56),(65,2,57),(66,2,58),(67,2,59),(68,2,60),(69,2,61),(70,2,62),(71,2,63),(72,2,64),(73,2,65);
/*!40000 ALTER TABLE `auth_group_permissions` ENABLE KEYS */;
UNLOCK TABLES;

--
-- Table structure for table `auth_permission`
--

DROP TABLE IF EXISTS `auth_permission`;
/*!40101 SET @saved_cs_client     = @@character_set_client */;
/*!50503 SET character_set_client = utf8mb4 */;
CREATE TABLE `auth_permission` (
  `id` int NOT NULL AUTO_INCREMENT,
  `name` varchar(255) NOT NULL,
  `content_type_id` int NOT NULL,
  `codename` varchar(100) NOT NULL,
  PRIMARY KEY (`id`),
  UNIQUE KEY `auth_permission_content_type_id_codename_01ab375a_uniq` (`content_type_id`,`codename`),
  CONSTRAINT `auth_permission_content_type_id_2f476e4b_fk_django_co` FOREIGN KEY (`content_type_id`) REFERENCES `django_content_type` (`id`)
) ENGINE=InnoDB AUTO_INCREMENT=78 DEFAULT CHARSET=latin1;
/*!40101 SET character_set_client = @saved_cs_client */;

--
-- Dumping data for table `auth_permission`
--

LOCK TABLES `auth_permission` WRITE;
/*!40000 ALTER TABLE `auth_permission` DISABLE KEYS */;
INSERT INTO `auth_permission` VALUES (1,'Can add log entry',1,'add_logentry'),(2,'Can change log entry',1,'change_logentry'),(3,'Can delete log entry',1,'delete_logentry'),(4,'Can view log entry',1,'view_logentry'),(5,'Can add permission',2,'add_permission'),(6,'Can change permission',2,'change_permission'),(7,'Can delete permission',2,'delete_permission'),(8,'Can view permission',2,'view_permission'),(9,'Can add group',3,'add_group'),(10,'Can change group',3,'change_group'),(11,'Can delete group',3,'delete_group'),(12,'Can view group',3,'view_group'),(13,'Can add content type',4,'add_contenttype'),(14,'Can change content type',4,'change_contenttype'),(15,'Can delete content type',4,'delete_contenttype'),(16,'Can view content type',4,'view_contenttype'),(17,'Can add session',5,'add_session'),(18,'Can change session',5,'change_session'),(19,'Can delete session',5,'delete_session'),(20,'Can view session',5,'view_session'),(21,'Can add topic',6,'add_topic'),(22,'Can change topic',6,'change_topic'),(23,'Can delete topic',6,'delete_topic'),(24,'Can view topic',6,'view_topic'),(25,'Can add question',7,'add_question'),(26,'Can change question',7,'change_question'),(27,'Can delete question',7,'delete_question'),(28,'Can view question',7,'view_question'),(29,'Set question as validated',7,'can_mark_update'),(30,'Can add answer',8,'add_answer'),(31,'Can change answer',8,'change_answer'),(32,'Can delete answer',8,'delete_answer'),(33,'Can view answer',8,'view_answer'),(34,'Can add course',9,'add_course'),(35,'Can change course',9,'change_course'),(36,'Can delete course',9,'delete_course'),(37,'Can view course',9,'view_course'),(38,'Can add institute',10,'add_institute'),(39,'Can change institute',10,'change_institute'),(40,'Can delete institute',10,'delete_institute'),(41,'Can view institute',10,'view_institute'),(42,'Can add discipline',11,'add_discipline'),(43,'Can change discipline',11,'change_discipline'),(44,'Can delete discipline',11,'delete_discipline'),(45,'Can view discipline',11,'view_discipline'),(46,'Can add classroom',12,'add_classroom'),(47,'Can change classroom',12,'change_classroom'),(48,'Can delete classroom',12,'delete_classroom'),(49,'Can view classroom',12,'view_classroom'),(50,'Can add exam',13,'add_exam'),(51,'Can change exam',13,'change_exam'),(52,'Can delete exam',13,'delete_exam'),(53,'Can view exam',13,'view_exam'),(54,'Can add student exam',14,'add_studentexam'),(55,'Can change student exam',14,'change_studentexam'),(56,'Can delete student exam',14,'delete_studentexam'),(57,'Can view student exam',14,'view_studentexam'),(58,'Can add student exam question',15,'add_studentexamquestion'),(59,'Can change student exam question',15,'change_studentexamquestion'),(60,'Can delete student exam question',15,'delete_studentexamquestion'),(61,'Can view student exam question',15,'view_studentexamquestion'),(62,'Can add student',16,'add_student'),(63,'Can change student',16,'change_student'),(64,'Can delete student',16,'delete_student'),(65,'Can view student',16,'view_student'),(66,'Can add user',17,'add_user'),(67,'Can change user',17,'change_user'),(68,'Can delete user',17,'delete_user'),(69,'Can view user',17,'view_user'),(70,'Can add classroom exam',18,'add_classroomexam'),(71,'Can change classroom exam',18,'change_classroomexam'),(72,'Can delete classroom exam',18,'delete_classroomexam'),(73,'Can view classroom exam',18,'view_classroomexam'),(74,'Can add variation exam',19,'add_variationexam'),(75,'Can change variation exam',19,'change_variationexam'),(76,'Can delete variation exam',19,'delete_variationexam'),(77,'Can view variation exam',19,'view_variationexam');
/*!40000 ALTER TABLE `auth_permission` ENABLE KEYS */;
UNLOCK TABLES;

--
-- Table structure for table `course_classroom`
--

DROP TABLE IF EXISTS `course_classroom`;
/*!40101 SET @saved_cs_client     = @@character_set_client */;
/*!50503 SET character_set_client = utf8mb4 */;
CREATE TABLE `course_classroom` (
  `id` int NOT NULL AUTO_INCREMENT,
  `classroom_code` varchar(20) NOT NULL,
  `classroom_room` varchar(20) NOT NULL,
  `classroom_days` varchar(20) NOT NULL,
  `classroom_type` varchar(6) NOT NULL,
  `discipline_id` int NOT NULL,
  PRIMARY KEY (`id`),
  KEY `course_classroom_discipline_id_6c1c6c02_fk_course_discipline_id` (`discipline_id`),
  CONSTRAINT `course_classroom_discipline_id_6c1c6c02_fk_course_discipline_id` FOREIGN KEY (`discipline_id`) REFERENCES `course_discipline` (`id`)
) ENGINE=InnoDB AUTO_INCREMENT=673 DEFAULT CHARSET=latin1;
/*!40101 SET character_set_client = @saved_cs_client */;

--
-- Dumping data for table `course_classroom`
--

LOCK TABLES `course_classroom` WRITE;
/*!40000 ALTER TABLE `course_classroom` DISABLE KEYS */;
INSERT INTO `course_classroom` VALUES (671,'fz-turmaTeste','virtual','2023.3','PClass',51),(672,'Turma Exemplo','virtual','2023.3','PClass',51);
/*!40000 ALTER TABLE `course_classroom` ENABLE KEYS */;
UNLOCK TABLES;

--
-- Table structure for table `course_classroom_classroom_profs`
--

DROP TABLE IF EXISTS `course_classroom_classroom_profs`;
/*!40101 SET @saved_cs_client     = @@character_set_client */;
/*!50503 SET character_set_client = utf8mb4 */;
CREATE TABLE `course_classroom_classroom_profs` (
  `id` int NOT NULL AUTO_INCREMENT,
  `classroom_id` int NOT NULL,
  `user_id` int NOT NULL,
  PRIMARY KEY (`id`),
  UNIQUE KEY `course_classroom_classro_classroom_id_user_id_da4a3ce2_uniq` (`classroom_id`,`user_id`),
  KEY `course_classroom_cla_user_id_3d589b69_fk_account_u` (`user_id`),
  CONSTRAINT `course_classroom_cla_classroom_id_f7438abe_fk_course_cl` FOREIGN KEY (`classroom_id`) REFERENCES `course_classroom` (`id`),
  CONSTRAINT `course_classroom_cla_user_id_3d589b69_fk_account_u` FOREIGN KEY (`user_id`) REFERENCES `account_user` (`id`)
) ENGINE=InnoDB AUTO_INCREMENT=7 DEFAULT CHARSET=latin1;
/*!40101 SET character_set_client = @saved_cs_client */;

--
-- Dumping data for table `course_classroom_classroom_profs`
--

LOCK TABLES `course_classroom_classroom_profs` WRITE;
/*!40000 ALTER TABLE `course_classroom_classroom_profs` DISABLE KEYS */;
INSERT INTO `course_classroom_classroom_profs` VALUES (5,671,1),(6,672,1);
/*!40000 ALTER TABLE `course_classroom_classroom_profs` ENABLE KEYS */;
UNLOCK TABLES;

--
-- Table structure for table `course_classroom_students`
--

DROP TABLE IF EXISTS `course_classroom_students`;
/*!40101 SET @saved_cs_client     = @@character_set_client */;
/*!50503 SET character_set_client = utf8mb4 */;
CREATE TABLE `course_classroom_students` (
  `id` int NOT NULL AUTO_INCREMENT,
  `classroom_id` int NOT NULL,
  `student_id` int NOT NULL,
  PRIMARY KEY (`id`),
  UNIQUE KEY `course_classroom_students_classroom_id_student_id_08ea9b73_uniq` (`classroom_id`,`student_id`),
  KEY `course_classroom_stu_student_id_4e5d6532_fk_student_s` (`student_id`),
  CONSTRAINT `course_classroom_stu_classroom_id_63b3b2e3_fk_course_cl` FOREIGN KEY (`classroom_id`) REFERENCES `course_classroom` (`id`),
  CONSTRAINT `course_classroom_stu_student_id_4e5d6532_fk_student_s` FOREIGN KEY (`student_id`) REFERENCES `student_student` (`id`)
) ENGINE=InnoDB AUTO_INCREMENT=9 DEFAULT CHARSET=latin1;
/*!40101 SET character_set_client = @saved_cs_client */;

--
-- Dumping data for table `course_classroom_students`
--

LOCK TABLES `course_classroom_students` WRITE;
/*!40000 ALTER TABLE `course_classroom_students` DISABLE KEYS */;
INSERT INTO `course_classroom_students` VALUES (6,671,28519),(7,672,28520),(8,672,28521);
/*!40000 ALTER TABLE `course_classroom_students` ENABLE KEYS */;
UNLOCK TABLES;

--
-- Table structure for table `course_course`
--

DROP TABLE IF EXISTS `course_course`;
/*!40101 SET @saved_cs_client     = @@character_set_client */;
/*!50503 SET character_set_client = utf8mb4 */;
CREATE TABLE `course_course` (
  `id` int NOT NULL AUTO_INCREMENT,
  `course_name` varchar(100) NOT NULL,
  `course_code` varchar(20) NOT NULL,
  PRIMARY KEY (`id`)
) ENGINE=InnoDB AUTO_INCREMENT=17 DEFAULT CHARSET=latin1;
/*!40101 SET character_set_client = @saved_cs_client */;

--
-- Dumping data for table `course_course`
--

LOCK TABLES `course_course` WRITE;
/*!40000 ALTER TABLE `course_course` DISABLE KEYS */;
INSERT INTO `course_course` VALUES (12,'Curso Exemplo','CE'),(13,'Engenharia da Computação','EC'),(14,'Bacharelado em Ciência da Computação','BCC'),(15,'Pós em Ciência da Computação','POSCOMP'),(16,'Bacharelado em Ciência e Tecnologia','BCT');
/*!40000 ALTER TABLE `course_course` ENABLE KEYS */;
UNLOCK TABLES;

--
-- Table structure for table `course_course_course_coords`
--

DROP TABLE IF EXISTS `course_course_course_coords`;
/*!40101 SET @saved_cs_client     = @@character_set_client */;
/*!50503 SET character_set_client = utf8mb4 */;
CREATE TABLE `course_course_course_coords` (
  `id` int NOT NULL AUTO_INCREMENT,
  `course_id` int NOT NULL,
  `user_id` int NOT NULL,
  PRIMARY KEY (`id`),
  UNIQUE KEY `course_course_course_coords_course_id_user_id_3c160231_uniq` (`course_id`,`user_id`),
  KEY `course_course_course_coords_user_id_53b67b4c_fk_account_user_id` (`user_id`),
  CONSTRAINT `course_course_course_coords_user_id_53b67b4c_fk_account_user_id` FOREIGN KEY (`user_id`) REFERENCES `account_user` (`id`),
  CONSTRAINT `course_course_course_course_id_27d06245_fk_course_co` FOREIGN KEY (`course_id`) REFERENCES `course_course` (`id`)
) ENGINE=InnoDB DEFAULT CHARSET=latin1;
/*!40101 SET character_set_client = @saved_cs_client */;

--
-- Dumping data for table `course_course_course_coords`
--

LOCK TABLES `course_course_course_coords` WRITE;
/*!40000 ALTER TABLE `course_course_course_coords` DISABLE KEYS */;
/*!40000 ALTER TABLE `course_course_course_coords` ENABLE KEYS */;
UNLOCK TABLES;

--
-- Table structure for table `course_course_course_profs`
--

DROP TABLE IF EXISTS `course_course_course_profs`;
/*!40101 SET @saved_cs_client     = @@character_set_client */;
/*!50503 SET character_set_client = utf8mb4 */;
CREATE TABLE `course_course_course_profs` (
  `id` int NOT NULL AUTO_INCREMENT,
  `course_id` int NOT NULL,
  `user_id` int NOT NULL,
  PRIMARY KEY (`id`),
  UNIQUE KEY `course_course_course_profs_course_id_user_id_ae382174_uniq` (`course_id`,`user_id`),
  KEY `course_course_course_profs_user_id_0905c765_fk_account_user_id` (`user_id`),
  CONSTRAINT `course_course_course_course_id_413fe2f9_fk_course_co` FOREIGN KEY (`course_id`) REFERENCES `course_course` (`id`),
  CONSTRAINT `course_course_course_profs_user_id_0905c765_fk_account_user_id` FOREIGN KEY (`user_id`) REFERENCES `account_user` (`id`)
) ENGINE=InnoDB DEFAULT CHARSET=latin1;
/*!40101 SET character_set_client = @saved_cs_client */;

--
-- Dumping data for table `course_course_course_profs`
--

LOCK TABLES `course_course_course_profs` WRITE;
/*!40000 ALTER TABLE `course_course_course_profs` DISABLE KEYS */;
/*!40000 ALTER TABLE `course_course_course_profs` ENABLE KEYS */;
UNLOCK TABLES;

--
-- Table structure for table `course_course_institutes`
--

DROP TABLE IF EXISTS `course_course_institutes`;
/*!40101 SET @saved_cs_client     = @@character_set_client */;
/*!50503 SET character_set_client = utf8mb4 */;
CREATE TABLE `course_course_institutes` (
  `id` int NOT NULL AUTO_INCREMENT,
  `course_id` int NOT NULL,
  `institute_id` int NOT NULL,
  PRIMARY KEY (`id`),
  UNIQUE KEY `course_course_institutes_course_id_institute_id_b41037d4_uniq` (`course_id`,`institute_id`),
  KEY `course_course_instit_institute_id_9fa7b95c_fk_course_in` (`institute_id`),
  CONSTRAINT `course_course_instit_institute_id_9fa7b95c_fk_course_in` FOREIGN KEY (`institute_id`) REFERENCES `course_institute` (`id`),
  CONSTRAINT `course_course_institutes_course_id_4721f5a6_fk_course_course_id` FOREIGN KEY (`course_id`) REFERENCES `course_course` (`id`)
) ENGINE=InnoDB AUTO_INCREMENT=18 DEFAULT CHARSET=latin1;
/*!40101 SET character_set_client = @saved_cs_client */;

--
-- Dumping data for table `course_course_institutes`
--

LOCK TABLES `course_course_institutes` WRITE;
/*!40000 ALTER TABLE `course_course_institutes` DISABLE KEYS */;
INSERT INTO `course_course_institutes` VALUES (12,12,3),(13,13,4),(14,13,5),(15,14,4),(16,15,4),(17,16,6);
/*!40000 ALTER TABLE `course_course_institutes` ENABLE KEYS */;
UNLOCK TABLES;

--
-- Table structure for table `course_discipline`
--

DROP TABLE IF EXISTS `course_discipline`;
/*!40101 SET @saved_cs_client     = @@character_set_client */;
/*!50503 SET character_set_client = utf8mb4 */;
CREATE TABLE `course_discipline` (
  `id` int NOT NULL AUTO_INCREMENT,
  `discipline_name` varchar(100) NOT NULL,
  `discipline_code` varchar(20) NOT NULL,
  `discipline_objective` longtext NOT NULL,
  PRIMARY KEY (`id`)
) ENGINE=InnoDB AUTO_INCREMENT=56 DEFAULT CHARSET=latin1;
/*!40101 SET character_set_client = @saved_cs_client */;

--
-- Dumping data for table `course_discipline`
--

LOCK TABLES `course_discipline` WRITE;
/*!40000 ALTER TABLE `course_discipline` DISABLE KEYS */;
INSERT INTO `course_discipline` VALUES (51,'Disciplina Exemplo','DE',''),(52,'Processamento Digital de Imagens','PDI',''),(53,'Programação Estruturada','PE',''),(54,'Processamento da Informação','PI','Ementa: Introdução a algoritmos. Variáveis e tipos de dados. Operadores aritméticos, lógicos e precedência. Métodos/Funções e parâmetros. Estruturas de seleção. Estruturas de repetição. Vetores. Matrizes. Entrada e saída de dados. Depuração. Melhores práticas de programação.'),(55,'Bases Computacionais da Ciência','BCC','');
/*!40000 ALTER TABLE `course_discipline` ENABLE KEYS */;
UNLOCK TABLES;

--
-- Table structure for table `course_discipline_courses`
--

DROP TABLE IF EXISTS `course_discipline_courses`;
/*!40101 SET @saved_cs_client     = @@character_set_client */;
/*!50503 SET character_set_client = utf8mb4 */;
CREATE TABLE `course_discipline_courses` (
  `id` int NOT NULL AUTO_INCREMENT,
  `discipline_id` int NOT NULL,
  `course_id` int NOT NULL,
  PRIMARY KEY (`id`),
  UNIQUE KEY `course_discipline_courses_discipline_id_course_id_ae298cd6_uniq` (`discipline_id`,`course_id`),
  KEY `course_discipline_courses_course_id_9b08f936_fk_course_course_id` (`course_id`),
  CONSTRAINT `course_discipline_co_discipline_id_58803173_fk_course_di` FOREIGN KEY (`discipline_id`) REFERENCES `course_discipline` (`id`),
  CONSTRAINT `course_discipline_courses_course_id_9b08f936_fk_course_course_id` FOREIGN KEY (`course_id`) REFERENCES `course_course` (`id`)
) ENGINE=InnoDB AUTO_INCREMENT=7 DEFAULT CHARSET=latin1;
/*!40101 SET character_set_client = @saved_cs_client */;

--
-- Dumping data for table `course_discipline_courses`
--

LOCK TABLES `course_discipline_courses` WRITE;
/*!40000 ALTER TABLE `course_discipline_courses` DISABLE KEYS */;
INSERT INTO `course_discipline_courses` VALUES (1,51,12),(2,52,14),(3,52,15),(4,53,14),(5,54,16),(6,55,16);
/*!40000 ALTER TABLE `course_discipline_courses` ENABLE KEYS */;
UNLOCK TABLES;

--
-- Table structure for table `course_discipline_discipline_coords`
--

DROP TABLE IF EXISTS `course_discipline_discipline_coords`;
/*!40101 SET @saved_cs_client     = @@character_set_client */;
/*!50503 SET character_set_client = utf8mb4 */;
CREATE TABLE `course_discipline_discipline_coords` (
  `id` int NOT NULL AUTO_INCREMENT,
  `discipline_id` int NOT NULL,
  `user_id` int NOT NULL,
  PRIMARY KEY (`id`),
  UNIQUE KEY `course_discipline_discip_discipline_id_user_id_b9c7dd19_uniq` (`discipline_id`,`user_id`),
  KEY `course_discipline_di_user_id_1b546641_fk_account_u` (`user_id`),
  CONSTRAINT `course_discipline_di_discipline_id_dffbcc8f_fk_course_di` FOREIGN KEY (`discipline_id`) REFERENCES `course_discipline` (`id`),
  CONSTRAINT `course_discipline_di_user_id_1b546641_fk_account_u` FOREIGN KEY (`user_id`) REFERENCES `account_user` (`id`)
) ENGINE=InnoDB AUTO_INCREMENT=11 DEFAULT CHARSET=latin1;
/*!40101 SET character_set_client = @saved_cs_client */;

--
-- Dumping data for table `course_discipline_discipline_coords`
--

LOCK TABLES `course_discipline_discipline_coords` WRITE;
/*!40000 ALTER TABLE `course_discipline_discipline_coords` DISABLE KEYS */;
INSERT INTO `course_discipline_discipline_coords` VALUES (1,51,1),(2,51,66),(3,52,1),(8,52,66),(9,53,1),(4,53,66),(10,54,1),(5,54,66),(6,55,1),(7,55,66);
/*!40000 ALTER TABLE `course_discipline_discipline_coords` ENABLE KEYS */;
UNLOCK TABLES;

--
-- Table structure for table `course_discipline_discipline_profs`
--

DROP TABLE IF EXISTS `course_discipline_discipline_profs`;
/*!40101 SET @saved_cs_client     = @@character_set_client */;
/*!50503 SET character_set_client = utf8mb4 */;
CREATE TABLE `course_discipline_discipline_profs` (
  `id` int NOT NULL AUTO_INCREMENT,
  `discipline_id` int NOT NULL,
  `user_id` int NOT NULL,
  PRIMARY KEY (`id`),
  UNIQUE KEY `course_discipline_discip_discipline_id_user_id_d73b9cdc_uniq` (`discipline_id`,`user_id`),
  KEY `course_discipline_di_user_id_af64824b_fk_account_u` (`user_id`),
  CONSTRAINT `course_discipline_di_discipline_id_8f7f8690_fk_course_di` FOREIGN KEY (`discipline_id`) REFERENCES `course_discipline` (`id`),
  CONSTRAINT `course_discipline_di_user_id_af64824b_fk_account_u` FOREIGN KEY (`user_id`) REFERENCES `account_user` (`id`)
) ENGINE=InnoDB AUTO_INCREMENT=13 DEFAULT CHARSET=latin1;
/*!40101 SET character_set_client = @saved_cs_client */;

--
-- Dumping data for table `course_discipline_discipline_profs`
--

LOCK TABLES `course_discipline_discipline_profs` WRITE;
/*!40000 ALTER TABLE `course_discipline_discipline_profs` DISABLE KEYS */;
INSERT INTO `course_discipline_discipline_profs` VALUES (2,51,1),(1,51,65),(3,51,66),(4,52,1),(12,52,66),(6,53,1),(5,53,65),(7,53,66),(9,54,1),(8,54,65),(11,55,1),(10,55,65);
/*!40000 ALTER TABLE `course_discipline_discipline_profs` ENABLE KEYS */;
UNLOCK TABLES;

--
-- Table structure for table `course_institute`
--

DROP TABLE IF EXISTS `course_institute`;
/*!40101 SET @saved_cs_client     = @@character_set_client */;
/*!50503 SET character_set_client = utf8mb4 */;
CREATE TABLE `course_institute` (
  `id` int NOT NULL AUTO_INCREMENT,
  `institute_name` varchar(50) NOT NULL,
  `institute_code` varchar(20) NOT NULL,
  `institute_logo` varchar(20) NOT NULL,
  `institute_url` varchar(20) NOT NULL,
  `institute_exams_generated` int NOT NULL,
  `institute_exams_corrected` int NOT NULL,
  `institute_questions_corrected` int NOT NULL,
  PRIMARY KEY (`id`)
) ENGINE=InnoDB AUTO_INCREMENT=7 DEFAULT CHARSET=latin1;
/*!40101 SET character_set_client = @saved_cs_client */;

--
-- Dumping data for table `course_institute`
--

LOCK TABLES `course_institute` WRITE;
/*!40000 ALTER TABLE `course_institute` DISABLE KEYS */;
INSERT INTO `course_institute` VALUES (3,'Instituto Exemplo','IE','ufabc','www.ufabc.edu.br',94,222,6261),(4,'Centro de Matemática, Computação e Cognição','CMCC','ufabc','cmcc.ufabc.edu.br',0,0,0),(5,'Centro de Engenharia, Modelagem e Ciências Sociais','CECS','ufabc','cecs.ufabc.edu.br',0,0,0),(6,'Universidade Federal do ABC','UFABC','ufabc','www.ufabc.edu.br',0,0,0);
/*!40000 ALTER TABLE `course_institute` ENABLE KEYS */;
UNLOCK TABLES;

--
-- Table structure for table `course_institute_institute_coords`
--

DROP TABLE IF EXISTS `course_institute_institute_coords`;
/*!40101 SET @saved_cs_client     = @@character_set_client */;
/*!50503 SET character_set_client = utf8mb4 */;
CREATE TABLE `course_institute_institute_coords` (
  `id` int NOT NULL AUTO_INCREMENT,
  `institute_id` int NOT NULL,
  `user_id` int NOT NULL,
  PRIMARY KEY (`id`),
  UNIQUE KEY `course_institute_institu_institute_id_user_id_0b9d4aa2_uniq` (`institute_id`,`user_id`),
  KEY `course_institute_ins_user_id_f3a649aa_fk_account_u` (`user_id`),
  CONSTRAINT `course_institute_ins_institute_id_c82b8224_fk_course_in` FOREIGN KEY (`institute_id`) REFERENCES `course_institute` (`id`),
  CONSTRAINT `course_institute_ins_user_id_f3a649aa_fk_account_u` FOREIGN KEY (`user_id`) REFERENCES `account_user` (`id`)
) ENGINE=InnoDB DEFAULT CHARSET=latin1;
/*!40101 SET character_set_client = @saved_cs_client */;

--
-- Dumping data for table `course_institute_institute_coords`
--

LOCK TABLES `course_institute_institute_coords` WRITE;
/*!40000 ALTER TABLE `course_institute_institute_coords` DISABLE KEYS */;
/*!40000 ALTER TABLE `course_institute_institute_coords` ENABLE KEYS */;
UNLOCK TABLES;

--
-- Table structure for table `course_institute_institute_profs`
--

DROP TABLE IF EXISTS `course_institute_institute_profs`;
/*!40101 SET @saved_cs_client     = @@character_set_client */;
/*!50503 SET character_set_client = utf8mb4 */;
CREATE TABLE `course_institute_institute_profs` (
  `id` int NOT NULL AUTO_INCREMENT,
  `institute_id` int NOT NULL,
  `user_id` int NOT NULL,
  PRIMARY KEY (`id`),
  UNIQUE KEY `course_institute_institu_institute_id_user_id_93b32325_uniq` (`institute_id`,`user_id`),
  KEY `course_institute_ins_user_id_f4e4ff24_fk_account_u` (`user_id`),
  CONSTRAINT `course_institute_ins_institute_id_b610787d_fk_course_in` FOREIGN KEY (`institute_id`) REFERENCES `course_institute` (`id`),
  CONSTRAINT `course_institute_ins_user_id_f4e4ff24_fk_account_u` FOREIGN KEY (`user_id`) REFERENCES `account_user` (`id`)
) ENGINE=InnoDB DEFAULT CHARSET=latin1;
/*!40101 SET character_set_client = @saved_cs_client */;

--
-- Dumping data for table `course_institute_institute_profs`
--

LOCK TABLES `course_institute_institute_profs` WRITE;
/*!40000 ALTER TABLE `course_institute_institute_profs` DISABLE KEYS */;
/*!40000 ALTER TABLE `course_institute_institute_profs` ENABLE KEYS */;
UNLOCK TABLES;

--
-- Table structure for table `django_admin_log`
--

DROP TABLE IF EXISTS `django_admin_log`;
/*!40101 SET @saved_cs_client     = @@character_set_client */;
/*!50503 SET character_set_client = utf8mb4 */;
CREATE TABLE `django_admin_log` (
  `id` int NOT NULL AUTO_INCREMENT,
  `action_time` datetime(6) NOT NULL,
  `object_id` longtext,
  `object_repr` varchar(200) NOT NULL,
  `action_flag` smallint unsigned NOT NULL,
  `change_message` longtext NOT NULL,
  `content_type_id` int DEFAULT NULL,
  `user_id` int NOT NULL,
  PRIMARY KEY (`id`),
  KEY `django_admin_log_content_type_id_c4bce8eb_fk_django_co` (`content_type_id`),
  KEY `django_admin_log_user_id_c564eba6_fk_account_user_id` (`user_id`),
  CONSTRAINT `django_admin_log_content_type_id_c4bce8eb_fk_django_co` FOREIGN KEY (`content_type_id`) REFERENCES `django_content_type` (`id`),
  CONSTRAINT `django_admin_log_user_id_c564eba6_fk_account_user_id` FOREIGN KEY (`user_id`) REFERENCES `account_user` (`id`)
) ENGINE=InnoDB AUTO_INCREMENT=1198 DEFAULT CHARSET=latin1;
/*!40101 SET character_set_client = @saved_cs_client */;

--
-- Dumping data for table `django_admin_log`
--

LOCK TABLES `django_admin_log` WRITE;
/*!40000 ALTER TABLE `django_admin_log` DISABLE KEYS */;
INSERT INTO `django_admin_log` VALUES (1,'2019-01-22 19:23:32.936912','1','coordenador',1,'[{\"added\": {}}]',3,1),(2,'2019-01-22 19:24:16.435423','1','coordenador',2,'[{\"changed\": {\"fields\": [\"permissions\"]}}]',3,1),(3,'2019-01-22 19:25:07.076121','2','professor',1,'[{\"added\": {}}]',3,1),(4,'2019-01-22 19:25:20.297401','2','rafaela.rocha@ufabc.edu.br',2,'[{\"changed\": {\"fields\": [\"groups\"]}}]',17,1),(5,'2019-01-22 19:25:32.975848','1','fzampirolli@ufabc.edu.br',2,'[{\"changed\": {\"fields\": [\"groups\"]}}]',17,1),(6,'2019-01-22 19:25:43.488692','2','rafaela.rocha@ufabc.edu.br',2,'[{\"changed\": {\"fields\": [\"groups\"]}}]',17,1),(7,'2019-01-22 19:28:34.037321','4','fzcoord@ufabc.edu.br',2,'[{\"changed\": {\"fields\": [\"groups\"]}}]',17,1),(8,'2019-01-24 13:02:05.530940','5','fzstudent@ufabc.edu.br',3,'',17,1),(9,'2019-01-24 13:02:05.560157','51','fzstudent1@ufabc.edu.br',3,'',17,1),(10,'2019-01-24 14:02:05.888518','2','rafaela.rocha@ufabc.edu.br',2,'[{\"changed\": {\"fields\": [\"groups\"]}}]',17,1),(11,'2019-01-24 18:25:59.327593','4','BCM0505 - 08h-SA-DA1,10h-SB-DA2 - teste1',3,'',13,1),(12,'2019-01-24 18:25:59.362338','5','BCM0505 - 08h-SA-DA1,10h-SB-DA2 - teste2',3,'',13,1),(13,'2019-01-24 18:25:59.446145','4','BCM0505 - 08h-SA-DA1,10h-SB-DA2 - teste1',3,'',13,1),(14,'2019-01-24 18:25:59.522979','5','BCM0505 - 08h-SA-DA1,10h-SB-DA2 - teste2',3,'',13,1),(15,'2019-01-24 19:12:40.362145','8','BCM0505 - 08h-SA-DA1,10h-SB-DA2 - Prova 1',3,'',13,1),(16,'2019-01-24 19:12:40.418037','8','BCM0505 - 08h-SA-DA1,10h-SB-DA2 - Prova 1',3,'',13,1),(17,'2019-01-30 17:20:49.242258','52','aline.lima@mj.gov.br',2,'[{\"changed\": {\"fields\": [\"groups\", \"last_login\"]}}]',17,1),(18,'2019-01-30 18:20:32.423858','52','aline.lima@mj.gov.br',2,'[{\"changed\": {\"fields\": [\"first_name\", \"last_name\"]}}]',17,1),(19,'2019-01-31 07:47:32.415595','52','aline.lima@mj.gov.br',2,'[{\"changed\": {\"fields\": [\"first_name\", \"last_name\"]}}]',17,1),(20,'2019-02-08 15:41:19.643541','9','BCM0505 - teste_teo - Prova 1',3,'',13,1),(21,'2019-02-15 09:29:46.933262','2','rafaela.rocha@ufabc.edu.br',2,'[{\"changed\": {\"fields\": [\"groups\"]}}]',17,1),(22,'2019-02-15 09:30:53.816549','52','aline.lima@mj.gov.br',2,'[{\"changed\": {\"fields\": [\"groups\"]}}]',17,1),(23,'2019-02-15 18:45:46.958843','56','sandra.trevisan@ufabc.edu.br',2,'[{\"changed\": {\"fields\": [\"last_name\", \"groups\"]}}]',17,1),(24,'2019-02-15 18:46:35.130867','55','steil@ufabc.edu.br',2,'[{\"changed\": {\"fields\": [\"last_name\", \"groups\"]}}]',17,1),(25,'2019-02-15 18:56:29.867630','56','sandra.trevisan@ufabc.edu.br',2,'[{\"changed\": {\"fields\": [\"groups\"]}}]',17,1),(26,'2019-02-15 19:48:47.789421','1','fzampirolli@ufabc.edu.br',2,'[{\"changed\": {\"fields\": [\"last_name\"]}}]',17,1),(27,'2019-02-15 20:08:36.803986','77','EP-sel - A101_0',3,'',12,1),(28,'2019-02-15 20:08:36.833140','78','EP-sel - A102_0',3,'',12,1),(29,'2019-02-15 20:08:36.907370','79','EP-sel - A103_0',3,'',12,1),(30,'2019-02-15 20:08:36.934386','80','EP-sel - A104_0',3,'',12,1),(31,'2019-02-15 20:08:36.959398','81','EP-sel - A105_0',3,'',12,1),(32,'2019-02-15 20:08:36.984403','82','EP-sel - A106_0',3,'',12,1),(33,'2019-02-15 20:08:37.009643','83','EP-sel - A107_0',3,'',12,1),(34,'2019-02-15 20:08:37.034791','84','EP-sel - A108_0',3,'',12,1),(35,'2019-02-15 20:08:37.059953','85','EP-sel - A109_0',3,'',12,1),(36,'2019-02-15 20:08:37.085045','86','EP-sel - A110_0',3,'',12,1),(37,'2019-02-15 20:08:37.110298','87','EP-sel - A113_0',3,'',12,1),(38,'2019-02-15 20:08:37.136677','88','EP-sel - A114_0',3,'',12,1),(39,'2019-02-15 20:08:37.170114','89','EP-sel - A211_0',3,'',12,1),(40,'2019-02-15 20:08:37.203358','90','EP-sel - A212_0',3,'',12,1),(41,'2019-02-15 20:08:37.237182','91','EP-sel - L407_2',3,'',12,1),(42,'2019-02-15 20:08:37.270679','76','EP-sel - S006_0',3,'',12,1),(43,'2019-02-15 20:10:06.938040','92','EP-sel - S204_0',3,'',12,1),(44,'2019-02-15 20:10:06.971833','93','EP-sel - S205_0',3,'',12,1),(45,'2019-02-15 20:10:07.005895','94','EP-sel - S206_0',3,'',12,1),(46,'2019-02-15 20:10:07.039355','95','EP-sel - S207_0',3,'',12,1),(47,'2019-02-15 20:10:07.072883','96','EP-sel - S208_0',3,'',12,1),(48,'2019-02-15 20:10:07.106354','97','EP-sel - S209_0',3,'',12,1),(49,'2019-02-15 20:10:07.205222','98','EP-sel - S210_0',3,'',12,1),(50,'2019-02-15 20:10:07.240315','99','EP-sel - S213_0',3,'',12,1),(51,'2019-02-15 20:10:07.273834','100','EP-sel - S214_0',3,'',12,1),(52,'2019-02-15 20:10:07.307455','101','EP-sel - S301_1',3,'',12,1),(53,'2019-02-15 20:10:07.332730','102','EP-sel - S301_2',3,'',12,1),(54,'2019-02-15 20:10:07.357921','103','EP-sel - S302_1',3,'',12,1),(55,'2019-02-15 20:10:07.383048','104','EP-sel - S302_2',3,'',12,1),(56,'2019-02-15 20:10:07.408181','105','EP-sel - S305_1',3,'',12,1),(57,'2019-02-15 20:10:07.433367','106','EP-sel - S305_2',3,'',12,1),(58,'2019-02-15 20:10:07.458545','107','EP-sel - S306_1',3,'',12,1),(59,'2019-02-15 20:10:07.483667','108','EP-sel - S307_1',3,'',12,1),(60,'2019-02-15 20:10:07.508831','109','EP-sel - S307_2',3,'',12,1),(61,'2019-02-15 20:10:07.534002','110','EP-sel - S308_1',3,'',12,1),(62,'2019-02-15 20:10:07.559525','111','EP-sel - S311_1',3,'',12,1),(63,'2019-02-15 20:10:07.584245','112','EP-sel - S311_2',3,'',12,1),(64,'2019-02-15 20:15:28.304630','56','sandra.trevisan@ufabc.edu.br',2,'[{\"changed\": {\"fields\": [\"groups\"]}}]',17,1),(65,'2019-02-15 20:16:00.801282','56','sandra.trevisan@ufabc.edu.br',2,'[{\"changed\": {\"fields\": [\"groups\"]}}]',17,1),(66,'2019-02-18 10:58:51.380289','56','sandra.trevisan@ufabc.edu.br',2,'[{\"changed\": {\"fields\": [\"groups\"]}}]',17,1),(67,'2019-02-18 10:59:16.292014','55','steil@ufabc.edu.br',2,'[{\"changed\": {\"fields\": [\"groups\"]}}]',17,1),(68,'2019-02-18 10:59:34.612433','1','fzampirolli@ufabc.edu.br',2,'[{\"changed\": {\"fields\": [\"last_name\"]}}]',17,1),(69,'2019-03-14 23:54:46.882266','57','',1,'[{\"added\": {}}]',17,1),(70,'2019-03-14 23:55:31.595784','57','luciana.milena@ufabc.edu.br',2,'[{\"changed\": {\"fields\": [\"first_name\", \"last_name\", \"email\", \"groups\"]}}]',17,1),(71,'2019-03-15 18:42:54.887408','58','ana.muta@ufabc.edu.br',2,'[{\"changed\": {\"fields\": [\"last_name\"]}}]',17,1),(72,'2019-03-15 19:02:05.860439','3','fzprof@ufabc.edu.br',2,'[{\"changed\": {\"fields\": [\"last_name\"]}}]',17,1),(73,'2019-03-15 20:44:40.419255','58','ana.muta@ufabc.edu.br',2,'[{\"changed\": {\"fields\": [\"groups\"]}}]',17,1),(74,'2019-03-15 21:20:22.208327','6905','Nathalia Florencio Peres-nathaliafperes@gmail.com',1,'[{\"added\": {}}]',16,1),(75,'2019-03-15 21:22:37.366841','155','CLIP - A-101-0',2,'[{\"changed\": {\"fields\": [\"students\"]}}]',12,1),(76,'2019-03-15 23:08:02.648837','163','MCTA033 - NA2',2,'[{\"changed\": {\"fields\": [\"classroom_profs\"]}}]',12,1),(77,'2019-04-08 13:18:01.049208','3','fzprof@ufabc.edu.br',2,'[{\"changed\": {\"fields\": [\"last_name\"]}}]',17,1),(78,'2019-05-21 10:06:11.081053','60','',1,'[{\"added\": {}}]',17,1),(79,'2019-05-21 10:06:33.798719','60','guiou@ufabc.edu.br',2,'[{\"changed\": {\"fields\": [\"first_name\", \"last_name\", \"email\", \"groups\"]}}]',17,1),(80,'2019-05-21 10:07:30.677483','61','',1,'[{\"added\": {}}]',17,1),(81,'2019-05-21 10:07:52.547935','61','ercilio.silva@ufabc.edu.br',2,'[{\"changed\": {\"fields\": [\"first_name\", \"last_name\", \"email\", \"groups\"]}}]',17,1),(82,'2019-05-21 10:08:42.624964','62','',1,'[{\"added\": {}}]',17,1),(83,'2019-05-21 10:08:55.897412','62','joao.moreira@ufabc.edu.br',2,'[{\"changed\": {\"fields\": [\"first_name\", \"last_name\", \"email\", \"groups\"]}}]',17,1),(84,'2019-05-21 10:09:41.490384','63','',1,'[{\"added\": {}}]',17,1),(85,'2019-05-21 10:09:57.324343','63','jorge.tomioka@ufabc.edu.br',2,'[{\"changed\": {\"fields\": [\"first_name\", \"last_name\", \"email\", \"groups\"]}}]',17,1),(86,'2019-05-21 10:40:11.681851','45','[BCM0505]<repeticao>',2,'[{\"changed\": {\"fields\": [\"discipline\"]}}]',6,1),(87,'2019-05-21 10:42:14.840986','45','[BCM0505]<repeticao>',3,'',6,1),(88,'2019-05-22 12:17:03.128571','20','BCM0505 - test-teo - Prova 1 teo3a08h',2,'[{\"changed\": {\"fields\": [\"classrooms\"]}}]',13,1),(89,'2019-05-22 12:19:02.357147','55','BCM0505 - test-lab - P2-B3B4-SB',2,'[{\"changed\": {\"fields\": [\"classrooms\"]}}]',13,1),(90,'2019-05-22 12:34:55.425091','11',' -  - Ciclo 45',3,'',13,1),(91,'2019-05-22 12:36:46.565051','35',' -  - Nivelamento',3,'',13,1),(92,'2019-05-22 12:43:11.370550','28','BCM0505 - 10-DA1-SA,10-DA1-SB,10-DA2-SA,10-DA2-SB,10-DA3-SA,10-DA3-SB,10-DA4-SA,10-DA4-SB,10-DA5-SA,10-DA6-SA,10-DA7-SA,10-DA8-SA,10-DA9-SA - Prova 1 lab10h',3,'',13,1),(93,'2019-05-22 12:43:11.418738','65','BCM0505 - 10-DA1-SA,10-DA1-SB,10-DA2-SA,10-DA2-SB,10-DA3-SA,10-DA3-SB,10-DA4-SA,10-DA4-SB,10-DA5-SA,10-DA6-SA,10-DA7-SA,10-DA8-SA,10-DA9-SA - Prova 2',3,'',13,1),(94,'2019-05-22 12:43:11.468597','28','BCM0505 - 10-DA1-SA,10-DA1-SB,10-DA2-SA,10-DA2-SB,10-DA3-SA,10-DA3-SB,10-DA4-SA,10-DA4-SB,10-DA5-SA,10-DA6-SA,10-DA7-SA,10-DA8-SA,10-DA9-SA - Prova 1 lab10h',3,'',13,1),(95,'2019-05-22 12:43:11.511198','65','BCM0505 - 10-DA1-SA,10-DA1-SB,10-DA2-SA,10-DA2-SB,10-DA3-SA,10-DA3-SB,10-DA4-SA,10-DA4-SB,10-DA5-SA,10-DA6-SA,10-DA7-SA,10-DA8-SA,10-DA9-SA - Prova 2',3,'',13,1),(96,'2019-05-22 12:43:11.551911','28','BCM0505 - 10-DA1-SA,10-DA1-SB,10-DA2-SA,10-DA2-SB,10-DA3-SA,10-DA3-SB,10-DA4-SA,10-DA4-SB,10-DA5-SA,10-DA6-SA,10-DA7-SA,10-DA8-SA,10-DA9-SA - Prova 1 lab10h',3,'',13,1),(97,'2019-05-22 12:43:11.593804','65','BCM0505 - 10-DA1-SA,10-DA1-SB,10-DA2-SA,10-DA2-SB,10-DA3-SA,10-DA3-SB,10-DA4-SA,10-DA4-SB,10-DA5-SA,10-DA6-SA,10-DA7-SA,10-DA8-SA,10-DA9-SA - Prova 2',3,'',13,1),(98,'2019-05-22 12:43:11.658753','28','BCM0505 - 10-DA1-SA,10-DA1-SB,10-DA2-SA,10-DA2-SB,10-DA3-SA,10-DA3-SB,10-DA4-SA,10-DA4-SB,10-DA5-SA,10-DA6-SA,10-DA7-SA,10-DA8-SA,10-DA9-SA - Prova 1 lab10h',3,'',13,1),(99,'2019-05-22 12:43:11.711856','65','BCM0505 - 10-DA1-SA,10-DA1-SB,10-DA2-SA,10-DA2-SB,10-DA3-SA,10-DA3-SB,10-DA4-SA,10-DA4-SB,10-DA5-SA,10-DA6-SA,10-DA7-SA,10-DA8-SA,10-DA9-SA - Prova 2',3,'',13,1),(100,'2019-05-22 12:43:11.752903','28','BCM0505 - 10-DA1-SA,10-DA1-SB,10-DA2-SA,10-DA2-SB,10-DA3-SA,10-DA3-SB,10-DA4-SA,10-DA4-SB,10-DA5-SA,10-DA6-SA,10-DA7-SA,10-DA8-SA,10-DA9-SA - Prova 1 lab10h',3,'',13,1),(101,'2019-05-22 12:43:11.795100','65','BCM0505 - 10-DA1-SA,10-DA1-SB,10-DA2-SA,10-DA2-SB,10-DA3-SA,10-DA3-SB,10-DA4-SA,10-DA4-SB,10-DA5-SA,10-DA6-SA,10-DA7-SA,10-DA8-SA,10-DA9-SA - Prova 2',3,'',13,1),(102,'2019-05-22 12:43:11.836464','28','BCM0505 - 10-DA1-SA,10-DA1-SB,10-DA2-SA,10-DA2-SB,10-DA3-SA,10-DA3-SB,10-DA4-SA,10-DA4-SB,10-DA5-SA,10-DA6-SA,10-DA7-SA,10-DA8-SA,10-DA9-SA - Prova 1 lab10h',3,'',13,1),(103,'2019-05-22 12:43:11.879955','65','BCM0505 - 10-DA1-SA,10-DA1-SB,10-DA2-SA,10-DA2-SB,10-DA3-SA,10-DA3-SB,10-DA4-SA,10-DA4-SB,10-DA5-SA,10-DA6-SA,10-DA7-SA,10-DA8-SA,10-DA9-SA - Prova 2',3,'',13,1),(104,'2019-05-22 12:43:11.921421','28','BCM0505 - 10-DA1-SA,10-DA1-SB,10-DA2-SA,10-DA2-SB,10-DA3-SA,10-DA3-SB,10-DA4-SA,10-DA4-SB,10-DA5-SA,10-DA6-SA,10-DA7-SA,10-DA8-SA,10-DA9-SA - Prova 1 lab10h',3,'',13,1),(105,'2019-05-22 12:43:11.962955','65','BCM0505 - 10-DA1-SA,10-DA1-SB,10-DA2-SA,10-DA2-SB,10-DA3-SA,10-DA3-SB,10-DA4-SA,10-DA4-SB,10-DA5-SA,10-DA6-SA,10-DA7-SA,10-DA8-SA,10-DA9-SA - Prova 2',3,'',13,1),(106,'2019-05-22 12:43:12.005240','28','BCM0505 - 10-DA1-SA,10-DA1-SB,10-DA2-SA,10-DA2-SB,10-DA3-SA,10-DA3-SB,10-DA4-SA,10-DA4-SB,10-DA5-SA,10-DA6-SA,10-DA7-SA,10-DA8-SA,10-DA9-SA - Prova 1 lab10h',3,'',13,1),(107,'2019-05-22 12:43:12.046910','65','BCM0505 - 10-DA1-SA,10-DA1-SB,10-DA2-SA,10-DA2-SB,10-DA3-SA,10-DA3-SB,10-DA4-SA,10-DA4-SB,10-DA5-SA,10-DA6-SA,10-DA7-SA,10-DA8-SA,10-DA9-SA - Prova 2',3,'',13,1),(108,'2019-05-22 12:43:12.089301','28','BCM0505 - 10-DA1-SA,10-DA1-SB,10-DA2-SA,10-DA2-SB,10-DA3-SA,10-DA3-SB,10-DA4-SA,10-DA4-SB,10-DA5-SA,10-DA6-SA,10-DA7-SA,10-DA8-SA,10-DA9-SA - Prova 1 lab10h',3,'',13,1),(109,'2019-05-22 12:43:12.131792','65','BCM0505 - 10-DA1-SA,10-DA1-SB,10-DA2-SA,10-DA2-SB,10-DA3-SA,10-DA3-SB,10-DA4-SA,10-DA4-SB,10-DA5-SA,10-DA6-SA,10-DA7-SA,10-DA8-SA,10-DA9-SA - Prova 2',3,'',13,1),(110,'2019-05-22 12:43:12.173089','28','BCM0505 - 10-DA1-SA,10-DA1-SB,10-DA2-SA,10-DA2-SB,10-DA3-SA,10-DA3-SB,10-DA4-SA,10-DA4-SB,10-DA5-SA,10-DA6-SA,10-DA7-SA,10-DA8-SA,10-DA9-SA - Prova 1 lab10h',3,'',13,1),(111,'2019-05-22 12:43:12.214520','65','BCM0505 - 10-DA1-SA,10-DA1-SB,10-DA2-SA,10-DA2-SB,10-DA3-SA,10-DA3-SB,10-DA4-SA,10-DA4-SB,10-DA5-SA,10-DA6-SA,10-DA7-SA,10-DA8-SA,10-DA9-SA - Prova 2',3,'',13,1),(112,'2019-05-22 12:43:12.256641','28','BCM0505 - 10-DA1-SA,10-DA1-SB,10-DA2-SA,10-DA2-SB,10-DA3-SA,10-DA3-SB,10-DA4-SA,10-DA4-SB,10-DA5-SA,10-DA6-SA,10-DA7-SA,10-DA8-SA,10-DA9-SA - Prova 1 lab10h',3,'',13,1),(113,'2019-05-22 12:43:12.298554','65','BCM0505 - 10-DA1-SA,10-DA1-SB,10-DA2-SA,10-DA2-SB,10-DA3-SA,10-DA3-SB,10-DA4-SA,10-DA4-SB,10-DA5-SA,10-DA6-SA,10-DA7-SA,10-DA8-SA,10-DA9-SA - Prova 2',3,'',13,1),(114,'2019-05-22 12:43:12.340281','28','BCM0505 - 10-DA1-SA,10-DA1-SB,10-DA2-SA,10-DA2-SB,10-DA3-SA,10-DA3-SB,10-DA4-SA,10-DA4-SB,10-DA5-SA,10-DA6-SA,10-DA7-SA,10-DA8-SA,10-DA9-SA - Prova 1 lab10h',3,'',13,1),(115,'2019-05-22 12:43:12.381534','65','BCM0505 - 10-DA1-SA,10-DA1-SB,10-DA2-SA,10-DA2-SB,10-DA3-SA,10-DA3-SB,10-DA4-SA,10-DA4-SB,10-DA5-SA,10-DA6-SA,10-DA7-SA,10-DA8-SA,10-DA9-SA - Prova 2',3,'',13,1),(116,'2019-05-22 12:43:12.423527','28','BCM0505 - 10-DA1-SA,10-DA1-SB,10-DA2-SA,10-DA2-SB,10-DA3-SA,10-DA3-SB,10-DA4-SA,10-DA4-SB,10-DA5-SA,10-DA6-SA,10-DA7-SA,10-DA8-SA,10-DA9-SA - Prova 1 lab10h',3,'',13,1),(117,'2019-05-22 12:43:12.465622','65','BCM0505 - 10-DA1-SA,10-DA1-SB,10-DA2-SA,10-DA2-SB,10-DA3-SA,10-DA3-SB,10-DA4-SA,10-DA4-SB,10-DA5-SA,10-DA6-SA,10-DA7-SA,10-DA8-SA,10-DA9-SA - Prova 2',3,'',13,1),(118,'2019-05-22 12:43:12.502693','29','BCM0505 - 19-NB1-SA,19-NB1-SB,19-NB2-SB,19-NB4-SA,19-NB5-SA,19-NB7-SA,19-NB8-SA,19-NB9-SA - Prova 1 lab19h',3,'',13,1),(119,'2019-05-22 12:43:12.545017','29','BCM0505 - 19-NB1-SA,19-NB1-SB,19-NB2-SB,19-NB4-SA,19-NB5-SA,19-NB7-SA,19-NB8-SA,19-NB9-SA - Prova 1 lab19h',3,'',13,1),(120,'2019-05-22 12:43:12.581387','22','BCM0505 - 19-NB12-SB,19-NB145-SA,19-NB789-SA - Prova 1 teo3a19h',3,'',13,1),(121,'2019-05-22 12:43:12.617103','22','BCM0505 - 19-NB12-SB,19-NB145-SA,19-NB789-SA - Prova 1 teo3a19h',3,'',13,1),(122,'2019-05-22 12:43:12.664531','29','BCM0505 - 19-NB1-SA,19-NB1-SB,19-NB2-SB,19-NB4-SA,19-NB5-SA,19-NB7-SA,19-NB8-SA,19-NB9-SA - Prova 1 lab19h',3,'',13,1),(123,'2019-05-22 12:43:12.703648','29','BCM0505 - 19-NB1-SA,19-NB1-SB,19-NB2-SB,19-NB4-SA,19-NB5-SA,19-NB7-SA,19-NB8-SA,19-NB9-SA - Prova 1 lab19h',3,'',13,1),(124,'2019-05-22 12:43:12.745340','29','BCM0505 - 19-NB1-SA,19-NB1-SB,19-NB2-SB,19-NB4-SA,19-NB5-SA,19-NB7-SA,19-NB8-SA,19-NB9-SA - Prova 1 lab19h',3,'',13,1),(125,'2019-05-22 12:43:12.787300','29','BCM0505 - 19-NB1-SA,19-NB1-SB,19-NB2-SB,19-NB4-SA,19-NB5-SA,19-NB7-SA,19-NB8-SA,19-NB9-SA - Prova 1 lab19h',3,'',13,1),(126,'2019-05-22 12:43:12.824384','22','BCM0505 - 19-NB12-SB,19-NB145-SA,19-NB789-SA - Prova 1 teo3a19h',3,'',13,1),(127,'2019-05-22 12:43:12.864908','29','BCM0505 - 19-NB1-SA,19-NB1-SB,19-NB2-SB,19-NB4-SA,19-NB5-SA,19-NB7-SA,19-NB8-SA,19-NB9-SA - Prova 1 lab19h',3,'',13,1),(128,'2019-05-22 12:43:12.904489','29','BCM0505 - 19-NB1-SA,19-NB1-SB,19-NB2-SB,19-NB4-SA,19-NB5-SA,19-NB7-SA,19-NB8-SA,19-NB9-SA - Prova 1 lab19h',3,'',13,1),(129,'2019-05-22 12:43:13.035817','30','BCM0505 - 21-NA1-SA,21-NA1-SB,21-NA2-SA,21-NA2-SB,21-NA3-SA,21-NA3-SB,21-NA4-SA,21-NA4-SB,21-NA5-SA,21-NA6-SA,21-NA7-SA,21-NA8-SA,21-NA9-SA - Prova 1 lab21h',3,'',13,1),(130,'2019-05-22 12:43:13.084158','30','BCM0505 - 21-NA1-SA,21-NA1-SB,21-NA2-SA,21-NA2-SB,21-NA3-SA,21-NA3-SB,21-NA4-SA,21-NA4-SB,21-NA5-SA,21-NA6-SA,21-NA7-SA,21-NA8-SA,21-NA9-SA - Prova 1 lab21h',3,'',13,1),(131,'2019-05-22 12:43:13.134671','30','BCM0505 - 21-NA1-SA,21-NA1-SB,21-NA2-SA,21-NA2-SB,21-NA3-SA,21-NA3-SB,21-NA4-SA,21-NA4-SB,21-NA5-SA,21-NA6-SA,21-NA7-SA,21-NA8-SA,21-NA9-SA - Prova 1 lab21h',3,'',13,1),(132,'2019-05-22 12:43:13.184835','30','BCM0505 - 21-NA1-SA,21-NA1-SB,21-NA2-SA,21-NA2-SB,21-NA3-SA,21-NA3-SB,21-NA4-SA,21-NA4-SB,21-NA5-SA,21-NA6-SA,21-NA7-SA,21-NA8-SA,21-NA9-SA - Prova 1 lab21h',3,'',13,1),(133,'2019-05-22 12:43:13.234396','30','BCM0505 - 21-NA1-SA,21-NA1-SB,21-NA2-SA,21-NA2-SB,21-NA3-SA,21-NA3-SB,21-NA4-SA,21-NA4-SB,21-NA5-SA,21-NA6-SA,21-NA7-SA,21-NA8-SA,21-NA9-SA - Prova 1 lab21h',3,'',13,1),(134,'2019-05-22 12:43:13.284270','30','BCM0505 - 21-NA1-SA,21-NA1-SB,21-NA2-SA,21-NA2-SB,21-NA3-SA,21-NA3-SB,21-NA4-SA,21-NA4-SB,21-NA5-SA,21-NA6-SA,21-NA7-SA,21-NA8-SA,21-NA9-SA - Prova 1 lab21h',3,'',13,1),(135,'2019-05-22 12:43:13.334680','30','BCM0505 - 21-NA1-SA,21-NA1-SB,21-NA2-SA,21-NA2-SB,21-NA3-SA,21-NA3-SB,21-NA4-SA,21-NA4-SB,21-NA5-SA,21-NA6-SA,21-NA7-SA,21-NA8-SA,21-NA9-SA - Prova 1 lab21h',3,'',13,1),(136,'2019-05-22 12:43:13.384620','30','BCM0505 - 21-NA1-SA,21-NA1-SB,21-NA2-SA,21-NA2-SB,21-NA3-SA,21-NA3-SB,21-NA4-SA,21-NA4-SB,21-NA5-SA,21-NA6-SA,21-NA7-SA,21-NA8-SA,21-NA9-SA - Prova 1 lab21h',3,'',13,1),(137,'2019-05-22 12:43:13.435239','30','BCM0505 - 21-NA1-SA,21-NA1-SB,21-NA2-SA,21-NA2-SB,21-NA3-SA,21-NA3-SB,21-NA4-SA,21-NA4-SB,21-NA5-SA,21-NA6-SA,21-NA7-SA,21-NA8-SA,21-NA9-SA - Prova 1 lab21h',3,'',13,1),(138,'2019-05-22 12:43:13.485211','30','BCM0505 - 21-NA1-SA,21-NA1-SB,21-NA2-SA,21-NA2-SB,21-NA3-SA,21-NA3-SB,21-NA4-SA,21-NA4-SB,21-NA5-SA,21-NA6-SA,21-NA7-SA,21-NA8-SA,21-NA9-SA - Prova 1 lab21h',3,'',13,1),(139,'2019-05-22 12:43:13.538301','30','BCM0505 - 21-NA1-SA,21-NA1-SB,21-NA2-SA,21-NA2-SB,21-NA3-SA,21-NA3-SB,21-NA4-SA,21-NA4-SB,21-NA5-SA,21-NA6-SA,21-NA7-SA,21-NA8-SA,21-NA9-SA - Prova 1 lab21h',3,'',13,1),(140,'2019-05-22 12:43:13.577346','30','BCM0505 - 21-NA1-SA,21-NA1-SB,21-NA2-SA,21-NA2-SB,21-NA3-SA,21-NA3-SB,21-NA4-SA,21-NA4-SB,21-NA5-SA,21-NA6-SA,21-NA7-SA,21-NA8-SA,21-NA9-SA - Prova 1 lab21h',3,'',13,1),(141,'2019-05-22 12:43:13.627637','30','BCM0505 - 21-NA1-SA,21-NA1-SB,21-NA2-SA,21-NA2-SB,21-NA3-SA,21-NA3-SB,21-NA4-SA,21-NA4-SB,21-NA5-SA,21-NA6-SA,21-NA7-SA,21-NA8-SA,21-NA9-SA - Prova 1 lab21h',3,'',13,1),(142,'2019-05-22 19:06:27.652279','53','BCM0505 - 08-DB1-SA',3,'',12,1),(143,'2019-05-22 19:06:27.682203','54','BCM0505 - 08-DB1-SB',3,'',12,1),(144,'2019-05-22 19:06:27.707490','20','BCM0505 - 08-DB12-SB',3,'',12,1),(145,'2019-05-22 19:06:27.732893','19','BCM0505 - 08-DB123-SA',3,'',12,1),(146,'2019-05-22 19:06:27.757914','57','BCM0505 - 08-DB2-SA',3,'',12,1),(147,'2019-05-22 19:06:27.783016','58','BCM0505 - 08-DB2-SB',3,'',12,1),(148,'2019-05-22 19:06:27.816616','60','BCM0505 - 08-DB3-SA',3,'',12,1),(149,'2019-05-22 19:06:27.850182','61','BCM0505 - 08-DB3-SB',3,'',12,1),(150,'2019-05-22 19:06:27.883671','185','BCM0505 - 08-DB34-SB',3,'',12,1),(151,'2019-05-22 19:06:27.917255','62','BCM0505 - 08-DB4-SA',3,'',12,1),(152,'2019-05-22 19:06:27.950728','63','BCM0505 - 08-DB4-SB',3,'',12,1),(153,'2019-05-22 19:06:27.984130','24','BCM0505 - 08-DB458-SA',3,'',12,1),(154,'2019-05-22 19:06:28.017581','65','BCM0505 - 08-DB5-SA',3,'',12,1),(155,'2019-05-22 19:06:28.051096','68','BCM0505 - 08-DB8-SA',3,'',12,1),(156,'2019-05-22 19:06:28.084646','27','BCM0505 - 10-DA1-SA',3,'',12,1),(157,'2019-05-22 19:06:28.118057','28','BCM0505 - 10-DA1-SB',3,'',12,1),(158,'2019-05-22 19:06:28.151581','10','BCM0505 - 10-DA12-SB',3,'',12,1),(159,'2019-05-22 19:06:28.233317','9','BCM0505 - 10-DA123-SA',3,'',12,1),(160,'2019-05-22 19:06:28.269066','31','BCM0505 - 10-DA2-SA',3,'',12,1),(161,'2019-05-22 19:06:28.302614','32','BCM0505 - 10-DA2-SB',3,'',12,1),(162,'2019-05-22 19:06:28.335932','35','BCM0505 - 10-DA3-SA',3,'',12,1),(163,'2019-05-22 19:06:28.369317','36','BCM0505 - 10-DA3-SB',3,'',12,1),(164,'2019-05-22 19:06:28.403773','13','BCM0505 - 10-DA34-SB',3,'',12,1),(165,'2019-05-22 19:06:28.436706','39','BCM0505 - 10-DA4-SA',3,'',12,1),(166,'2019-05-22 19:06:28.469766','40','BCM0505 - 10-DA4-SB',3,'',12,1),(167,'2019-05-22 19:06:28.503210','15','BCM0505 - 10-DA456-SA',3,'',12,1),(168,'2019-05-22 19:06:28.536679','43','BCM0505 - 10-DA5-SA',3,'',12,1),(169,'2019-05-22 19:06:28.570198','45','BCM0505 - 10-DA6-SA',3,'',12,1),(170,'2019-05-22 19:06:28.603672','47','BCM0505 - 10-DA7-SA',3,'',12,1),(171,'2019-05-22 19:06:28.637215','17','BCM0505 - 10-DA789-SA',3,'',12,1),(172,'2019-05-22 19:06:28.670678','49','BCM0505 - 10-DA8-SA',3,'',12,1),(173,'2019-05-22 19:06:28.704191','51','BCM0505 - 10-DA9-SA',3,'',12,1),(174,'2019-05-22 19:06:28.737741','55','BCM0505 - 19-NB1-SA',3,'',12,1),(175,'2019-05-22 19:06:28.771127','56','BCM0505 - 19-NB1-SB',3,'',12,1),(176,'2019-05-22 19:06:28.805705','22','BCM0505 - 19-NB12-SB',3,'',12,1),(177,'2019-05-22 19:06:28.839333','21','BCM0505 - 19-NB145-SA',3,'',12,1),(178,'2019-05-22 19:06:28.872837','59','BCM0505 - 19-NB2-SB',3,'',12,1),(179,'2019-05-22 19:06:28.906316','64','BCM0505 - 19-NB4-SA',3,'',12,1),(180,'2019-05-22 19:06:28.931479','66','BCM0505 - 19-NB5-SA',3,'',12,1),(181,'2019-05-22 19:06:28.956523','67','BCM0505 - 19-NB7-SA',3,'',12,1),(182,'2019-05-22 19:06:28.981806','25','BCM0505 - 19-NB789-SA',3,'',12,1),(183,'2019-05-22 19:06:29.006957','69','BCM0505 - 19-NB8-SA',3,'',12,1),(184,'2019-05-22 19:06:29.032087','70','BCM0505 - 19-NB9-SA',3,'',12,1),(185,'2019-05-22 19:06:29.057196','29','BCM0505 - 21-NA1-SA',3,'',12,1),(186,'2019-05-22 19:06:29.082382','30','BCM0505 - 21-NA1-SB',3,'',12,1),(187,'2019-05-22 19:06:29.107553','12','BCM0505 - 21-NA12-SB',3,'',12,1),(188,'2019-05-22 19:06:29.132721','11','BCM0505 - 21-NA123-SA',3,'',12,1),(189,'2019-05-22 19:06:29.157831','33','BCM0505 - 21-NA2-SA',3,'',12,1),(190,'2019-05-22 19:06:29.182809','34','BCM0505 - 21-NA2-SB',3,'',12,1),(191,'2019-05-22 19:06:29.208073','37','BCM0505 - 21-NA3-SA',3,'',12,1),(192,'2019-05-22 19:06:29.233242','38','BCM0505 - 21-NA3-SB',3,'',12,1),(193,'2019-05-22 19:06:29.292202','14','BCM0505 - 21-NA34-SB',3,'',12,1),(194,'2019-05-22 19:06:29.325706','41','BCM0505 - 21-NA4-SA',3,'',12,1),(195,'2019-05-22 19:06:29.359117','42','BCM0505 - 21-NA4-SB',3,'',12,1),(196,'2019-05-22 19:06:29.392705','18','BCM0505 - 21-NA789-SA',3,'',12,1),(197,'2019-05-22 19:06:29.426830','50','BCM0505 - 21-NA8-SA',3,'',12,1),(198,'2019-05-22 19:06:29.459730','52','BCM0505 - 21-NA9-SA',3,'',12,1),(199,'2019-05-22 19:06:29.493234','26','BCM0505 - DEaD-SA-SB',3,'',12,1),(200,'2019-05-22 19:06:29.526703','165','BCM0505 - NA2BCM0505',3,'',12,1),(201,'2019-05-22 19:06:29.560104','187','BCM0505 - NA4BCM0505-15SA',3,'',12,1),(202,'2019-05-22 19:06:29.593585','176','BCM0505 - PI-EaD-SA',3,'',12,1),(203,'2019-05-22 19:06:29.627085','71','BCM0505 - PI-EaD-SA-212',3,'',12,1),(204,'2019-05-22 19:06:29.660490','151','BCM0505 - PI-EaD-SA-213',3,'',12,1),(205,'2019-05-22 19:06:29.694107','179','BCM0505 - PI-EaD-SA-L404',3,'',12,1),(206,'2019-05-22 19:06:29.727538','180','BCM0505 - PI-EaD-SA-L407',3,'',12,1),(207,'2019-05-22 19:06:29.761155','181','BCM0505 - PI-EaD-SA-L409',3,'',12,1),(208,'2019-05-22 19:06:29.794511','72','BCM0505 - PI-EaD-SB',3,'',12,1),(209,'2019-05-22 19:06:29.828075','182','BCM0505 - PI-EaD-SB-A1L102',3,'',12,1),(210,'2019-05-22 19:08:15.100044','68',' -  - BCM0505-10-NA3-SB',3,'',13,1),(211,'2019-05-22 19:08:15.127453','69',' -  - BCM0505-21-NA3-SB',3,'',13,1),(212,'2019-05-22 19:08:15.152982','67',' -  - BCM0505-DB4SB-Pratic',3,'',13,1),(213,'2019-05-22 19:08:15.178902','42',' -  - P1-DA1-SB',3,'',13,1),(214,'2019-05-22 19:08:15.212478','39',' -  - P1-DB1-SB',3,'',13,1),(215,'2019-05-22 19:08:15.246071','44',' -  - P1-NA1-SB',3,'',13,1),(216,'2019-05-22 19:08:15.279530','43',' -  - P1-NB1-SB',3,'',13,1),(217,'2019-05-22 19:08:15.313015','60',' -  - P2-DA1-SB',3,'',13,1),(218,'2019-05-22 19:08:15.346213','62',' -  - P2-DB1-SB',3,'',13,1),(219,'2019-05-22 19:08:15.377782','63',' -  - P2-NA1-SB',3,'',13,1),(220,'2019-05-22 19:08:15.402867','61',' -  - P2-NB1-SB',3,'',13,1),(221,'2019-05-22 19:08:15.428010','47',' -  - Prova 1',3,'',13,1),(222,'2019-05-22 19:08:15.453180','46',' -  - Prova 1',3,'',13,1),(223,'2019-05-22 19:08:15.478275','27',' -  - Prova 1 lab08h',3,'',13,1),(224,'2019-05-22 19:08:15.503467','21',' -  - Prova 1 teo3a10h',3,'',13,1),(225,'2019-05-22 19:08:15.528649','19',' -  - Prova 1 teo3a21hquiz',3,'',13,1),(226,'2019-05-22 19:08:15.553754','13',' -  - Prova 1 teo4a17h',3,'',13,1),(227,'2019-05-22 19:08:15.578899','32',' -  - Prova 1 teoSA17h',3,'',13,1),(228,'2019-05-22 19:08:15.604060','58',' -  - Prova 2',3,'',13,1),(229,'2019-05-22 19:08:15.637541','54',' -  - Prova 2',3,'',13,1),(230,'2019-05-22 19:08:15.662736','53',' -  - Prova 2',3,'',13,1),(231,'2019-05-22 19:08:15.696238','51',' -  - Prova 2',3,'',13,1),(232,'2019-05-22 19:08:15.730932','56',' -  - Prova 2 lab19h',3,'',13,1),(233,'2019-05-22 19:08:15.764444','57',' -  - Prova 2 lab21h',3,'',13,1),(234,'2019-05-22 19:08:15.797890','66',' -  - REC-PI-2019',3,'',13,1),(235,'2019-05-26 10:23:43.890253','65',' -  - teste2',3,'',13,1),(236,'2019-05-31 22:11:36.884097','18',' -  - Simulado 2a',3,'',13,1),(237,'2019-06-01 12:51:09.381924','52','aline.lima@mj.gov.br',2,'[{\"changed\": {\"fields\": [\"last_name\"]}}]',17,1),(238,'2019-06-01 12:51:35.156476','58','ana.muta@ufabc.edu.br',2,'[{\"changed\": {\"fields\": [\"last_name\"]}}]',17,1),(239,'2019-06-01 12:52:00.549952','57','luciana.milena@ufabc.edu.br',2,'[{\"changed\": {\"fields\": [\"last_name\"]}}]',17,1),(240,'2019-06-01 12:52:14.690788','56','sandra.trevisan@ufabc.edu.br',2,'[{\"changed\": {\"fields\": [\"last_name\"]}}]',17,1),(241,'2019-06-01 12:52:30.878745','55','steil@ufabc.edu.br',2,'[{\"changed\": {\"fields\": [\"last_name\"]}}]',17,1),(242,'2019-06-01 17:37:21.270013','64','leandro.teodoro@ufabc.edu.br',2,'[{\"changed\": {\"fields\": [\"groups\"]}}]',17,1),(243,'2019-06-08 12:20:09.750787','4','fzcoord@ufabc.edu.br',2,'[{\"changed\": {\"fields\": [\"groups\"]}}]',17,1),(244,'2019-06-08 15:21:45.900938','5','[BCM0505]<matriz>',2,'[{\"changed\": {\"fields\": [\"discipline\"]}}]',6,1),(245,'2019-06-10 11:18:17.272940','1','fzampirolli@ufabc.edu.br',2,'[{\"changed\": {\"fields\": [\"groups\"]}}]',17,1),(246,'2019-06-27 21:34:54.271540','65','fz1@ufabc.edu.br',3,'',17,1),(247,'2019-07-12 15:01:38.113174','77','EE - DAESTO013-17SA - P1',3,'',13,1),(248,'2019-07-19 19:35:40.811259','2','professor',2,'[{\"changed\": {\"fields\": [\"permissions\"]}}]',3,1),(249,'2019-07-19 19:54:29.008045','10','gabriel.santiago@ufabc.edu.br',3,'',17,1),(250,'2019-07-19 19:55:20.055646','45','ronaldo.prati@ufabc.edu.br',3,'',17,1),(251,'2019-07-19 19:58:28.893230','8','aline.panazio@ufabc.edu.br',3,'',17,1),(252,'2019-07-19 19:58:28.923986','9','ana.simoes@ufabc.edu.br',3,'',17,1),(253,'2019-07-19 19:58:28.957460','11','aritanan.gruber@ufabc.edu.br',3,'',17,1),(254,'2019-07-19 19:58:28.990949','15','c.sato@ufabc.edu.br',3,'',17,1),(255,'2019-07-19 19:58:29.024415','12','carla.negri@ufabc.edu.br',3,'',17,1),(256,'2019-07-19 19:58:29.057899','13','carlos.ssantos@ufabc.edu.br',3,'',17,1),(257,'2019-07-19 19:58:29.091428','18','daniel.martin@ufabc.edu.br',3,'',17,1),(258,'2019-07-19 19:58:29.124897','24','francisco.massetto@ufabc.edu.br',3,'',17,1),(259,'2019-07-19 19:58:29.158372','37','graca.marietto@ufabc.edu.br',3,'',17,1),(260,'2019-07-19 19:58:29.191891','27','itana.stiubiener@ufabc.edu.br',3,'',17,1),(261,'2019-07-19 19:58:29.226606','30','joao.gois@ufabc.edu.br',3,'',17,1),(262,'2019-07-19 19:58:29.251755','28','joao.kleinschmidt@ufabc.edu.br',3,'',17,1),(263,'2019-07-19 19:58:29.276894','32','juliana.braga@ufabc.edu.br',3,'',17,1),(264,'2019-07-19 19:58:29.302001','26','manic.gordana@ufabc.edu.br',3,'',17,1),(265,'2019-07-19 19:58:29.327188','43','paulo.joia@ufabc.edu.br',3,'',17,1),(266,'2019-07-19 19:58:29.352319','19','santana.martins@ufabc.edu.br',3,'',17,1),(267,'2019-07-19 19:58:29.377456','46','saul.leite@ufabc.edu.br',3,'',17,1),(268,'2019-07-19 19:58:29.402610','47','thiago.covoes@ufabc.edu.br',3,'',17,1),(269,'2019-07-19 19:58:29.427723','50','wagner.tanaka@ufabc.edu.br',3,'',17,1),(270,'2019-07-19 19:59:43.589006','16','cristiane.salum@ufabc.edu.br',3,'',17,1),(271,'2019-07-19 19:59:43.623621','21','elizabeth.teodorov@ufabc.edu.br',3,'',17,1),(272,'2019-07-19 19:59:43.657088','38','mario.gazziro@ufabc.edu.br',3,'',17,1),(273,'2019-07-19 19:59:43.690591','44','ricardo.suyama@ufabc.edu.br',3,'',17,1),(274,'2019-07-19 20:00:18.416246','35','magda.miyashiro@ufabc.edu.br',3,'',17,1),(275,'2019-07-19 20:00:18.448048','29','marcelo.josko@ufabc.edu.br',3,'',17,1),(276,'2019-07-19 20:00:18.481526','40','ribeiro.pinheiro@ufabc.edu.br',3,'',17,1),(277,'2019-07-30 19:09:58.300978','79',' -  - Prova 1 SL108',3,'',13,1),(278,'2019-07-30 19:09:58.335992','80',' -  - Prova 1 SL212',3,'',13,1),(279,'2019-07-30 19:45:59.799132','7223','-',3,'',16,1),(280,'2019-07-30 19:48:17.157291','12682','11122215-Leandro Teodoro-teoolt.bio@gmail.com',2,'[{\"changed\": {\"fields\": [\"student_ID\", \"student_email\"]}}]',16,1),(281,'2019-07-30 19:48:25.564468','12681','31201910037-Artur Teles Barbosa-arturtelesbarbosa@gmail.com',2,'[{\"changed\": {\"fields\": [\"student_ID\", \"student_email\"]}}]',16,1),(282,'2019-07-30 19:57:08.316176','13642','111; nome 111; ufabc.tomioka@gmail.com',2,'[{\"changed\": {\"fields\": [\"student_name\", \"student_ID\"]}}]',16,1),(283,'2019-07-30 19:57:20.325771','13643','222; nome 222; ufabc.tomioka@gmail.com',2,'[{\"changed\": {\"fields\": [\"student_name\", \"student_ID\"]}}]',16,1),(284,'2019-07-30 19:59:29.820344','13642','111; 111 nome; ufabc.tomioka@gmail.com',2,'[{\"changed\": {\"fields\": [\"student_name\"]}}]',16,1),(285,'2019-07-30 19:59:48.143850','13644','111; 111 nome; ufabc.tomioka@gmail.com',2,'[{\"changed\": {\"fields\": [\"student_name\"]}}]',16,1),(286,'2019-07-30 20:00:17.180130','13643','222; 222 nome; ufabc.tomioka@gmail.com',2,'[{\"changed\": {\"fields\": [\"student_name\"]}}]',16,1),(287,'2019-07-30 20:00:25.017534','13645','222; 222 nome; ufabc.tomioka@gmail.com',2,'[{\"changed\": {\"fields\": [\"student_name\"]}}]',16,1),(288,'2019-07-30 20:00:34.679186','13645','222; 222 nome; ufabc.tomioka@gmail.com',2,'[]',16,1),(289,'2019-07-30 20:01:23.332128','13642','111; 111 nome; ufabc.tomioka@gmail.com',3,'',16,1),(290,'2019-07-30 20:01:23.356365','13643','222; 222 nome; ufabc.tomioka@gmail.com',3,'',16,1),(291,'2019-07-30 20:02:06.322293','13644','01; 01 nome; ufabc.tomioka@gmail.com',2,'[{\"changed\": {\"fields\": [\"student_name\", \"student_ID\"]}}]',16,1),(292,'2019-07-30 20:02:15.206635','13645','02; 02 nome; ufabc.tomioka@gmail.com',2,'[{\"changed\": {\"fields\": [\"student_name\", \"student_ID\"]}}]',16,1),(293,'2019-08-01 11:17:30.835134','1','ClassroomExam object (1)',1,'[{\"added\": {}}]',18,1),(294,'2019-08-02 22:39:33.118452','64','[BIJ0207]<SistemasEnergia>',2,'[{\"changed\": {\"fields\": [\"topic_text\"]}}]',6,1),(295,'2019-08-16 20:03:04.869184','17',' -  - EP2019 - Sim 1',3,'',13,1),(296,'2019-08-16 20:03:04.906468','71',' -  - Simulado 1 teste2',3,'',13,1),(297,'2019-08-16 20:03:04.940817','50',' -  - test',3,'',13,1),(298,'2019-08-16 20:03:04.974817','75',' -  - test-coord',3,'',13,1),(299,'2019-08-16 20:03:05.008217','72',' -  - test2',3,'',13,1),(300,'2019-08-16 20:03:05.041651','83',' -  - teste4',3,'',13,1),(301,'2019-09-02 15:23:07.181675','4','fzcoord@ufabc.edu.br',3,'',17,1),(302,'2019-09-02 15:23:07.183747','3','fzprof@ufabc.edu.br',3,'',17,1),(303,'2019-09-02 20:49:29.124744','66','fzcoord@ufabc.edu.br',2,'[{\"changed\": {\"fields\": [\"groups\"]}}]',17,1),(304,'2019-09-02 20:49:38.734116','65','fzprof@ufabc.edu.br',2,'[{\"changed\": {\"fields\": [\"groups\"]}}]',17,1),(305,'2019-09-10 16:57:09.324219','60','guiou.kobayashi@ufabc.edu.br',2,'[{\"changed\": {\"fields\": [\"email\"]}}]',17,1),(306,'2019-10-08 12:07:17.669713','67','g.aldeia@ufabc.edu.br',2,'[{\"changed\": {\"fields\": [\"groups\"]}}]',17,1),(307,'2019-10-09 20:22:16.478531','68','renato.coutinho@ufabc.edu.br',2,'[{\"changed\": {\"fields\": [\"groups\"]}}]',17,1),(308,'2019-10-19 14:41:43.753581','23','Prova 1 teo3a21h',3,'',13,1),(309,'2019-10-19 14:52:45.367296','97','P1-2019.Q3',2,'[{\"changed\": {\"fields\": [\"classrooms\"]}}]',13,1),(310,'2019-10-19 14:54:46.936902','76','P1 EaD - 19.2',2,'[{\"changed\": {\"fields\": [\"classrooms\"]}}]',13,1),(311,'2019-10-19 14:58:43.000524','49','Prova 2 teo3a21hquiz',2,'[{\"changed\": {\"fields\": [\"classrooms\"]}}]',13,1),(312,'2019-10-22 18:01:25.674736','203','EE - teste2alunos',2,'[{\"changed\": {\"fields\": [\"students\"]}}]',12,1),(313,'2019-10-23 20:45:17.758291','100','P1',3,'',13,1),(314,'2019-10-23 20:45:17.792677','99','P1',3,'',13,1),(315,'2019-10-31 13:56:05.038064','38','Prova 1',3,'',13,1),(316,'2019-11-22 12:04:58.960241','72','wcosta@ufabc.edu.br',2,'[{\"changed\": {\"fields\": [\"groups\"]}}]',17,1),(317,'2019-11-22 12:08:49.322189','73','aldeia@ufabc.edu.br',3,'',17,1),(318,'2020-02-14 12:27:08.950536','114','EP-sel - A101-0',3,'',12,1),(319,'2020-02-14 12:27:08.961045','115','EP-sel - A102-0',3,'',12,1),(320,'2020-02-14 12:27:08.969801','116','EP-sel - A103-0',3,'',12,1),(321,'2020-02-14 12:27:08.978110','117','EP-sel - A104-0',3,'',12,1),(322,'2020-02-14 12:27:08.985993','118','EP-sel - A105-0',3,'',12,1),(323,'2020-02-14 12:27:08.993717','119','EP-sel - A106-0',3,'',12,1),(324,'2020-02-14 12:27:09.001642','120','EP-sel - A107-0',3,'',12,1),(325,'2020-02-14 12:27:09.009000','121','EP-sel - A108-0',3,'',12,1),(326,'2020-02-14 12:27:09.016316','122','EP-sel - A109-0',3,'',12,1),(327,'2020-02-14 12:27:09.023805','123','EP-sel - A110-0',3,'',12,1),(328,'2020-02-14 12:27:09.031351','292','EP-sel - A111-0',3,'',12,1),(329,'2020-02-14 12:27:09.038943','293','EP-sel - A112-0',3,'',12,1),(330,'2020-02-14 12:27:09.046650','124','EP-sel - A113-0',3,'',12,1),(331,'2020-02-14 12:27:09.054271','125','EP-sel - A114-0',3,'',12,1),(332,'2020-02-14 12:27:09.062007','126','EP-sel - A211-0',3,'',12,1),(333,'2020-02-14 12:27:09.069472','127','EP-sel - A212-0',3,'',12,1),(334,'2020-02-14 12:27:09.077157','128','EP-sel - L407-2',3,'',12,1),(335,'2020-02-14 12:27:09.084702','113','EP-sel - S006-0',3,'',12,1),(336,'2020-02-14 12:27:09.092292','291','EP-sel - S008-0',3,'',12,1),(337,'2020-02-14 12:27:09.099694','129','EP-sel - S204-0',3,'',12,1),(338,'2020-02-14 12:27:09.107377','130','EP-sel - S205-0',3,'',12,1),(339,'2020-02-14 12:27:09.115106','131','EP-sel - S206-0',3,'',12,1),(340,'2020-02-14 12:27:09.122898','132','EP-sel - S207-0',3,'',12,1),(341,'2020-02-14 12:27:09.130509','133','EP-sel - S208-0',3,'',12,1),(342,'2020-02-14 12:27:09.138006','134','EP-sel - S209-0',3,'',12,1),(343,'2020-02-14 12:27:09.145688','135','EP-sel - S210-0',3,'',12,1),(344,'2020-02-14 12:27:09.153272','136','EP-sel - S213-0',3,'',12,1),(345,'2020-02-14 12:27:09.160929','137','EP-sel - S214-0',3,'',12,1),(346,'2020-02-14 12:27:09.168587','138','EP-sel - S301-1',3,'',12,1),(347,'2020-02-14 12:27:09.176068','139','EP-sel - S301-2',3,'',12,1),(348,'2020-02-14 12:27:09.183618','140','EP-sel - S302-1',3,'',12,1),(349,'2020-02-14 12:27:09.191388','141','EP-sel - S302-2',3,'',12,1),(350,'2020-02-14 12:27:09.199159','142','EP-sel - S305-1',3,'',12,1),(351,'2020-02-14 12:27:09.207055','143','EP-sel - S305-2',3,'',12,1),(352,'2020-02-14 12:27:09.214818','144','EP-sel - S306-1',3,'',12,1),(353,'2020-02-14 12:27:09.222337','145','EP-sel - S307-1',3,'',12,1),(354,'2020-02-14 12:27:09.230052','146','EP-sel - S307-2',3,'',12,1),(355,'2020-02-14 12:27:09.239434','147','EP-sel - S308-1',3,'',12,1),(356,'2020-02-14 12:27:09.248496','148','EP-sel - S311-1',3,'',12,1),(357,'2020-02-14 12:27:09.256273','149','EP-sel - S311-2',3,'',12,1),(358,'2020-02-14 15:20:56.835545','17','[]<6 - Contra Inteligência>',3,'',6,1),(359,'2020-02-14 15:29:58.680723','1','ClassroomExam object (1)',1,'[{\"added\": {}}]',18,1),(360,'2020-02-14 15:31:15.026413','90','CE-exame teste',3,'',13,1),(361,'2020-02-14 15:31:15.030474','95','Exam Test',3,'',13,1),(362,'2020-02-14 15:31:15.033246','14','RECUPERAÇÃO',3,'',13,1),(363,'2020-02-14 15:31:15.035080','96','teste',3,'',13,1),(364,'2020-02-14 15:31:15.037918','107','teste-vcpi',3,'',13,1),(365,'2020-02-18 17:43:10.913004','75','heitor.rodrigues@aluno.ufabc.edu.br',2,'[{\"changed\": {\"fields\": [\"username\", \"email\"]}}]',17,1),(366,'2020-02-18 17:43:32.177026','75','heitor.rodrigues@aluno.ufabc.edu.br',2,'[{\"changed\": {\"fields\": [\"groups\"]}}]',17,1),(367,'2020-02-18 17:57:08.474604','126','exame - heitor',3,'',13,1),(368,'2020-02-19 23:29:51.964594','77','joao.gois@ufabc.edu.br',2,'[{\"changed\": {\"fields\": [\"first_name\"]}}]',17,1),(369,'2020-02-19 23:37:13.030548','64','BCM0505-15-SBC',3,'',13,1),(370,'2020-02-19 23:37:13.036494','73','P1 EaD',3,'',13,1),(371,'2020-02-19 23:37:13.040261','76','P1 EaD - 19.2',3,'',13,1),(372,'2020-02-19 23:37:13.044066','74','P2 EaD',3,'',13,1),(373,'2020-02-19 23:37:13.047514','20','Prova 1 2020',3,'',13,1),(374,'2020-02-19 23:37:13.050859','102','PI-EAD-2019-Q3- P1',3,'',13,1),(375,'2020-02-19 23:37:13.054300','102','PI-EAD-2019-Q3- P1',3,'',13,1),(376,'2020-02-19 23:41:02.687822','55','P2-B3B4-SB',3,'',13,1),(377,'2020-02-19 23:41:02.693392','36','Prova 1 lab10.b',3,'',13,1),(378,'2020-02-19 23:41:02.697752','15','Prova 1 quiz',3,'',13,1),(379,'2020-02-19 23:41:02.701769','49','Prova 2 teo3a21hquiz',3,'',13,1),(380,'2020-02-19 23:41:02.705769','123','teste',3,'',13,1),(381,'2020-02-19 23:41:02.710608','127','exame-test-heitor',3,'',13,1),(382,'2020-03-07 11:20:38.550073','23','fernando.teubl@ufabc.edu.br',2,'[{\"changed\": {\"fields\": [\"first_name\", \"last_name\"]}}]',17,1),(383,'2020-03-10 22:45:37.126735','78','edson.iriarte@ufabc.edu.br',2,'[{\"changed\": {\"fields\": [\"groups\"]}}]',17,1),(384,'2020-03-12 16:35:20.278694','79','denise.goya@ufabc.edu.br',2,'[{\"changed\": {\"fields\": [\"groups\"]}}]',17,1),(385,'2020-03-19 20:58:30.544149','80','ugo.ibusuki@ufabc.edu.br',2,'[{\"changed\": {\"fields\": [\"groups\"]}}]',17,1),(386,'2020-04-15 17:02:11.947711','21075','11020215; Mauro Mascarenhas; mauro.mascarenhas@aluno.ufabc.edu.br',1,'[{\"added\": {}}]',16,1),(387,'2020-06-01 18:39:44.106979','65','fzprof@ufabc.edu.br',2,'[{\"changed\": {\"fields\": [\"password\"]}}]',17,1),(388,'2020-06-01 18:40:12.813602','66','fzcoord@ufabc.edu.br',2,'[{\"changed\": {\"fields\": [\"password\"]}}]',17,1),(389,'2020-06-01 18:40:39.284694','53','fzstudent@ufabc.edu.br',2,'[{\"changed\": {\"fields\": [\"password\"]}}]',17,1),(390,'2020-06-19 12:48:47.435640','78','edson.iriarte@ufabc.edu.br',2,'[{\"changed\": {\"fields\": [\"password\"]}}]',17,1),(391,'2020-08-21 12:18:51.914556','84','peter.claessens@ufabc.edu.br',2,'[{\"changed\": {\"fields\": [\"groups\"]}}]',17,1),(392,'2020-08-26 14:00:41.306706','537','BC0005; top 02-Bases de Dados; typ QM; dif 5; gro e; par no; #0537; des dados15',2,'[{\"changed\": {\"fields\": [\"question_text\", \"question_who_created\"]}}]',7,1),(393,'2020-08-26 14:01:14.983583','535','BC0005; top 02-Bases de Dados; typ QM; dif 5; gro e; par no; #0535; des dados13',2,'[{\"changed\": {\"fields\": [\"question_text\", \"question_who_created\"]}}]',7,1),(394,'2020-08-26 14:01:24.780638','536','BC0005; top 02-Bases de Dados; typ QM; dif 5; gro e; par no; #0536; des dados14',2,'[{\"changed\": {\"fields\": [\"question_text\", \"question_who_created\"]}}]',7,1),(395,'2020-08-26 14:01:38.500367','538','BC0005; top 02-Bases de Dados; typ QM; dif 5; gro e; par no; #0538; des dados16',2,'[{\"changed\": {\"fields\": [\"question_text\", \"question_who_created\"]}}]',7,1),(396,'2020-09-16 12:10:43.658541','91','r.sadao@ufabc.edu.br',2,'[{\"changed\": {\"fields\": [\"first_name\"]}}]',17,1),(397,'2020-09-24 18:58:39.152274','75','heitor.rodrigues@aluno.ufabc.edu.br',2,'[{\"changed\": {\"fields\": [\"groups\"]}}]',17,1),(398,'2020-09-24 18:58:53.209193','96','ricardo.liang@ufabc.edu.br',2,'[{\"changed\": {\"fields\": [\"groups\"]}}]',17,1),(399,'2020-09-24 18:59:54.345972','75','heitor.rodrigues@aluno.ufabc.edu.br',2,'[{\"changed\": {\"fields\": [\"groups\"]}}]',17,1),(400,'2020-12-15 18:53:32.857432','33','luiz.rozante@gmail.com',2,'[{\"changed\": {\"fields\": [\"email\"]}}]',17,1),(401,'2020-12-19 22:18:38.488782','197','Rozante teste exame1',3,'',13,1),(402,'2020-12-19 22:18:38.493884','198','Rozante teste exame2',3,'',13,1),(403,'2020-12-19 22:20:51.971628','199','Rozante lista p Goca',3,'',13,1),(404,'2020-12-23 12:51:28.800668','22878','12342134; asdfsadf; asdf@asfd',3,'',16,1),(405,'2021-01-29 11:39:39.599674','99','',1,'[{\"added\": {}}]',17,1),(406,'2021-01-29 11:40:14.199742','99','renato.watanabe@ufabc.edu.br',2,'[{\"changed\": {\"fields\": [\"first_name\", \"last_name\", \"email\", \"groups\"]}}]',17,1),(407,'2021-02-23 12:08:48.612488','100','jair.donadelli@ufabc.edu.br',2,'[{\"changed\": {\"fields\": [\"groups\"]}}]',17,1),(408,'2021-03-19 12:43:11.626325','100','jair.donadelli@ufabc.edu.br',2,'[{\"changed\": {\"fields\": [\"password\"]}}]',17,1),(409,'2021-03-19 12:44:23.503385','100','jair.donadelli@ufabc.edu.br',2,'[{\"changed\": {\"fields\": [\"password\"]}}]',17,1),(410,'2021-05-19 17:58:46.426722','67','g.aldeia@ufabc.edu.br',2,'[{\"changed\": {\"fields\": [\"groups\"]}}]',17,1),(411,'2021-05-19 17:59:04.501628','67','g.aldeia@ufabc.edu.br',3,'',17,1),(412,'2021-05-19 17:59:21.294910','72','wcosta@ufabc.edu.br',3,'',17,1),(413,'2021-05-19 17:59:34.287557','75','heitor.rodrigues@aluno.ufabc.edu.br',3,'',17,1),(414,'2021-06-09 09:20:00.235668','484','BCM0505',3,'',12,1),(415,'2021-09-13 20:58:21.469141','24517','3002; Victor Hugo Zaninette Bernardino; hugo.bernardino@aluno.ufabc.edu.br',3,'',16,1),(416,'2021-09-13 20:58:21.474662','23501','1012; Victor Hugo Zaninette Bernardino; hugo.bernardino@aluno.ufabc.edu.br',3,'',16,1),(417,'2021-09-13 20:58:55.665518','24516','3001; Fernando G. Chacon F. Teruel; gabriel.chacon@aluno.ufabc.edu.br',3,'',16,1),(418,'2021-09-13 20:58:55.670250','23455','1008; Fernando G. Chacon F. Teruel; gabriel.chacon@aluno.ufabc.edu.br',3,'',16,1),(419,'2021-09-13 21:21:05.723189','24520','3005; Lucas David Vadilho; lucas.david@aluno.ufabc.edu.br',3,'',16,1),(420,'2021-09-13 21:21:05.726792','24468','1015; Lucas David Vadilho; lucas.david@aluno.ufabc.edu.br',3,'',16,1),(421,'2021-09-13 21:23:04.403652','24521','3006; Renato de Avila Lopes; renato.avila@aluno.ufabc.edu.br',3,'',16,1),(422,'2021-09-13 21:23:04.410234','24469','1016; Renato de Avila Lopes; renato.avila@aluno.ufabc.edu.br',3,'',16,1),(423,'2021-09-13 21:23:49.252480','24518','3003; Guilherme Melo da Silva; melo.guilherme@aluno.ufabc.edu.br',3,'',16,1),(424,'2021-09-13 21:23:49.257471','24466','1013; Guilherme Melo da Silva; melo.guilherme@aluno.ufabc.edu.br',3,'',16,1),(425,'2021-09-13 21:25:52.918408','24519','3004; Hugo Bento de Assis Silva; hugo.bento@aluno.ufabc.edu.br',3,'',16,1),(426,'2021-09-13 21:25:52.922871','24467','1014; Hugo Bento de Assis Silva; hugo.bento@aluno.ufabc.edu.br',3,'',16,1),(427,'2021-09-14 09:23:43.607322','101','paulo.meirelles@ufabc.edu.br',2,'[{\"changed\": {\"fields\": [\"groups\"]}}]',17,1),(428,'2022-04-30 13:16:28.784648','102','graca.marietto@ufabc.edu.br',2,'[{\"changed\": {\"fields\": [\"groups\"]}}]',17,1),(429,'2022-05-17 21:27:24.096261','335','pi-SUB-REC-21h',2,'[{\"changed\": {\"fields\": [\"exam_who_created\"]}}]',13,1),(430,'2022-05-23 16:34:23.290357','103','david.martins@ufabc.edu.br',2,'[{\"changed\": {\"fields\": [\"groups\"]}}]',17,1),(431,'2022-06-01 11:06:56.688721','104','pedro.autreto@ufabc.edu.br',2,'[{\"changed\": {\"fields\": [\"groups\"]}}]',17,1),(432,'2022-06-28 10:59:00.676840','79','denise.goya@ufabc.edu.br',2,'[{\"changed\": {\"fields\": [\"password\"]}}]',17,1),(433,'2022-07-07 21:31:27.586724','105','',1,'[{\"added\": {}}]',17,1),(434,'2022-07-07 21:31:55.918140','105','marcelo.reyes@ufabc.edu.br',2,'[{\"changed\": {\"fields\": [\"first_name\", \"last_name\", \"email\", \"groups\"]}}]',17,1),(435,'2022-09-12 14:33:44.858545','106','geiza.silva@ufabc.edu.br',2,'[{\"changed\": {\"fields\": [\"groups\"]}}]',17,1),(436,'2022-10-10 21:04:44.564630','606','dis Bases Computacionais da Ciência; cod guiou-bcc-NB3-19h; typ PClass; roo L503; day 2022.3; pro guiou.kobayashi; stu 1; id_606',3,'',12,1),(437,'2022-10-13 18:46:14.546451','90','wagner.tanaka@ufabc.edu.br',2,'[{\"changed\": {\"fields\": [\"password\"]}}]',17,1),(438,'2022-11-16 11:14:04.241298','107','',1,'[{\"added\": {}}]',17,1),(439,'2022-11-16 11:15:19.396264','107','roberto.rodrigues@ufabc.edu.br',2,'[{\"changed\": {\"fields\": [\"username\", \"first_name\", \"last_name\", \"email\", \"groups\"]}}]',17,1),(440,'2022-11-16 11:20:50.409189','418','TSI5-SisCom',2,'[{\"changed\": {\"fields\": [\"exam_who_created\"]}}]',13,1),(441,'2022-11-26 13:51:07.189758','69','irineu.antunes@ufabc.edu.br',2,'[{\"changed\": {\"fields\": [\"password\"]}}]',17,1),(442,'2022-11-26 13:51:22.969786','69','irineu.antunes@ufabc.edu.br',2,'[{\"changed\": {\"fields\": [\"groups\"]}}]',17,1),(443,'2022-11-26 13:53:17.821072','69','irineu.antunes@ufabc.edu.br',2,'[{\"changed\": {\"fields\": [\"password\"]}}]',17,1),(444,'2023-04-17 19:53:10.835454','43','[BC0005]<02-Manipulação de Dados>',3,'',6,1),(445,'2023-04-17 19:53:29.963193','40','[BC0005]<03-Gráficos de Funções>',3,'',6,1),(446,'2023-04-17 19:53:29.966624','42','[BC0005]<04-Estatística Descritiva>',3,'',6,1),(447,'2023-04-17 19:53:29.969209','164','[BC0005]<05-Correlação e Regressão>',3,'',6,1),(448,'2023-04-17 19:53:29.971847','166','[BC0005,BCM0505]<06-Lógica de Programação: sequencial>',3,'',6,1),(449,'2023-04-17 19:53:29.974652','44','[BC0005,BCM0505]<07-Lógica de Programação: condicionais>',3,'',6,1),(450,'2023-04-17 19:53:29.977303','46','[BC0005,BCM0505]<08-Lógica de Programação: repetição>',3,'',6,1),(451,'2023-04-17 19:53:29.980009','158','[BC0005,BCM0505]<09-Modelagem e Simulação>',3,'',6,1),(452,'2023-04-17 19:53:29.982444','41','[BC0005]<99-Medidas.old>',3,'',6,1),(453,'2023-04-17 19:53:29.985119','159','[BC0005]<99-Variáveis.old>',3,'',6,1),(454,'2023-04-17 19:53:29.987805','62','[BCM0504]<natinf>',3,'',6,1),(455,'2023-04-17 19:53:29.990294','63','[BCM0504]<NI>',3,'',6,1),(456,'2023-04-17 19:53:29.992870','231','[BCM0504]<NI-01 Dados, Informação e Conhecimento>',3,'',6,1),(457,'2023-04-17 19:53:29.995372','232','[BCM0504]<NI-02 Mundo Digital>',3,'',6,1),(458,'2023-04-17 19:53:29.997930','233','[BCM0504]<NI-03 Teoria da Informação>',3,'',6,1),(459,'2023-04-17 19:53:30.000732','234','[BCM0504]<NI-04 Códigos e Codificação>',3,'',6,1),(460,'2023-04-17 19:53:30.003302','235','[BCM0504]<NI-05 Códigos de Tratamento de Erros>',3,'',6,1),(461,'2023-04-17 19:53:30.005980','236','[BCM0504]<NI-06 Compressão de Dados>',3,'',6,1),(462,'2023-04-17 19:53:30.008910','166','[BC0005,BCM0505]<06-Lógica de Programação: sequencial>',3,'',6,1),(463,'2023-04-17 19:53:30.011758','44','[BC0005,BCM0505]<07-Lógica de Programação: condicionais>',3,'',6,1),(464,'2023-04-17 19:53:30.014668','46','[BC0005,BCM0505]<08-Lógica de Programação: repetição>',3,'',6,1),(465,'2023-04-17 19:53:30.018551','158','[BC0005,BCM0505]<09-Modelagem e Simulação>',3,'',6,1),(466,'2023-04-17 19:53:30.022328','1','[BCM0505]<1-sequencial>',3,'',6,1),(467,'2023-04-17 19:53:30.024813','133','[BCM0505]<2-módulo-parte1>',3,'',6,1),(468,'2023-04-17 19:53:30.027165','2','[BCM0505]<3-condicional>',3,'',6,1),(469,'2023-04-17 19:53:30.029689','3','[BCM0505]<4-repetição>',3,'',6,1),(470,'2023-04-17 19:53:30.032159','4','[BCM0505]<5-vetor>',3,'',6,1),(471,'2023-04-17 19:53:30.034671','6','[BCM0505]<6-módulo-parte2>',3,'',6,1),(472,'2023-04-17 19:53:30.037390','5','[BCM0505]<7-matriz>',3,'',6,1),(473,'2023-04-17 19:53:30.039915','229','[BCM0505]<mini-tópico>',3,'',6,1),(474,'2023-04-17 19:53:30.042348','188','[BCM0506]<1a. Prova BCM0506 2022 Q1>',3,'',6,1),(475,'2023-04-17 19:53:30.044936','186','[BCM0506]<1o. Teste BCM0506 2022 Q1>',3,'',6,1),(476,'2023-04-17 19:53:30.047602','190','[BCM0506]<2a. Prova BCM0506 2022 Q1>',3,'',6,1),(477,'2023-04-17 19:53:30.050097','189','[BCM0506]<2o. Teste BCM0506 2022 Q1>',3,'',6,1),(478,'2023-04-17 19:53:30.052667','162','[BCM0506]<BCM0506-quiz1>',3,'',6,1),(479,'2023-04-17 19:53:30.055176','165','[BCM0506]<BCM0506-quiz2>',3,'',6,1),(480,'2023-04-17 19:53:30.057844','179','[BCM0506]<BCM0506-quiz3>',3,'',6,1),(481,'2023-04-17 19:53:30.060363','170','[BCM0506]<BCM0506-quiz6>',3,'',6,1),(482,'2023-04-17 19:53:30.063955','161','[BCM0506]<Classes>',3,'',6,1),(483,'2023-04-17 19:53:30.067676','160','[BCM0506]<Declaração>',3,'',6,1),(484,'2023-04-17 19:53:30.070506','172','[BCM0506]<Exame2>',3,'',6,1),(485,'2023-04-17 19:53:30.073286','173','[BCM0506]<Geral>',3,'',6,1),(486,'2023-04-17 19:53:30.076051','174','[BCM0506]<Grafos>',3,'',6,1),(487,'2023-04-17 19:53:30.078588','175','[BCM0506]<Leis de Potência>',3,'',6,1),(488,'2023-04-17 19:53:30.081327','191','[BCM0506]<mini_turma>',3,'',6,1),(489,'2023-04-17 19:53:30.084243','220','[BCM0506]<P1_Q3_22>',3,'',6,1),(490,'2023-04-17 19:53:30.087792','168','[BCM0506]<quiz4>',3,'',6,1),(491,'2023-04-17 19:53:30.090844','169','[BCM0506]<quiz5>',3,'',6,1),(492,'2023-04-17 19:53:30.093869','171','[BCM0506]<quiz7>',3,'',6,1),(493,'2023-04-17 19:53:30.096813','176','[BCM0506]<Roteamento>',3,'',6,1),(494,'2023-04-17 19:53:30.099333','182','[BCM0506]<Teste1>',3,'',6,1),(495,'2023-04-17 19:53:30.102011','181','[BCM0506]<teste1>',3,'',6,1),(496,'2023-04-17 19:53:30.104727','187','[BCM0506]<Teste2>',3,'',6,1),(497,'2023-04-17 19:53:30.107364','183','[BCM0506]<teste2>',3,'',6,1),(498,'2023-04-17 19:53:30.110003','55','[BCN0402]<ABERTAS>',3,'',6,1),(499,'2023-04-17 19:53:30.112742','49','[BCN0402]<APROXIMAÇÃO LINEAR>',3,'',6,1),(500,'2023-04-17 19:53:30.115457','138','[BCN0402]<Edson-Derivada>',3,'',6,1),(501,'2023-04-17 19:53:30.118209','139','[BCN0402]<Edson-Integral>',3,'',6,1),(502,'2023-04-17 19:53:30.121023','52','[BCN0402]<GRÁFICO>',3,'',6,1),(503,'2023-04-17 19:53:30.123854','51','[BCN0402]<L\'HOSPITA>',3,'',6,1),(504,'2023-04-17 19:53:30.126365','53','[BCN0402]<MÁXIMOS/MÍNIMOS>',3,'',6,1),(505,'2023-04-17 19:53:30.129073','59','[BCN0402]<P2-INTEGRAL-ÁREA>',3,'',6,1),(506,'2023-04-17 19:53:30.131799','58','[BCN0402]<P2-INTEGRAL-POR PARTES>',3,'',6,1),(507,'2023-04-17 19:53:30.134364','56','[BCN0402]<P2-INTEGRAL-SUBSTITUIÇÃO>',3,'',6,1),(508,'2023-04-17 19:53:30.137251','61','[BCN0402]<P2-INTEGRAL-SUBSTITUIÇÃO TRIGONOMÉTRICA>',3,'',6,1),(509,'2023-04-17 19:53:30.140257','60','[BCN0402]<P2-INTEGRAL-VOLUME>',3,'',6,1),(510,'2023-04-17 19:53:30.143964','57','[BCN0402]<P2-TFC-PARTE 1>',3,'',6,1),(511,'2023-04-17 19:53:30.147032','54','[BCN0402]<PROBLEMAS DE OTIMIZAÇÃO>',3,'',6,1),(512,'2023-04-17 19:53:30.150529','48','[BCN0402]<RDA1P>',3,'',6,1),(513,'2023-04-17 19:53:30.155578','47','[BCN0402]<RETA TANGENTE>',3,'',6,1),(514,'2023-04-17 19:53:30.159426','50','[BCN0402]<TAXAS RELACIONADAS>',3,'',6,1),(515,'2023-04-17 19:53:30.162836','112','[BIJ0207]<SistemasEnergia>',3,'',6,1),(516,'2023-04-17 19:53:30.165618','64','[BIJ0207]<SistemasEnergia.old>',3,'',6,1),(517,'2023-04-17 19:53:30.168496','19','[CIP]<nível 1>',3,'',6,1),(518,'2023-04-17 19:53:30.171578','20','[CLIP]<nível 1>',3,'',6,1),(519,'2023-04-17 19:53:30.174867','128','[CN]<Sistemas Lineares>',3,'',6,1),(520,'2023-04-17 19:53:30.177862','129','[CN]<zeros de funções>',3,'',6,1),(521,'2023-04-17 19:53:30.181785','114','[Comp]<comp-topic1>',3,'',6,1),(522,'2023-04-17 19:53:30.185092','113','[Comp]<UFABC - TSI - Compiladores>',3,'',6,1),(523,'2023-04-17 19:53:30.188249','94','[CompMov]<CompMov1>',3,'',6,1),(524,'2023-04-17 19:53:30.191319','95','[CompMov]<CompMov2>',3,'',6,1),(525,'2023-04-17 19:53:30.194244','96','[CompMov]<CompMov3>',3,'',6,1),(526,'2023-04-17 19:53:30.197131','97','[CompMov]<CompMov4>',3,'',6,1),(527,'2023-04-17 19:53:30.200036','98','[CompMov]<CompMov5>',3,'',6,1),(528,'2023-04-17 19:53:30.202790','99','[CompMov]<CompMov6>',3,'',6,1),(529,'2023-04-17 19:53:30.205619','101','[CompMov]<CompMov7>',3,'',6,1),(530,'2023-04-17 19:53:30.208512','237','[CompMov]<TSI5-ComMov-Diogo>',3,'',6,1),(531,'2023-04-17 19:53:30.211274','21','[CPE]<nível 1>',3,'',6,1),(532,'2023-04-17 19:53:30.214251','111','[EESTO013-17]<Alternativa de Investimento>',3,'',6,1),(533,'2023-04-17 19:53:30.217292','185','[EESTO013-17]<Depreciação>',3,'',6,1),(534,'2023-04-17 19:53:30.220153','110','[EESTO013-17]<ESTO013-17 Juros>',3,'',6,1),(535,'2023-04-17 19:53:30.223037','122','[EESTO013-17]<ESTO013-17 Juros e Conceitos>',3,'',6,1),(536,'2023-04-17 19:53:30.225959','115','[EESTO013-17]<ESTO013-17 VPL Conceitos>',3,'',6,1),(537,'2023-04-17 19:53:30.229304','184','[EESTO013-17]<Inflação em Projetos>',3,'',6,1),(538,'2023-04-17 19:53:30.233505','178','[EP2021]<Selecao2021>',3,'',6,1),(539,'2023-04-17 19:53:30.237438','227','[EP2023]<seleção2023>',3,'',6,1),(540,'2023-04-17 19:53:30.240200','38','[ESTG010-17]<IT-2018-3Q>',3,'',6,1),(541,'2023-04-17 19:53:30.243167','39','[ESTG010-17]<IT-2018-3QP2>',3,'',6,1),(542,'2023-04-17 19:53:30.246444','153','[ESTG016-17]<QS-01-introducao>',3,'',6,1),(543,'2023-04-17 19:53:30.250945','134','[ESTG025-17]<Desenho Autor Marca>',3,'',6,1),(544,'2023-04-17 19:53:30.255049','135','[ESTG025-17]<Indicação Cultivar Geral>',3,'',6,1),(545,'2023-04-17 19:54:15.304762','40','[BC0005]<03-Gráficos de Funções>',3,'',6,1),(546,'2023-04-17 19:54:15.308867','42','[BC0005]<04-Estatística Descritiva>',3,'',6,1),(547,'2023-04-17 19:54:15.311778','164','[BC0005]<05-Correlação e Regressão>',3,'',6,1),(548,'2023-04-17 19:54:15.316224','166','[BC0005,BCM0505]<06-Lógica de Programação: sequencial>',3,'',6,1),(549,'2023-04-17 19:54:15.319192','166','[BC0005,BCM0505]<06-Lógica de Programação: sequencial>',3,'',6,1),(550,'2023-04-17 19:54:28.481136','44','[BC0005,BCM0505]<07-Lógica de Programação: condicionais>',3,'',6,1),(551,'2023-04-17 19:54:28.485322','46','[BC0005,BCM0505]<08-Lógica de Programação: repetição>',3,'',6,1),(552,'2023-04-17 19:54:28.488455','158','[BC0005,BCM0505]<09-Modelagem e Simulação>',3,'',6,1),(553,'2023-04-17 19:54:28.491489','41','[BC0005]<99-Medidas.old>',3,'',6,1),(554,'2023-04-17 19:54:28.494545','159','[BC0005]<99-Variáveis.old>',3,'',6,1),(555,'2023-04-17 19:54:28.497520','62','[BCM0504]<natinf>',3,'',6,1),(556,'2023-04-17 19:54:28.500622','63','[BCM0504]<NI>',3,'',6,1),(557,'2023-04-17 19:54:28.503801','44','[BC0005,BCM0505]<07-Lógica de Programação: condicionais>',3,'',6,1),(558,'2023-04-17 19:54:28.506972','46','[BC0005,BCM0505]<08-Lógica de Programação: repetição>',3,'',6,1),(559,'2023-04-17 19:54:28.510165','158','[BC0005,BCM0505]<09-Modelagem e Simulação>',3,'',6,1),(560,'2023-04-17 19:54:46.315294','231','[BCM0504]<NI-01 Dados, Informação e Conhecimento>',3,'',6,1),(561,'2023-04-17 19:54:46.318683','232','[BCM0504]<NI-02 Mundo Digital>',3,'',6,1),(562,'2023-04-17 19:54:46.321910','233','[BCM0504]<NI-03 Teoria da Informação>',3,'',6,1),(563,'2023-04-17 19:54:46.325041','234','[BCM0504]<NI-04 Códigos e Codificação>',3,'',6,1),(564,'2023-04-17 19:54:46.327800','235','[BCM0504]<NI-05 Códigos de Tratamento de Erros>',3,'',6,1),(565,'2023-04-17 19:54:46.331230','236','[BCM0504]<NI-06 Compressão de Dados>',3,'',6,1),(566,'2023-04-17 19:54:46.334258','1','[BCM0505]<1-sequencial>',3,'',6,1),(567,'2023-04-17 19:54:46.337451','133','[BCM0505]<2-módulo-parte1>',3,'',6,1),(568,'2023-04-17 19:54:46.340317','2','[BCM0505]<3-condicional>',3,'',6,1),(569,'2023-04-17 19:54:46.343394','3','[BCM0505]<4-repetição>',3,'',6,1),(570,'2023-04-17 19:55:09.982039','231','[BCM0504]<NI-01 Dados, Informação e Conhecimento>',3,'',6,1),(571,'2023-04-17 19:55:09.986715','232','[BCM0504]<NI-02 Mundo Digital>',3,'',6,1),(572,'2023-04-17 19:55:09.990698','233','[BCM0504]<NI-03 Teoria da Informação>',3,'',6,1),(573,'2023-04-17 19:55:09.993681','234','[BCM0504]<NI-04 Códigos e Codificação>',3,'',6,1),(574,'2023-04-17 19:55:23.448372','235','[BCM0504]<NI-05 Códigos de Tratamento de Erros>',3,'',6,1),(575,'2023-04-17 19:55:23.452022','236','[BCM0504]<NI-06 Compressão de Dados>',3,'',6,1),(576,'2023-04-17 19:55:23.455235','1','[BCM0505]<1-sequencial>',3,'',6,1),(577,'2023-04-17 19:55:35.925548','235','[BCM0504]<NI-05 Códigos de Tratamento de Erros>',3,'',6,1),(578,'2023-04-17 19:55:45.092375','236','[BCM0504]<NI-06 Compressão de Dados>',3,'',6,1),(579,'2023-04-17 19:55:53.975919','1','[BCM0505]<1-sequencial>',3,'',6,1),(580,'2023-04-17 19:56:17.543890','133','[BCM0505]<2-módulo-parte1>',3,'',6,1),(581,'2023-04-17 19:56:30.244451','2','[BCM0505]<3-condicional>',3,'',6,1),(582,'2023-04-17 19:56:30.247200','3','[BCM0505]<4-repetição>',3,'',6,1),(583,'2023-04-17 19:56:30.249461','4','[BCM0505]<5-vetor>',3,'',6,1),(584,'2023-04-17 19:56:30.252947','6','[BCM0505]<6-módulo-parte2>',3,'',6,1),(585,'2023-04-17 19:56:30.256058','5','[BCM0505]<7-matriz>',3,'',6,1),(586,'2023-04-17 19:56:30.259314','229','[BCM0505]<mini-tópico>',3,'',6,1),(587,'2023-04-17 19:56:30.261855','188','[BCM0506]<1a. Prova BCM0506 2022 Q1>',3,'',6,1),(588,'2023-04-17 19:56:30.264362','186','[BCM0506]<1o. Teste BCM0506 2022 Q1>',3,'',6,1),(589,'2023-04-17 19:56:30.266591','190','[BCM0506]<2a. Prova BCM0506 2022 Q1>',3,'',6,1),(590,'2023-04-17 19:56:30.268946','189','[BCM0506]<2o. Teste BCM0506 2022 Q1>',3,'',6,1),(591,'2023-04-17 19:56:30.271299','162','[BCM0506]<BCM0506-quiz1>',3,'',6,1),(592,'2023-04-17 19:56:30.273645','165','[BCM0506]<BCM0506-quiz2>',3,'',6,1),(593,'2023-04-17 19:56:30.275916','179','[BCM0506]<BCM0506-quiz3>',3,'',6,1),(594,'2023-04-17 19:56:30.278222','170','[BCM0506]<BCM0506-quiz6>',3,'',6,1),(595,'2023-04-17 19:56:30.280592','161','[BCM0506]<Classes>',3,'',6,1),(596,'2023-04-17 19:56:30.283166','160','[BCM0506]<Declaração>',3,'',6,1),(597,'2023-04-17 19:56:30.285763','172','[BCM0506]<Exame2>',3,'',6,1),(598,'2023-04-17 19:56:30.288127','173','[BCM0506]<Geral>',3,'',6,1),(599,'2023-04-17 19:56:30.290337','174','[BCM0506]<Grafos>',3,'',6,1),(600,'2023-04-17 19:56:30.292655','175','[BCM0506]<Leis de Potência>',3,'',6,1),(601,'2023-04-17 19:56:30.294989','191','[BCM0506]<mini_turma>',3,'',6,1),(602,'2023-04-17 19:56:30.297235','220','[BCM0506]<P1_Q3_22>',3,'',6,1),(603,'2023-04-17 19:56:30.299566','168','[BCM0506]<quiz4>',3,'',6,1),(604,'2023-04-17 19:56:30.301779','169','[BCM0506]<quiz5>',3,'',6,1),(605,'2023-04-17 19:56:30.304077','171','[BCM0506]<quiz7>',3,'',6,1),(606,'2023-04-17 19:56:30.306286','176','[BCM0506]<Roteamento>',3,'',6,1),(607,'2023-04-17 19:56:30.308736','182','[BCM0506]<Teste1>',3,'',6,1),(608,'2023-04-17 19:56:30.311058','181','[BCM0506]<teste1>',3,'',6,1),(609,'2023-04-17 19:56:30.313491','187','[BCM0506]<Teste2>',3,'',6,1),(610,'2023-04-17 19:56:30.315784','183','[BCM0506]<teste2>',3,'',6,1),(611,'2023-04-17 19:56:30.318106','55','[BCN0402]<ABERTAS>',3,'',6,1),(612,'2023-04-17 19:56:30.320472','49','[BCN0402]<APROXIMAÇÃO LINEAR>',3,'',6,1),(613,'2023-04-17 19:56:30.322743','138','[BCN0402]<Edson-Derivada>',3,'',6,1),(614,'2023-04-17 19:56:30.325111','139','[BCN0402]<Edson-Integral>',3,'',6,1),(615,'2023-04-17 19:56:30.327405','52','[BCN0402]<GRÁFICO>',3,'',6,1),(616,'2023-04-17 19:56:30.329937','51','[BCN0402]<L\'HOSPITA>',3,'',6,1),(617,'2023-04-17 19:56:30.332305','53','[BCN0402]<MÁXIMOS/MÍNIMOS>',3,'',6,1),(618,'2023-04-17 19:56:30.334477','59','[BCN0402]<P2-INTEGRAL-ÁREA>',3,'',6,1),(619,'2023-04-17 19:56:30.337178','58','[BCN0402]<P2-INTEGRAL-POR PARTES>',3,'',6,1),(620,'2023-04-17 19:56:30.339444','56','[BCN0402]<P2-INTEGRAL-SUBSTITUIÇÃO>',3,'',6,1),(621,'2023-04-17 19:56:30.341617','61','[BCN0402]<P2-INTEGRAL-SUBSTITUIÇÃO TRIGONOMÉTRICA>',3,'',6,1),(622,'2023-04-17 19:56:30.344042','60','[BCN0402]<P2-INTEGRAL-VOLUME>',3,'',6,1),(623,'2023-04-17 19:56:30.346251','57','[BCN0402]<P2-TFC-PARTE 1>',3,'',6,1),(624,'2023-04-17 19:56:30.348651','54','[BCN0402]<PROBLEMAS DE OTIMIZAÇÃO>',3,'',6,1),(625,'2023-04-17 19:56:30.350933','48','[BCN0402]<RDA1P>',3,'',6,1),(626,'2023-04-17 19:56:30.353292','47','[BCN0402]<RETA TANGENTE>',3,'',6,1),(627,'2023-04-17 19:56:30.355657','50','[BCN0402]<TAXAS RELACIONADAS>',3,'',6,1),(628,'2023-04-17 19:56:30.357895','112','[BIJ0207]<SistemasEnergia>',3,'',6,1),(629,'2023-04-17 19:56:30.360250','64','[BIJ0207]<SistemasEnergia.old>',3,'',6,1),(630,'2023-04-17 19:56:30.362497','19','[CIP]<nível 1>',3,'',6,1),(631,'2023-04-17 19:56:30.364885','20','[CLIP]<nível 1>',3,'',6,1),(632,'2023-04-17 19:56:30.367360','128','[CN]<Sistemas Lineares>',3,'',6,1),(633,'2023-04-17 19:56:30.369664','129','[CN]<zeros de funções>',3,'',6,1),(634,'2023-04-17 19:56:30.372036','114','[Comp]<comp-topic1>',3,'',6,1),(635,'2023-04-17 19:56:30.374308','113','[Comp]<UFABC - TSI - Compiladores>',3,'',6,1),(636,'2023-04-17 19:56:30.376756','94','[CompMov]<CompMov1>',3,'',6,1),(637,'2023-04-17 19:56:30.378979','95','[CompMov]<CompMov2>',3,'',6,1),(638,'2023-04-17 19:56:30.381380','96','[CompMov]<CompMov3>',3,'',6,1),(639,'2023-04-17 19:56:30.383696','97','[CompMov]<CompMov4>',3,'',6,1),(640,'2023-04-17 19:56:30.385968','98','[CompMov]<CompMov5>',3,'',6,1),(641,'2023-04-17 19:56:30.388296','99','[CompMov]<CompMov6>',3,'',6,1),(642,'2023-04-17 19:56:30.390770','101','[CompMov]<CompMov7>',3,'',6,1),(643,'2023-04-17 19:56:30.393088','237','[CompMov]<TSI5-ComMov-Diogo>',3,'',6,1),(644,'2023-04-17 19:56:30.395372','21','[CPE]<nível 1>',3,'',6,1),(645,'2023-04-17 19:56:30.397793','111','[EESTO013-17]<Alternativa de Investimento>',3,'',6,1),(646,'2023-04-17 19:56:30.400057','185','[EESTO013-17]<Depreciação>',3,'',6,1),(647,'2023-04-17 19:56:30.402262','110','[EESTO013-17]<ESTO013-17 Juros>',3,'',6,1),(648,'2023-04-17 19:56:30.404621','122','[EESTO013-17]<ESTO013-17 Juros e Conceitos>',3,'',6,1),(649,'2023-04-17 19:56:30.406977','115','[EESTO013-17]<ESTO013-17 VPL Conceitos>',3,'',6,1),(650,'2023-04-17 19:56:30.409470','184','[EESTO013-17]<Inflação em Projetos>',3,'',6,1),(651,'2023-04-17 19:56:30.411836','178','[EP2021]<Selecao2021>',3,'',6,1),(652,'2023-04-17 19:56:30.414041','227','[EP2023]<seleção2023>',3,'',6,1),(653,'2023-04-17 19:56:30.416342','38','[ESTG010-17]<IT-2018-3Q>',3,'',6,1),(654,'2023-04-17 19:56:30.418516','39','[ESTG010-17]<IT-2018-3QP2>',3,'',6,1),(655,'2023-04-17 19:56:30.421049','153','[ESTG016-17]<QS-01-introducao>',3,'',6,1),(656,'2023-04-17 19:56:30.423501','134','[ESTG025-17]<Desenho Autor Marca>',3,'',6,1),(657,'2023-04-17 19:56:30.425825','135','[ESTG025-17]<Indicação Cultivar Geral>',3,'',6,1),(658,'2023-04-17 19:56:30.428351','136','[ESTG025-17]<Marcas>',3,'',6,1),(659,'2023-04-17 19:56:30.430681','130','[ESTG025-17]<Patentes>',3,'',6,1),(660,'2023-04-17 19:56:30.433135','11','[Ex]<template>',3,'',6,1),(661,'2023-04-17 19:56:30.435719','12','[Ex]<template-equação-paramétrica>',3,'',6,1),(662,'2023-04-17 19:56:30.438318','13','[Ex]<template-figura>',3,'',6,1),(663,'2023-04-17 19:56:30.440964','14','[Ex]<template-integral>',3,'',6,1),(664,'2023-04-17 19:56:30.443507','15','[Ex]<template-integral-fig>',3,'',6,1),(665,'2023-04-17 19:56:30.445842','16','[Ex]<template-mru>',3,'',6,1),(666,'2023-04-17 19:56:30.448301','192','[FEMEC]<FEMEC-Introdução>',3,'',6,1),(667,'2023-04-17 19:56:30.450704','65','[GA]<Vetores>',3,'',6,1),(668,'2023-04-17 19:56:30.453401','7','[GestGovTI]<Aula01>',3,'',6,1),(669,'2023-04-17 19:56:30.455903','8','[GestGovTI]<Aula02>',3,'',6,1),(670,'2023-04-17 19:56:30.458257','9','[GestGovTI]<Aula03>',3,'',6,1),(671,'2023-04-17 19:56:30.461795','10','[GestGovTI]<Aula04>',3,'',6,1),(672,'2023-04-17 19:56:30.464183','66','[GestPQSw]<PMBOK>',3,'',6,1),(673,'2023-04-17 19:56:30.466642','157','[IPE]<01-Introdução>',3,'',6,1),(674,'2023-04-17 19:56:30.469486','163','[IPE]<Tópico Exemplo>',3,'',6,1),(675,'2023-04-17 19:56:30.472135','67','[ITW]<internet>',3,'',6,1),(676,'2023-04-17 19:56:30.474653','225','[MCTA004-17]<Aula>',3,'',6,1),(677,'2023-04-17 19:56:30.477204','35','[MCTA004-17]<introducao>',3,'',6,1),(678,'2023-04-17 19:56:30.479632','222','[MCTA004-17]<introducao2>',3,'',6,1),(679,'2023-04-17 19:56:30.482024','36','[MCTA004-17]<introducaoP2>',3,'',6,1),(680,'2023-04-17 20:00:24.367799','4','[BCM0505]<5-vetor>',3,'',6,1),(681,'2023-04-17 20:00:24.372430','6','[BCM0505]<6-módulo-parte2>',3,'',6,1),(682,'2023-04-17 20:00:24.375570','5','[BCM0505]<7-matriz>',3,'',6,1),(683,'2023-04-17 20:00:24.379715','229','[BCM0505]<mini-tópico>',3,'',6,1),(684,'2023-04-17 20:00:24.383192','186','[BCM0506]<1o. Teste BCM0506 2022 Q1>',3,'',6,1),(685,'2023-04-17 20:00:24.386521','189','[BCM0506]<2o. Teste BCM0506 2022 Q1>',3,'',6,1),(686,'2023-04-17 20:05:59.610374','162','[BCM0506]<BCM0506-quiz1>',3,'',6,1),(687,'2023-04-17 20:05:59.620958','165','[BCM0506]<BCM0506-quiz2>',3,'',6,1),(688,'2023-04-17 20:05:59.624510','179','[BCM0506]<BCM0506-quiz3>',3,'',6,1),(689,'2023-04-17 20:05:59.628053','170','[BCM0506]<BCM0506-quiz6>',3,'',6,1),(690,'2023-04-17 20:06:19.323407','229','[BCM0505]<mini-tópico>',3,'',6,1),(691,'2023-04-17 20:06:19.326934','161','[BCM0506]<Classes>',3,'',6,1),(692,'2023-04-17 20:06:19.329959','160','[BCM0506]<Declaração>',3,'',6,1),(693,'2023-04-17 20:06:19.332993','172','[BCM0506]<Exame2>',3,'',6,1),(694,'2023-04-17 20:06:19.335911','173','[BCM0506]<Geral>',3,'',6,1),(695,'2023-04-17 20:06:19.338867','174','[BCM0506]<Grafos>',3,'',6,1),(696,'2023-04-17 20:06:19.342114','175','[BCM0506]<Leis de Potência>',3,'',6,1),(697,'2023-04-17 20:06:19.345242','191','[BCM0506]<mini_turma>',3,'',6,1),(698,'2023-04-17 20:06:19.348534','220','[BCM0506]<P1_Q3_22>',3,'',6,1),(699,'2023-04-17 20:06:38.859637','168','[BCM0506]<quiz4>',3,'',6,1),(700,'2023-04-17 20:06:38.863084','169','[BCM0506]<quiz5>',3,'',6,1),(701,'2023-04-17 20:06:38.865939','171','[BCM0506]<quiz7>',3,'',6,1),(702,'2023-04-17 20:06:38.869090','176','[BCM0506]<Roteamento>',3,'',6,1),(703,'2023-04-17 20:06:38.872059','182','[BCM0506]<Teste1>',3,'',6,1),(704,'2023-04-17 20:06:38.875009','181','[BCM0506]<teste1>',3,'',6,1),(705,'2023-04-17 20:06:38.878088','187','[BCM0506]<Teste2>',3,'',6,1),(706,'2023-04-17 20:06:38.881946','183','[BCM0506]<teste2>',3,'',6,1),(707,'2023-04-17 20:06:38.885301','138','[BCN0402]<Edson-Derivada>',3,'',6,1),(708,'2023-04-17 20:06:38.888319','139','[BCN0402]<Edson-Integral>',3,'',6,1),(709,'2023-04-17 20:07:03.155984','52','[BCN0402]<GRÁFICO>',3,'',6,1),(710,'2023-04-17 20:07:03.159699','51','[BCN0402]<L\'HOSPITA>',3,'',6,1),(711,'2023-04-17 20:07:03.162697','53','[BCN0402]<MÁXIMOS/MÍNIMOS>',3,'',6,1),(712,'2023-04-17 20:07:03.165669','59','[BCN0402]<P2-INTEGRAL-ÁREA>',3,'',6,1),(713,'2023-04-17 20:07:03.168747','58','[BCN0402]<P2-INTEGRAL-POR PARTES>',3,'',6,1),(714,'2023-04-17 20:07:03.172754','56','[BCN0402]<P2-INTEGRAL-SUBSTITUIÇÃO>',3,'',6,1),(715,'2023-04-17 20:07:03.176712','61','[BCN0402]<P2-INTEGRAL-SUBSTITUIÇÃO TRIGONOMÉTRICA>',3,'',6,1),(716,'2023-04-17 20:07:03.180072','60','[BCN0402]<P2-INTEGRAL-VOLUME>',3,'',6,1),(717,'2023-04-17 20:07:03.182879','57','[BCN0402]<P2-TFC-PARTE 1>',3,'',6,1),(718,'2023-04-17 20:07:03.185992','54','[BCN0402]<PROBLEMAS DE OTIMIZAÇÃO>',3,'',6,1),(719,'2023-04-17 20:07:03.189101','48','[BCN0402]<RDA1P>',3,'',6,1),(720,'2023-04-17 20:07:03.192145','47','[BCN0402]<RETA TANGENTE>',3,'',6,1),(721,'2023-04-17 20:07:03.195126','50','[BCN0402]<TAXAS RELACIONADAS>',3,'',6,1),(722,'2023-04-17 20:07:26.470786','112','[BIJ0207]<SistemasEnergia>',3,'',6,1),(723,'2023-04-17 20:07:26.474331','64','[BIJ0207]<SistemasEnergia.old>',3,'',6,1),(724,'2023-04-17 20:07:26.477516','19','[CIP]<nível 1>',3,'',6,1),(725,'2023-04-17 20:07:26.480813','20','[CLIP]<nível 1>',3,'',6,1),(726,'2023-04-17 20:07:26.483740','128','[CN]<Sistemas Lineares>',3,'',6,1),(727,'2023-04-17 20:07:26.486877','129','[CN]<zeros de funções>',3,'',6,1),(728,'2023-04-17 20:07:26.489857','114','[Comp]<comp-topic1>',3,'',6,1),(729,'2023-04-17 20:07:26.493029','113','[Comp]<UFABC - TSI - Compiladores>',3,'',6,1),(730,'2023-04-17 20:07:26.496200','94','[CompMov]<CompMov1>',3,'',6,1),(731,'2023-04-17 20:07:26.499128','95','[CompMov]<CompMov2>',3,'',6,1),(732,'2023-04-17 20:07:26.502188','96','[CompMov]<CompMov3>',3,'',6,1),(733,'2023-04-17 20:07:26.505402','97','[CompMov]<CompMov4>',3,'',6,1),(734,'2023-04-17 20:07:26.508388','98','[CompMov]<CompMov5>',3,'',6,1),(735,'2023-04-17 20:07:26.511440','99','[CompMov]<CompMov6>',3,'',6,1),(736,'2023-04-17 20:07:26.514840','101','[CompMov]<CompMov7>',3,'',6,1),(737,'2023-04-17 20:07:26.517806','237','[CompMov]<TSI5-ComMov-Diogo>',3,'',6,1),(738,'2023-04-17 20:07:52.320889','21','[CPE]<nível 1>',3,'',6,1),(739,'2023-04-17 20:07:52.324013','185','[EESTO013-17]<Depreciação>',3,'',6,1),(740,'2023-04-17 20:07:52.326682','110','[EESTO013-17]<ESTO013-17 Juros>',3,'',6,1),(741,'2023-04-17 20:07:52.329336','122','[EESTO013-17]<ESTO013-17 Juros e Conceitos>',3,'',6,1),(742,'2023-04-17 20:07:52.331999','115','[EESTO013-17]<ESTO013-17 VPL Conceitos>',3,'',6,1),(743,'2023-04-17 20:07:52.334521','184','[EESTO013-17]<Inflação em Projetos>',3,'',6,1),(744,'2023-04-17 20:07:52.337272','178','[EP2021]<Selecao2021>',3,'',6,1),(745,'2023-04-17 20:07:52.339879','227','[EP2023]<seleção2023>',3,'',6,1),(746,'2023-04-17 20:07:52.342490','38','[ESTG010-17]<IT-2018-3Q>',3,'',6,1),(747,'2023-04-17 20:07:52.345222','39','[ESTG010-17]<IT-2018-3QP2>',3,'',6,1),(748,'2023-04-17 20:07:52.347843','153','[ESTG016-17]<QS-01-introducao>',3,'',6,1),(749,'2023-04-17 20:07:52.350339','134','[ESTG025-17]<Desenho Autor Marca>',3,'',6,1),(750,'2023-04-17 20:07:52.353301','135','[ESTG025-17]<Indicação Cultivar Geral>',3,'',6,1),(751,'2023-04-17 20:07:52.356032','136','[ESTG025-17]<Marcas>',3,'',6,1),(752,'2023-04-17 20:07:52.358659','130','[ESTG025-17]<Patentes>',3,'',6,1),(753,'2023-04-17 20:08:10.189780','11','[Ex]<template>',3,'',6,1),(754,'2023-04-17 20:08:10.192705','12','[Ex]<template-equação-paramétrica>',3,'',6,1),(755,'2023-04-17 20:08:10.195119','13','[Ex]<template-figura>',3,'',6,1),(756,'2023-04-17 20:08:10.197738','14','[Ex]<template-integral>',3,'',6,1),(757,'2023-04-17 20:08:10.201051','15','[Ex]<template-integral-fig>',3,'',6,1),(758,'2023-04-17 20:08:10.204670','16','[Ex]<template-mru>',3,'',6,1),(759,'2023-04-17 20:08:10.208188','192','[FEMEC]<FEMEC-Introdução>',3,'',6,1),(760,'2023-04-17 20:08:10.210847','65','[GA]<Vetores>',3,'',6,1),(761,'2023-04-17 20:08:10.213688','7','[GestGovTI]<Aula01>',3,'',6,1),(762,'2023-04-17 20:08:10.216291','8','[GestGovTI]<Aula02>',3,'',6,1),(763,'2023-04-17 20:08:10.219134','9','[GestGovTI]<Aula03>',3,'',6,1),(764,'2023-04-17 20:08:10.221894','10','[GestGovTI]<Aula04>',3,'',6,1),(765,'2023-04-17 20:08:10.225030','66','[GestPQSw]<PMBOK>',3,'',6,1),(766,'2023-04-17 20:08:10.228704','157','[IPE]<01-Introdução>',3,'',6,1),(767,'2023-04-17 20:08:10.232021','163','[IPE]<Tópico Exemplo>',3,'',6,1),(768,'2023-04-17 20:08:10.235295','67','[ITW]<internet>',3,'',6,1),(769,'2023-04-17 20:08:10.237925','35','[MCTA004-17]<introducao>',3,'',6,1),(770,'2023-04-17 20:08:10.240340','222','[MCTA004-17]<introducao2>',3,'',6,1),(771,'2023-04-17 20:08:10.242628','36','[MCTA004-17]<introducaoP2>',3,'',6,1),(772,'2023-04-17 20:08:10.245330','37','[MCTA004-17]<IntroducaoREC>',3,'',6,1),(773,'2023-04-17 20:08:10.248072','150','[MCTA023-13]<SD-10certificado>',3,'',6,1),(774,'2023-04-17 20:08:10.250760','151','[MCTA023-13]<SD-11cifrasclassicas1>',3,'',6,1),(775,'2023-04-17 20:08:10.253654','152','[MCTA023-13]<SD-12integridade>',3,'',6,1),(776,'2023-04-17 20:08:10.256447','140','[MCTA023-13]<SD-1fundamentos1>',3,'',6,1),(777,'2023-04-17 20:08:10.260302','141','[MCTA023-13]<SD-2fundamentos2>',3,'',6,1),(778,'2023-04-17 20:08:10.263461','143','[MCTA023-13]<SD-3cifrasclassicas2>',3,'',6,1),(779,'2023-04-17 20:08:10.266090','144','[MCTA023-13]<SD-4cifrasbloco>',3,'',6,1),(780,'2023-04-17 20:08:10.268676','145','[MCTA023-13]<SD-5hash>',3,'',6,1),(781,'2023-04-17 20:08:10.271272','146','[MCTA023-13]<SD-6chavepublica>',3,'',6,1),(782,'2023-04-17 20:08:10.273791','147','[MCTA023-13]<SD-7controleacesso1>',3,'',6,1),(783,'2023-04-17 20:08:10.276356','148','[MCTA023-13]<SD-8controleacesso2>',3,'',6,1),(784,'2023-04-17 20:08:10.280233','149','[MCTA023-13]<SD-9assinatura>',3,'',6,1),(785,'2023-04-17 20:08:10.284334','210','[MCTA028-15]<PE-01-introdução>',3,'',6,1),(786,'2023-04-17 20:08:10.287132','221','[MCTA028-15]<PE-01-recursão>',3,'',6,1),(787,'2023-04-17 20:08:10.289943','211','[MCTA028-15]<PE-02-vetor>',3,'',6,1),(788,'2023-04-17 20:08:10.292516','212','[MCTA028-15]<PE-03-matriz>',3,'',6,1),(789,'2023-04-17 20:08:10.295192','215','[MCTA028-15]<PE-04-arquivo>',3,'',6,1),(790,'2023-04-17 20:08:10.297967','214','[MCTA028-15]<PE-04-registro>',3,'',6,1),(791,'2023-04-17 20:08:10.300613','213','[MCTA028-15]<PE-05-ponteiro>',3,'',6,1),(792,'2023-04-17 20:08:10.303143','223','[MCTA028-15]<PE-06-Lista-Fila-Pilha>',3,'',6,1),(793,'2023-04-17 20:08:10.305527','28','[MCTA033]<APF>',3,'',6,1),(794,'2023-04-17 20:08:10.308040','22','[MCTA033]<CMMI>',3,'',6,1),(795,'2023-04-17 20:08:10.310531','34','[MCTA033]<ES>',3,'',6,1),(796,'2023-04-17 20:08:10.314286','30','[MCTA033]<Modelagem>',3,'',6,1),(797,'2023-04-17 20:08:10.317428','23','[MCTA033]<OO>',3,'',6,1),(798,'2023-04-17 20:08:10.320346','24','[MCTA033]<Padrão>',3,'',6,1),(799,'2023-04-17 20:08:10.323082','33','[MCTA033]<Processo>',3,'',6,1),(800,'2023-04-17 20:08:10.325718','32','[MCTA033]<Requisito>',3,'',6,1),(801,'2023-04-17 20:08:10.328251','27','[MCTA033]<RUP>',3,'',6,1),(802,'2023-04-17 20:08:10.330644','31','[MCTA033]<SI>',3,'',6,1),(803,'2023-04-17 20:08:10.333248','29','[MCTA033]<Teste>',3,'',6,1),(804,'2023-04-17 20:08:10.336690','25','[MCTA033]<UML>',3,'',6,1),(805,'2023-04-17 20:08:10.339652','85','[MetCient]<MetCient>',3,'',6,1),(806,'2023-04-17 20:08:10.342533','86','[ModDad]<ModDad>',3,'',6,1),(807,'2023-04-17 20:08:10.345645','180','[NHI2049]<LB-Lógica Proposicional>',3,'',6,1),(808,'2023-04-17 20:08:10.348605','177','[PDI]<im1-Introdução>',3,'',6,1),(809,'2023-04-17 20:08:10.351385','137','[PDI]<im2-Operadores Morfológicos>',3,'',6,1),(810,'2023-04-17 20:08:10.354289','68','[ProjSis]<projeto>',3,'',6,1),(811,'2023-04-17 20:08:10.356786','92','[SegInfo]<SegInfo1>',3,'',6,1),(812,'2023-04-17 20:08:10.359280','91','[SegInfo]<SegInfo2p1>',3,'',6,1),(813,'2023-04-17 20:08:10.361911','93','[SegInfo]<SegInfo2p2>',3,'',6,1),(814,'2023-04-17 20:08:10.364481','90','[SegInfo]<SegInfo3>',3,'',6,1),(815,'2023-04-17 20:08:10.366941','89','[SegInfo]<SegInfo4>',3,'',6,1),(816,'2023-04-17 20:08:10.369702','88','[SegInfo]<SegInfoFixas>',3,'',6,1),(817,'2023-04-17 20:08:10.372525','228','[Seleção]<guiou>',3,'',6,1),(818,'2023-04-17 20:08:10.375150','193','[Seleção]<OLD-sel>',3,'',6,1),(819,'2023-04-17 20:08:10.377748','203','[Seleção]<sel-Arquitetura>',3,'',6,1),(820,'2023-04-17 20:08:10.380420','205','[Seleção]<sel-Compilador>',3,'',6,1),(821,'2023-04-17 20:08:10.383746','204','[Seleção]<sel-Linguagens>',3,'',6,1),(822,'2023-04-17 20:08:10.387194','207','[Seleção]<sel-Memória>',3,'',6,1),(823,'2023-04-17 20:08:10.389855','202','[Seleção]<sel-Operações>',3,'',6,1),(824,'2023-04-17 20:08:10.392405','208','[Seleção]<sel-Redes>',3,'',6,1),(825,'2023-04-17 20:08:10.394836','209','[Seleção]<sel-SI>',3,'',6,1),(826,'2023-04-17 20:08:10.397431','206','[Seleção]<sel-SO>',3,'',6,1),(827,'2023-04-17 20:08:10.399994','69','[SisCom]<SisCom-Geral>',3,'',6,1),(828,'2023-04-17 20:08:10.402422','224','[SisCom]<TSI5-SisCom>',3,'',6,1),(829,'2023-04-17 20:08:10.404889','77','[SisCor]<SisCor01>',3,'',6,1),(830,'2023-04-17 20:08:10.407436','78','[SisCor]<SisCor02>',3,'',6,1),(831,'2023-04-17 20:08:10.409969','79','[SisCor]<SisCor03>',3,'',6,1),(832,'2023-04-17 20:08:10.412487','80','[SisCor]<SisCor04>',3,'',6,1),(833,'2023-04-17 20:08:10.414918','81','[SisCor]<SisCor05>',3,'',6,1),(834,'2023-04-17 20:08:10.417472','82','[SisCor]<SisCor06>',3,'',6,1),(835,'2023-04-17 20:08:10.420058','83','[SisCor]<SisCor07>',3,'',6,1),(836,'2023-04-17 20:08:10.423658','84','[SisCor]<SisCor08>',3,'',6,1),(837,'2023-04-17 20:08:10.427579','87','[SoftLivre]<SoftLivre>',3,'',6,1),(838,'2023-04-17 20:08:10.430523','226','[SoftLivre]<tsi5-Jorge>',3,'',6,1),(839,'2023-04-17 20:08:10.433389','70','[TecMult]<TecMult01>',3,'',6,1),(840,'2023-04-17 20:08:10.436014','71','[TecMult]<TecMult02>',3,'',6,1),(841,'2023-04-17 20:08:10.438799','72','[TecMult]<TecMult03>',3,'',6,1),(842,'2023-04-17 20:08:10.441530','73','[TecMult]<TecMult04>',3,'',6,1),(843,'2023-04-17 20:08:10.444213','74','[TecMult]<TecMult05>',3,'',6,1),(844,'2023-04-17 20:08:10.446788','75','[TecMult]<TecMult06>',3,'',6,1),(845,'2023-04-17 20:08:10.449583','76','[TecMult]<TecMult07>',3,'',6,1),(846,'2023-04-17 20:08:10.452225','216','[TSI-fase2]<Dado, Informação e Conhecimento>',3,'',6,1),(847,'2023-04-17 20:08:30.666301','6','[BCM0505]<6-módulo-parte2>',3,'',6,1),(848,'2023-04-17 20:08:30.669769','5','[BCM0505]<7-matriz>',3,'',6,1),(849,'2023-04-17 20:08:30.672530','11','[Ex]<template>',3,'',6,1),(850,'2023-04-17 20:08:30.675281','12','[Ex]<template-equação-paramétrica>',3,'',6,1),(851,'2023-04-17 20:08:30.678008','13','[Ex]<template-figura>',3,'',6,1),(852,'2023-04-17 20:08:30.680841','14','[Ex]<template-integral>',3,'',6,1),(853,'2023-04-17 20:08:30.683615','15','[Ex]<template-integral-fig>',3,'',6,1),(854,'2023-04-17 20:08:30.686676','16','[Ex]<template-mru>',3,'',6,1),(855,'2023-04-17 20:08:30.689551','192','[FEMEC]<FEMEC-Introdução>',3,'',6,1),(856,'2023-04-17 20:08:30.692333','65','[GA]<Vetores>',3,'',6,1),(857,'2023-04-17 20:08:45.962758','11','[Ex]<template>',3,'',6,1),(858,'2023-04-17 20:09:06.462434','192','[FEMEC]<FEMEC-Introdução>',3,'',6,1),(859,'2023-04-17 20:09:06.465832','65','[GA]<Vetores>',3,'',6,1),(860,'2023-04-17 20:09:06.468651','7','[GestGovTI]<Aula01>',3,'',6,1),(861,'2023-04-17 20:09:06.471572','8','[GestGovTI]<Aula02>',3,'',6,1),(862,'2023-04-17 20:09:06.474505','9','[GestGovTI]<Aula03>',3,'',6,1),(863,'2023-04-17 20:09:06.477340','10','[GestGovTI]<Aula04>',3,'',6,1),(864,'2023-04-17 20:09:06.480061','66','[GestPQSw]<PMBOK>',3,'',6,1),(865,'2023-04-17 20:09:06.482845','157','[IPE]<01-Introdução>',3,'',6,1),(866,'2023-04-17 20:09:06.485562','163','[IPE]<Tópico Exemplo>',3,'',6,1),(867,'2023-04-17 20:09:06.488239','67','[ITW]<internet>',3,'',6,1),(868,'2023-04-17 20:09:21.181274','65','[GA]<Vetores>',3,'',6,1),(869,'2023-04-17 20:09:32.282524','192','[FEMEC]<FEMEC-Introdução>',3,'',6,1),(870,'2023-04-17 20:09:43.821948','7','[GestGovTI]<Aula01>',3,'',6,1),(871,'2023-04-17 20:10:08.199563','66','[GestPQSw]<PMBOK>',2,'[]',6,1),(872,'2023-04-17 20:10:29.895766','66','[GestPQSw]<PMBOK>',3,'',6,1),(873,'2023-04-17 20:10:52.241449','157','[IPE]<01-Introdução>',3,'',6,1),(874,'2023-04-17 20:10:52.244645','163','[IPE]<Tópico Exemplo>',3,'',6,1),(875,'2023-04-17 20:10:52.247340','67','[ITW]<internet>',3,'',6,1),(876,'2023-04-17 20:10:52.250172','35','[MCTA004-17]<introducao>',3,'',6,1),(877,'2023-04-17 20:10:52.253387','222','[MCTA004-17]<introducao2>',3,'',6,1),(878,'2023-04-17 20:10:52.256464','36','[MCTA004-17]<introducaoP2>',3,'',6,1),(879,'2023-04-17 20:10:52.259378','37','[MCTA004-17]<IntroducaoREC>',3,'',6,1),(880,'2023-04-17 20:11:14.992281','150','[MCTA023-13]<SD-10certificado>',3,'',6,1),(881,'2023-04-17 20:11:14.995445','151','[MCTA023-13]<SD-11cifrasclassicas1>',3,'',6,1),(882,'2023-04-17 20:11:14.998145','152','[MCTA023-13]<SD-12integridade>',3,'',6,1),(883,'2023-04-17 20:11:15.000818','140','[MCTA023-13]<SD-1fundamentos1>',3,'',6,1),(884,'2023-04-17 20:11:15.004588','141','[MCTA023-13]<SD-2fundamentos2>',3,'',6,1),(885,'2023-04-17 20:11:15.008558','143','[MCTA023-13]<SD-3cifrasclassicas2>',3,'',6,1),(886,'2023-04-17 20:11:15.011875','144','[MCTA023-13]<SD-4cifrasbloco>',3,'',6,1),(887,'2023-04-17 20:11:15.014799','145','[MCTA023-13]<SD-5hash>',3,'',6,1),(888,'2023-04-17 20:11:15.017755','146','[MCTA023-13]<SD-6chavepublica>',3,'',6,1),(889,'2023-04-17 20:11:15.020756','147','[MCTA023-13]<SD-7controleacesso1>',3,'',6,1),(890,'2023-04-17 20:11:15.024089','148','[MCTA023-13]<SD-8controleacesso2>',3,'',6,1),(891,'2023-04-17 20:11:15.027292','149','[MCTA023-13]<SD-9assinatura>',3,'',6,1),(892,'2023-04-17 20:11:47.955647','210','[MCTA028-15]<PE-01-introdução>',3,'',6,1),(893,'2023-04-17 20:11:47.958994','221','[MCTA028-15]<PE-01-recursão>',3,'',6,1),(894,'2023-04-17 20:11:47.962062','211','[MCTA028-15]<PE-02-vetor>',3,'',6,1),(895,'2023-04-17 20:11:47.964925','212','[MCTA028-15]<PE-03-matriz>',3,'',6,1),(896,'2023-04-17 20:11:47.967741','215','[MCTA028-15]<PE-04-arquivo>',3,'',6,1),(897,'2023-04-17 20:11:47.970771','214','[MCTA028-15]<PE-04-registro>',3,'',6,1),(898,'2023-04-17 20:11:47.973522','213','[MCTA028-15]<PE-05-ponteiro>',3,'',6,1),(899,'2023-04-17 20:11:47.976281','223','[MCTA028-15]<PE-06-Lista-Fila-Pilha>',3,'',6,1),(900,'2023-04-17 20:11:47.978900','28','[MCTA033]<APF>',3,'',6,1),(901,'2023-04-17 20:11:47.981603','22','[MCTA033]<CMMI>',3,'',6,1),(902,'2023-04-17 20:11:47.984293','34','[MCTA033]<ES>',3,'',6,1),(903,'2023-04-17 20:11:47.986953','30','[MCTA033]<Modelagem>',3,'',6,1),(904,'2023-04-17 20:11:47.989692','23','[MCTA033]<OO>',3,'',6,1),(905,'2023-04-17 20:11:47.992669','24','[MCTA033]<Padrão>',3,'',6,1),(906,'2023-04-17 20:11:47.995348','33','[MCTA033]<Processo>',3,'',6,1),(907,'2023-04-17 20:11:47.998204','32','[MCTA033]<Requisito>',3,'',6,1),(908,'2023-04-17 20:11:48.001816','27','[MCTA033]<RUP>',3,'',6,1),(909,'2023-04-17 20:11:48.004497','31','[MCTA033]<SI>',3,'',6,1),(910,'2023-04-17 20:11:48.007194','29','[MCTA033]<Teste>',3,'',6,1),(911,'2023-04-17 20:11:48.010158','25','[MCTA033]<UML>',3,'',6,1),(912,'2023-04-17 20:12:18.278314','177','[PDI]<im1-Introdução>',3,'',6,1),(913,'2023-04-17 20:12:18.281726','137','[PDI]<im2-Operadores Morfológicos>',3,'',6,1),(914,'2023-04-17 20:12:18.284530','68','[ProjSis]<projeto>',3,'',6,1),(915,'2023-04-17 20:12:18.287208','92','[SegInfo]<SegInfo1>',3,'',6,1),(916,'2023-04-17 20:12:18.290319','91','[SegInfo]<SegInfo2p1>',3,'',6,1),(917,'2023-04-17 20:12:18.293339','93','[SegInfo]<SegInfo2p2>',3,'',6,1),(918,'2023-04-17 20:12:18.296015','90','[SegInfo]<SegInfo3>',3,'',6,1),(919,'2023-04-17 20:12:18.298825','89','[SegInfo]<SegInfo4>',3,'',6,1),(920,'2023-04-17 20:12:18.302658','88','[SegInfo]<SegInfoFixas>',3,'',6,1),(921,'2023-04-17 20:12:18.306619','228','[Seleção]<guiou>',3,'',6,1),(922,'2023-04-17 20:12:18.309724','193','[Seleção]<OLD-sel>',3,'',6,1),(923,'2023-04-17 20:12:18.312421','203','[Seleção]<sel-Arquitetura>',3,'',6,1),(924,'2023-04-17 20:12:18.315159','205','[Seleção]<sel-Compilador>',3,'',6,1),(925,'2023-04-17 20:12:18.319050','204','[Seleção]<sel-Linguagens>',3,'',6,1),(926,'2023-04-17 20:12:18.322018','207','[Seleção]<sel-Memória>',3,'',6,1),(927,'2023-04-17 20:12:18.325320','202','[Seleção]<sel-Operações>',3,'',6,1),(928,'2023-04-17 20:12:18.328694','208','[Seleção]<sel-Redes>',3,'',6,1),(929,'2023-04-17 20:12:18.331577','209','[Seleção]<sel-SI>',3,'',6,1),(930,'2023-04-17 20:12:18.334310','206','[Seleção]<sel-SO>',3,'',6,1),(931,'2023-04-17 20:12:52.013475','85','[MetCient]<MetCient>',3,'',6,1),(932,'2023-04-17 20:12:52.016571','86','[ModDad]<ModDad>',3,'',6,1),(933,'2023-04-17 20:12:52.019100','180','[NHI2049]<LB-Lógica Proposicional>',3,'',6,1),(934,'2023-04-17 20:12:52.021669','69','[SisCom]<SisCom-Geral>',3,'',6,1),(935,'2023-04-17 20:12:52.024216','224','[SisCom]<TSI5-SisCom>',3,'',6,1),(936,'2023-04-17 20:12:52.026708','77','[SisCor]<SisCor01>',3,'',6,1),(937,'2023-04-17 20:12:52.029323','78','[SisCor]<SisCor02>',3,'',6,1),(938,'2023-04-17 20:12:52.031799','79','[SisCor]<SisCor03>',3,'',6,1),(939,'2023-04-17 20:12:52.034124','80','[SisCor]<SisCor04>',3,'',6,1),(940,'2023-04-17 20:12:52.036594','81','[SisCor]<SisCor05>',3,'',6,1),(941,'2023-04-17 20:12:52.038985','82','[SisCor]<SisCor06>',3,'',6,1),(942,'2023-04-17 20:12:52.041498','83','[SisCor]<SisCor07>',3,'',6,1),(943,'2023-04-17 20:12:52.043974','84','[SisCor]<SisCor08>',3,'',6,1),(944,'2023-04-17 20:12:52.046370','87','[SoftLivre]<SoftLivre>',3,'',6,1),(945,'2023-04-17 20:12:52.048930','226','[SoftLivre]<tsi5-Jorge>',3,'',6,1),(946,'2023-04-17 20:12:52.051499','70','[TecMult]<TecMult01>',3,'',6,1),(947,'2023-04-17 20:12:52.054092','71','[TecMult]<TecMult02>',3,'',6,1),(948,'2023-04-17 20:12:52.056750','72','[TecMult]<TecMult03>',3,'',6,1),(949,'2023-04-17 20:12:52.059366','73','[TecMult]<TecMult04>',3,'',6,1),(950,'2023-04-17 20:12:52.062031','74','[TecMult]<TecMult05>',3,'',6,1),(951,'2023-04-17 20:12:52.065092','75','[TecMult]<TecMult06>',3,'',6,1),(952,'2023-04-17 20:12:52.067592','76','[TecMult]<TecMult07>',3,'',6,1),(953,'2023-04-17 20:13:02.604692','216','[TSI-fase2]<Dado, Informação e Conhecimento>',3,'',6,1),(954,'2023-04-17 20:13:02.607855','217','[TSI-fase2]<Mundo Digital>',3,'',6,1),(955,'2023-04-17 20:13:02.610775','218','[TSI-fase2]<Teoria da Informação>',3,'',6,1),(956,'2023-04-17 20:13:02.613551','219','[TSI-fase3]<fase3>',3,'',6,1),(957,'2023-04-17 20:13:10.139904','10','[GestGovTI]<Aula04>',3,'',6,1),(958,'2023-04-17 20:13:38.459985','1','[Ex]<1-sequencial>',2,'[{\"changed\": {\"fields\": [\"Disciplines\"]}}]',6,1),(959,'2023-04-17 20:13:51.329721','1','[Ex]<1-sequencial>',3,'',6,1),(960,'2023-04-17 20:14:35.378841','3','IE - CE - Disciplina Exemplo',3,'',11,1),(961,'2023-04-17 20:14:35.384740','11','UFABC - ARI - Curso de Italiano Presencial',3,'',11,1),(962,'2023-04-17 20:14:35.389934','12','UFABC - ARI - Curso de Língua Inglesa Presencial',3,'',11,1),(963,'2023-04-17 20:14:35.395288','13','UFABC - ARI - Curso Presencial de Espanhol',3,'',11,1),(964,'2023-04-17 20:14:35.400838','15','UFABC - BCC - Arquitetura de Computadores',3,'',11,1),(965,'2023-04-17 20:14:35.406334','34','UFABC - BCC - Compiladores',3,'',11,1),(966,'2023-04-17 20:14:35.411541','14','UFABC - BCC - Engenharia de Software',3,'',11,1),(967,'2023-04-17 20:14:35.416648','38','UFABC - BCC - Processamento Digital de Imagens',3,'',11,1),(968,'2023-04-17 20:14:35.421752','46','UFABC - BCC - Programação Estruturada',3,'',11,1),(969,'2023-04-17 20:14:35.426870','39','UFABC - BCC - Segurança de Dados',3,'',11,1),(970,'2023-04-17 20:14:35.431833','31','UFABC - BCC - Segurança de Dados',3,'',11,1),(971,'2023-04-17 20:14:35.437100','17','UFABC - BCT-H-Lic - Bases Computacionais da Ciência',3,'',11,1),(972,'2023-04-17 20:14:35.442241','42','UFABC - BCT-H-Lic - Comunicação e Redes',3,'',11,1),(973,'2023-04-17 20:14:35.447376','45','UFABC - BCT-H-Lic - Fenômenos Mecânicos',3,'',11,1),(974,'2023-04-17 20:14:35.453209','18','UFABC - BCT-H-Lic - Funções de Uma Variável',3,'',11,1),(975,'2023-04-17 20:14:35.459570','21','UFABC - BCT-H-Lic - Geometria Analítica',3,'',11,1),(976,'2023-04-17 20:14:35.464699','41','UFABC - BCT-H-Lic - Introdução à Probabilidade e à Estatística',3,'',11,1),(977,'2023-04-17 20:14:35.469843','44','UFABC - BCT-H-Lic - Lógica Básica',3,'',11,1),(978,'2023-04-17 20:14:35.474942','19','UFABC - BCT-H-Lic - Natureza da Informação',3,'',11,1),(979,'2023-04-17 20:14:35.480074','1','UFABC - BCT-H-Lic - Processamento da Informação',3,'',11,1),(980,'2023-04-17 20:14:35.485260','36','UFABC - BMat - Cálculo Numérico',3,'',11,1),(981,'2023-04-17 20:14:35.490504','20','UFABC - EE - Bases Conceituais da Energia',3,'',11,1),(982,'2023-04-17 20:14:35.495727','33','UFABC - EG - Engenharia Econômica',3,'',11,1),(983,'2023-04-17 20:14:35.500691','16','UFABC - EG - Inovação Tecnológica',3,'',11,1),(984,'2023-04-17 20:14:35.505752','37','UFABC - EG - Propriedade Intelectual',3,'',11,1),(985,'2023-04-17 20:14:35.510961','40','UFABC - EG - Qualidade em Sistemas',3,'',11,1),(986,'2023-04-17 20:14:35.516672','43','UFABC - EP - Processo seletivo 2021',3,'',11,1),(987,'2023-04-17 20:14:35.521855','50','UFABC - EP - Processo seletivo 2023',3,'',11,1),(988,'2023-04-17 20:14:35.527067','5','UFABC - EP - PROVA DE SELEÇÃO DE 2020',3,'',11,1),(989,'2023-04-17 20:14:35.532399','6','UFABC - EP - Simulados',3,'',11,1),(990,'2023-04-17 20:14:35.537619','32','UFABC - TSI - Computação Móvel',3,'',11,1),(991,'2023-04-17 20:14:35.543255','22','UFABC - TSI - Gestão de Projetos e Qualidade de Software',3,'',11,1),(992,'2023-04-17 20:14:35.548371','2','UFABC - TSI - Gestão e Governança de TI',3,'',11,1),(993,'2023-04-17 20:14:35.553577','23','UFABC - TSI - Internet e Tecnologias Web',3,'',11,1),(994,'2023-04-17 20:14:35.559846','28','UFABC - TSI - Metodologia Científica',3,'',11,1),(995,'2023-04-17 20:14:35.565611','29','UFABC - TSI - Modelagem de Dados',3,'',11,1),(996,'2023-04-17 20:14:35.570836','47','UFABC - TSI - Processo Seletivo',3,'',11,1),(997,'2023-04-17 20:14:35.575816','48','UFABC - TSI - Processo Seletivo - Fase 2',3,'',11,1),(998,'2023-04-17 20:14:35.580942','49','UFABC - TSI - Processo Seletivo - Fase 3',3,'',11,1),(999,'2023-04-17 20:14:35.585910','24','UFABC - TSI - Projeto de Sistemas',3,'',11,1),(1000,'2023-04-17 20:14:35.590881','25','UFABC - TSI - Sistemas Computacionais',3,'',11,1),(1001,'2023-04-17 20:14:35.595941','27','UFABC - TSI - Sistemas Corporativos da Informação',3,'',11,1),(1002,'2023-04-17 20:14:35.600880','30','UFABC - TSI - Software Livre',3,'',11,1),(1003,'2023-04-17 20:14:35.605886','26','UFABC - TSI - Tecnologias Multimídia',3,'',11,1),(1004,'2023-04-17 20:14:57.679582','3','IE - CE - Disciplina Exemplo',3,'',11,1),(1005,'2023-04-17 20:15:10.843929','11','UFABC - ARI - Curso de Italiano Presencial',3,'',11,1),(1006,'2023-04-17 20:15:10.850365','12','UFABC - ARI - Curso de Língua Inglesa Presencial',3,'',11,1),(1007,'2023-04-17 20:15:10.856593','13','UFABC - ARI - Curso Presencial de Espanhol',3,'',11,1),(1008,'2023-04-17 20:15:22.011828','15','UFABC - BCC - Arquitetura de Computadores',3,'',11,1),(1009,'2023-04-17 20:15:22.017477','34','UFABC - BCC - Compiladores',3,'',11,1),(1010,'2023-04-17 20:15:22.022979','14','UFABC - BCC - Engenharia de Software',3,'',11,1),(1011,'2023-04-17 20:15:22.027799','38','UFABC - BCC - Processamento Digital de Imagens',3,'',11,1),(1012,'2023-04-17 20:15:35.558924','46','UFABC - BCC - Programação Estruturada',3,'',11,1),(1013,'2023-04-17 20:15:35.566017','39','UFABC - BCC - Segurança de Dados',3,'',11,1),(1014,'2023-04-17 20:15:35.572714','31','UFABC - BCC - Segurança de Dados',3,'',11,1),(1015,'2023-04-17 20:15:35.578034','17','UFABC - BCT-H-Lic - Bases Computacionais da Ciência',3,'',11,1),(1016,'2023-04-17 20:15:35.583101','42','UFABC - BCT-H-Lic - Comunicação e Redes',3,'',11,1),(1017,'2023-04-17 20:15:49.840934','45','UFABC - BCT-H-Lic - Fenômenos Mecânicos',3,'',11,1),(1018,'2023-04-17 20:15:49.846860','18','UFABC - BCT-H-Lic - Funções de Uma Variável',3,'',11,1),(1019,'2023-04-17 20:15:49.852284','21','UFABC - BCT-H-Lic - Geometria Analítica',3,'',11,1),(1020,'2023-04-17 20:15:49.857445','41','UFABC - BCT-H-Lic - Introdução à Probabilidade e à Estatística',3,'',11,1),(1021,'2023-04-17 20:15:49.862820','44','UFABC - BCT-H-Lic - Lógica Básica',3,'',11,1),(1022,'2023-04-17 20:15:49.867948','19','UFABC - BCT-H-Lic - Natureza da Informação',3,'',11,1),(1023,'2023-04-17 20:15:49.872900','1','UFABC - BCT-H-Lic - Processamento da Informação',3,'',11,1),(1024,'2023-04-17 20:16:04.945143','45','UFABC - BCT-H-Lic - Fenômenos Mecânicos',3,'',11,1),(1025,'2023-04-17 20:16:04.950825','18','UFABC - BCT-H-Lic - Funções de Uma Variável',3,'',11,1),(1026,'2023-04-17 20:16:04.957485','21','UFABC - BCT-H-Lic - Geometria Analítica',3,'',11,1),(1027,'2023-04-17 20:16:04.963839','41','UFABC - BCT-H-Lic - Introdução à Probabilidade e à Estatística',3,'',11,1),(1028,'2023-04-17 20:16:22.192462','44','UFABC - BCT-H-Lic - Lógica Básica',3,'',11,1),(1029,'2023-04-17 20:16:22.198396','19','UFABC - BCT-H-Lic - Natureza da Informação',3,'',11,1),(1030,'2023-04-17 20:16:22.203581','36','UFABC - BMat - Cálculo Numérico',3,'',11,1),(1031,'2023-04-17 20:16:22.209912','20','UFABC - EE - Bases Conceituais da Energia',3,'',11,1),(1032,'2023-04-17 20:16:22.215895','33','UFABC - EG - Engenharia Econômica',3,'',11,1),(1033,'2023-04-17 20:16:37.754675','16','UFABC - EG - Inovação Tecnológica',3,'',11,1),(1034,'2023-04-17 20:16:37.760069','37','UFABC - EG - Propriedade Intelectual',3,'',11,1),(1035,'2023-04-17 20:16:37.765293','40','UFABC - EG - Qualidade em Sistemas',3,'',11,1),(1036,'2023-04-17 20:16:37.770435','43','UFABC - EP - Processo seletivo 2021',3,'',11,1),(1037,'2023-04-17 20:16:37.775449','50','UFABC - EP - Processo seletivo 2023',3,'',11,1),(1038,'2023-04-17 20:16:37.780377','5','UFABC - EP - PROVA DE SELEÇÃO DE 2020',3,'',11,1),(1039,'2023-04-17 20:16:37.785820','6','UFABC - EP - Simulados',3,'',11,1),(1040,'2023-04-17 20:16:37.790562','32','UFABC - TSI - Computação Móvel',3,'',11,1),(1041,'2023-04-17 20:16:37.795410','22','UFABC - TSI - Gestão de Projetos e Qualidade de Software',3,'',11,1),(1042,'2023-04-17 20:16:37.800816','2','UFABC - TSI - Gestão e Governança de TI',3,'',11,1),(1043,'2023-04-17 20:16:37.805803','23','UFABC - TSI - Internet e Tecnologias Web',3,'',11,1),(1044,'2023-04-17 20:16:37.812099','28','UFABC - TSI - Metodologia Científica',3,'',11,1),(1045,'2023-04-17 20:16:37.818500','29','UFABC - TSI - Modelagem de Dados',3,'',11,1),(1046,'2023-04-17 20:16:37.823520','47','UFABC - TSI - Processo Seletivo',3,'',11,1),(1047,'2023-04-17 20:16:37.828523','48','UFABC - TSI - Processo Seletivo - Fase 2',3,'',11,1),(1048,'2023-04-17 20:16:37.833794','49','UFABC - TSI - Processo Seletivo - Fase 3',3,'',11,1),(1049,'2023-04-17 20:16:37.841142','24','UFABC - TSI - Projeto de Sistemas',3,'',11,1),(1050,'2023-04-17 20:16:37.847070','25','UFABC - TSI - Sistemas Computacionais',3,'',11,1),(1051,'2023-04-17 20:16:37.852157','27','UFABC - TSI - Sistemas Corporativos da Informação',3,'',11,1),(1052,'2023-04-17 20:16:37.859300','30','UFABC - TSI - Software Livre',3,'',11,1),(1053,'2023-04-17 20:16:37.865375','26','UFABC - TSI - Tecnologias Multimídia',3,'',11,1),(1054,'2023-04-17 20:16:52.750206','16','UFABC - EG - Inovação Tecnológica',3,'',11,1),(1055,'2023-04-17 20:16:52.757602','37','UFABC - EG - Propriedade Intelectual',3,'',11,1),(1056,'2023-04-17 20:16:52.763340','40','UFABC - EG - Qualidade em Sistemas',3,'',11,1),(1057,'2023-04-17 20:16:52.771273','43','UFABC - EP - Processo seletivo 2021',3,'',11,1),(1058,'2023-04-17 20:16:52.776534','50','UFABC - EP - Processo seletivo 2023',3,'',11,1),(1059,'2023-04-17 20:16:52.781765','5','UFABC - EP - PROVA DE SELEÇÃO DE 2020',3,'',11,1),(1060,'2023-04-17 20:17:09.686955','6','UFABC - EP - Simulados',3,'',11,1),(1061,'2023-04-17 20:17:09.692599','32','UFABC - TSI - Computação Móvel',3,'',11,1),(1062,'2023-04-17 20:17:09.698076','22','UFABC - TSI - Gestão de Projetos e Qualidade de Software',3,'',11,1),(1063,'2023-04-17 20:17:09.703784','2','UFABC - TSI - Gestão e Governança de TI',3,'',11,1),(1064,'2023-04-17 20:17:09.709268','23','UFABC - TSI - Internet e Tecnologias Web',3,'',11,1),(1065,'2023-04-17 20:17:09.714343','28','UFABC - TSI - Metodologia Científica',3,'',11,1),(1066,'2023-04-17 20:17:23.113517','6','UFABC - EP - Simulados',3,'',11,1),(1067,'2023-04-17 20:17:30.848542','32','UFABC - TSI - Computação Móvel',3,'',11,1),(1068,'2023-04-17 20:17:45.226107','24','UFABC - TSI - Projeto de Sistemas',3,'',11,1),(1069,'2023-04-17 20:17:45.232039','25','UFABC - TSI - Sistemas Computacionais',3,'',11,1),(1070,'2023-04-17 20:17:45.237358','27','UFABC - TSI - Sistemas Corporativos da Informação',3,'',11,1),(1071,'2023-04-17 20:17:45.244858','30','UFABC - TSI - Software Livre',3,'',11,1),(1072,'2023-04-17 20:17:45.249967','26','UFABC - TSI - Tecnologias Multimídia',3,'',11,1),(1073,'2023-04-17 20:17:55.360620','29','UFABC - TSI - Modelagem de Dados',3,'',11,1),(1074,'2023-04-17 20:17:55.365974','47','UFABC - TSI - Processo Seletivo',3,'',11,1),(1075,'2023-04-17 20:17:55.371093','48','UFABC - TSI - Processo Seletivo - Fase 2',3,'',11,1),(1076,'2023-04-17 20:17:55.376175','49','UFABC - TSI - Processo Seletivo - Fase 3',3,'',11,1),(1077,'2023-04-17 20:18:04.649250','2','UFABC - TSI - Gestão e Governança de TI',3,'',11,1),(1078,'2023-04-17 20:18:04.655177','23','UFABC - TSI - Internet e Tecnologias Web',3,'',11,1),(1079,'2023-04-17 20:18:04.660446','28','UFABC - TSI - Metodologia Científica',3,'',11,1),(1080,'2023-04-17 20:18:14.990849','23','UFABC - TSI - Internet e Tecnologias Web',3,'',11,1),(1081,'2023-04-17 20:18:14.996387','28','UFABC - TSI - Metodologia Científica',3,'',11,1),(1082,'2023-04-17 20:18:25.624709','22','UFABC - TSI - Gestão de Projetos e Qualidade de Software',3,'',11,1),(1083,'2023-04-17 20:18:51.417875','2','UFABC - TSI - Gestão e Governança de TI',2,'[{\"changed\": {\"fields\": [\"Discipline professors\", \"Discipline coordinators\"]}}]',11,1),(1084,'2023-04-17 20:19:00.416321','2','UFABC - TSI - Gestão e Governança de TI',3,'',11,1),(1085,'2023-04-17 20:19:23.117470','2','IE - CE - Gestão e Governança de TI',2,'[{\"changed\": {\"fields\": [\"Discipline course\"]}}]',11,1),(1086,'2023-04-17 20:19:33.812397','2','IE - CE - Gestão e Governança de TI',3,'',11,1),(1087,'2023-04-17 20:20:04.659958','10','UFABC - Bacharelado em Matemática',3,'',9,1),(1088,'2023-04-17 20:20:04.663128','9','UFABC - Engenharia de Energia',3,'',9,1),(1089,'2023-04-17 20:20:04.665817','5','UFABC - Escola Preparatória',3,'',9,1),(1090,'2023-04-17 20:20:04.668429','11','UFABC - Pós-Graduação em Ciência da Computação',3,'',9,1),(1091,'2023-04-17 20:20:04.671063','6','UFABC - Relações Internacionais',3,'',9,1),(1092,'2023-04-17 20:20:13.208967','2','UFABC - Tecnologias e Sistemas de Informação',3,'',9,1),(1093,'2023-04-17 20:20:19.326699','8','UFABC - Engenharia de Gestão',3,'',9,1),(1094,'2023-04-17 20:20:28.042777','1','UFABC - Bacharelado em Ciência e Tec./Hum. e Licenciaturas',3,'',9,1),(1095,'2023-04-17 20:20:34.911433','7','UFABC - Bacharelado em Ciência da Computação',3,'',9,1),(1096,'2023-04-17 20:20:51.608890','1','Universidade Federal do ABC',3,'',10,1),(1097,'2023-04-17 20:21:23.104294','6','alexandre.donizeti@ufabc.edu.br',3,'',17,1),(1098,'2023-04-17 20:21:23.106265','7','alexandre.noma@ufabc.edu.br',3,'',17,1),(1099,'2023-04-17 20:21:23.107604','52','aline.lima@mj.gov.br',3,'',17,1),(1100,'2023-04-17 20:21:23.108778','58','ana.muta@ufabc.edu.br',3,'',17,1),(1101,'2023-04-17 20:21:23.110002','95','ana.simoes@ufabc.edu.br',3,'',17,1),(1102,'2023-04-17 20:21:23.111259','85','andre.cravo@ufabc.edu.br',3,'',17,1),(1103,'2023-04-17 20:21:23.112378','86','andre.t@ufabc.edu.br',3,'',17,1),(1104,'2023-04-17 20:21:23.113671','82','angelica.lima@ufabc.edu.br',3,'',17,1),(1105,'2023-04-17 20:21:23.114776','87','c.sato@ufabc.edu.br',3,'',17,1),(1106,'2023-04-17 20:21:23.115989','14','celso.kurashima@ufabc.edu.br',3,'',17,1),(1107,'2023-04-17 20:21:23.117155','93','claudio.meneses@ufabc.edu.br',3,'',17,1),(1108,'2023-04-17 20:21:23.118281','88','cristiane.salum@ufabc.edu.br',3,'',17,1),(1109,'2023-04-17 20:21:23.119529','17','daniel.boari@ufabc.edu.br',3,'',17,1),(1110,'2023-04-17 20:21:23.120854','103','david.martins@ufabc.edu.br',3,'',17,1),(1111,'2023-04-17 20:21:23.122335','79','denise.goya@ufabc.edu.br',3,'',17,1),(1112,'2023-04-17 20:21:23.123573','81','diego.ferruzzo@ufabc.edu.br',3,'',17,1),(1113,'2023-04-17 20:21:23.124829','78','edson.iriarte@ufabc.edu.br',3,'',17,1),(1114,'2023-04-17 20:21:23.126192','20','edson.pimentel@ufabc.edu.br',3,'',17,1),(1115,'2023-04-17 20:21:23.127365','61','ercilio.silva@ufabc.edu.br',3,'',17,1),(1116,'2023-04-17 20:21:23.128541','54','fabio.souza@ufabc.edu.br',3,'',17,1),(1117,'2023-04-17 20:21:23.129656','23','fernando.teubl@ufabc.edu.br',3,'',17,1),(1118,'2023-04-17 20:21:23.130854','22','folivetti@ufabc.edu.br',3,'',17,1),(1119,'2023-04-17 20:21:23.131985','25','francisco.fraga@ufabc.edu.br',3,'',17,1),(1120,'2023-04-17 20:21:23.133118','98','fzampirolli3@ufabc.edu.br',3,'',17,1),(1121,'2023-04-17 20:21:23.134230','83','fzprof1@ufabc.edu.br',3,'',17,1),(1122,'2023-04-17 20:21:23.137893','106','geiza.silva@ufabc.edu.br',3,'',17,1),(1123,'2023-04-17 20:21:23.139259','102','graca.marietto@ufabc.edu.br',3,'',17,1),(1124,'2023-04-17 20:21:23.140639','60','guiou.kobayashi@ufabc.edu.br',3,'',17,1),(1125,'2023-04-17 20:21:23.141872','89','harlen.batagelo@ufabc.edu.br',3,'',17,1),(1126,'2023-04-17 20:21:23.143119','69','irineu.antunes@ufabc.edu.br',3,'',17,1),(1127,'2023-04-17 20:21:23.144388','76','itana@ufabc.edu.br',3,'',17,1),(1128,'2023-04-17 20:21:23.145902','107','roberto.rodrigues@ufabc.edu.br',3,'',17,1),(1129,'2023-04-17 20:21:23.147872','100','jair.donadelli@ufabc.edu.br',3,'',17,1),(1130,'2023-04-17 20:21:23.149585','77','joao.gois@ufabc.edu.br',3,'',17,1),(1131,'2023-04-17 20:21:23.151056','62','joao.moreira@ufabc.edu.br',3,'',17,1),(1132,'2023-04-17 20:21:23.152426','31','john.sims@ufabc.edu.br',3,'',17,1),(1133,'2023-04-17 20:21:23.153516','63','jorge.tomioka@ufabc.edu.br',3,'',17,1),(1134,'2023-04-17 20:21:23.154708','70','juliana.braga@ufabc.edu.br',3,'',17,1),(1135,'2023-04-17 20:21:23.155853','64','leandro.teodoro@ufabc.edu.br',3,'',17,1),(1136,'2023-04-17 20:21:23.157106','57','luciana.milena@ufabc.edu.br',3,'',17,1),(1137,'2023-04-17 20:21:23.158157','94','luiz.bonani@ufabc.edu.br',3,'',17,1),(1138,'2023-04-17 20:21:23.159260','33','luiz.rozante@gmail.com',3,'',17,1),(1139,'2023-04-17 20:21:23.160313','34','luneque.junior@ufabc.edu.br',3,'',17,1),(1140,'2023-04-17 20:21:23.161323','71','manic.gordana@ufabc.edu.br',3,'',17,1),(1141,'2023-04-17 20:21:23.162823','105','marcelo.reyes@ufabc.edu.br',3,'',17,1),(1142,'2023-04-17 20:21:23.163897','36','marcio.oikawa@ufabc.edu.br',3,'',17,1),(1143,'2023-04-17 20:21:23.164979','39','mirtha.lina@ufabc.edu.br',3,'',17,1),(1144,'2023-04-17 20:21:23.166041','97','muhsen.hammoud@ufabc.edu.br',3,'',17,1),(1145,'2023-04-17 20:21:23.167329','41','natalia.emelianova@ufabc.edu.br',3,'',17,1),(1146,'2023-04-17 20:21:23.168413','101','paulo.meirelles@ufabc.edu.br',3,'',17,1),(1147,'2023-04-17 20:21:23.169622','42','paulo.pisani@ufabc.edu.br',3,'',17,1),(1148,'2023-04-17 20:21:23.170806','104','pedro.autreto@ufabc.edu.br',3,'',17,1),(1149,'2023-04-17 20:21:23.172101','84','peter.claessens@ufabc.edu.br',3,'',17,1),(1150,'2023-04-17 20:21:23.173292','59','r.fernando@ufabc.edu.br',3,'',17,1),(1151,'2023-04-17 20:21:23.174375','91','r.sadao@ufabc.edu.br',3,'',17,1),(1152,'2023-04-17 20:21:23.175648','2','rafaela.rocha@ufabc.edu.br',3,'',17,1),(1153,'2023-04-17 20:21:23.176789','68','renato.coutinho@ufabc.edu.br',3,'',17,1),(1154,'2023-04-17 20:21:23.178108','99','renato.watanabe@ufabc.edu.br',3,'',17,1),(1155,'2023-04-17 20:21:23.179450','96','ricardo.liang@ufabc.edu.br',3,'',17,1),(1156,'2023-04-17 20:21:23.180556','92','ronaldo.prati@ufabc.edu.br',3,'',17,1),(1157,'2023-04-17 20:21:23.181642','56','sandra.trevisan@ufabc.edu.br',3,'',17,1),(1158,'2023-04-17 20:21:23.182755','55','steil@ufabc.edu.br',3,'',17,1),(1159,'2023-04-17 20:21:23.184021','74','thiago.covoes@ufabc.edu.br',3,'',17,1),(1160,'2023-04-17 20:21:23.185154','80','ugo.ibusuki@ufabc.edu.br',3,'',17,1),(1161,'2023-04-17 20:21:23.186438','48','valerio.batista@ufabc.edu.br',3,'',17,1),(1162,'2023-04-17 20:21:23.187630','49','vera.nagamuta@ufabc.edu.br',3,'',17,1),(1163,'2023-04-17 20:21:23.188986','90','wagner.tanaka@ufabc.edu.br',3,'',17,1),(1164,'2023-04-17 20:21:53.587786','1',' -  - Processamento da Informação',3,'',11,1),(1165,'2023-04-17 20:22:13.649027','1',' -  - Processamento da Informação',2,'[{\"changed\": {\"fields\": [\"Discipline professors\", \"Discipline coordinators\"]}}]',11,1),(1166,'2023-04-17 20:22:22.660209','1',' -  - Processamento da Informação',3,'',11,1),(1168,'2023-04-17 20:22:56.152527','1','[]<1-sequencial>',3,'',6,1),(1169,'2023-04-17 20:24:09.252550','1','IE - CE - Processamento da Informação',2,'[{\"changed\": {\"fields\": [\"Discipline course\"]}}]',11,1),(1170,'2023-04-17 20:24:30.774516','1','IE - CE - Processamento da Informação',3,'',11,1),(1171,'2023-04-17 20:24:58.098133','2','Instituto Exemplo',3,'',10,1),(1172,'2023-04-17 20:25:17.397742','2',' - CE - Gestão e Governança de TI',3,'',11,1),(1173,'2023-04-17 20:25:58.502795','1','[]<1-sequencial>',3,'',6,1),(1174,'2023-04-17 20:38:33.768947','1',' -  - Processamento da Informação',3,'',11,1),(1175,'2023-04-17 20:38:40.965183','2',' -  - Gestão e Governança de TI',3,'',11,1),(1176,'2023-04-17 20:41:04.370405','1','[]<1-sequencial>',3,'',6,1),(1177,'2023-04-17 20:41:14.608974','2','[]<3-condicional>',3,'',6,1),(1178,'2023-04-17 20:41:14.612228','3','[]<4-repetição>',3,'',6,1),(1179,'2023-04-17 20:41:14.615025','4','[]<5-vetor>',3,'',6,1),(1180,'2023-04-17 20:41:14.618412','6','[]<6-módulo-parte2>',3,'',6,1),(1181,'2023-04-17 20:41:14.621889','5','[]<7-matriz>',3,'',6,1),(1182,'2023-04-17 20:41:14.625798','7','[]<Aula01>',3,'',6,1),(1183,'2023-04-17 20:41:14.628613','8','[]<Aula02>',3,'',6,1),(1184,'2023-04-17 20:41:14.631292','9','[]<Aula03>',3,'',6,1),(1185,'2023-04-17 20:41:14.634115','10','[]<Aula04>',3,'',6,1),(1186,'2023-04-17 20:41:14.637023','11','[]<template>',3,'',6,1),(1187,'2023-04-17 20:41:14.640026','12','[]<template-equação-paramétrica>',3,'',6,1),(1188,'2023-04-17 20:41:14.642954','13','[]<template-figura>',3,'',6,1),(1189,'2023-04-17 20:41:14.647211','14','[]<template-integral>',3,'',6,1),(1190,'2023-04-17 20:41:14.651322','15','[]<template-integral-fig>',3,'',6,1),(1191,'2023-04-17 20:41:14.654270','16','[]<template-mru>',3,'',6,1),(1192,'2023-04-17 20:44:26.557999','238','[DE]<Topico Exemplo>',1,'[{\"added\": {}}]',6,1),(1193,'2023-04-17 20:46:48.086717','2443','oi_d_lento; top Topico Exemplo; typ QM; dif 1; gro Questao Exemplo; par no; #2443; ans 5; des QE',1,'[{\"added\": {}}, {\"added\": {\"name\": \"answer\", \"object\": \"Answer object (8930)\"}}, {\"added\": {\"name\": \"answer\", \"object\": \"Answer object (8931)\"}}, {\"added\": {\"name\": \"answer\", \"object\": \"Answer object (8932)\"}}, {\"added\": {\"name\": \"answer\", \"object\": \"Answer object (8933)\"}}, {\"added\": {\"name\": \"answer\", \"object\": \"Answer object (8934)\"}}]',7,1),(1194,'2023-04-18 19:22:12.539157','1','fzampirolli@ufabc.edu.br',2,'[{\"changed\": {\"fields\": [\"password\"]}}]',17,1),(1195,'2023-04-18 19:22:48.113585','66','fzcoord@ufabc.edu.br',2,'[{\"changed\": {\"fields\": [\"password\"]}}]',17,1),(1196,'2023-04-18 19:23:12.199786','65','fzprof@ufabc.edu.br',2,'[{\"changed\": {\"fields\": [\"password\"]}}]',17,1),(1197,'2023-04-18 19:23:37.931394','53','fzstudent@ufabc.edu.br',2,'[{\"changed\": {\"fields\": [\"password\"]}}]',17,1);
/*!40000 ALTER TABLE `django_admin_log` ENABLE KEYS */;
UNLOCK TABLES;

--
-- Table structure for table `django_content_type`
--

DROP TABLE IF EXISTS `django_content_type`;
/*!40101 SET @saved_cs_client     = @@character_set_client */;
/*!50503 SET character_set_client = utf8mb4 */;
CREATE TABLE `django_content_type` (
  `id` int NOT NULL AUTO_INCREMENT,
  `app_label` varchar(100) NOT NULL,
  `model` varchar(100) NOT NULL,
  PRIMARY KEY (`id`),
  UNIQUE KEY `django_content_type_app_label_model_76bd3d3b_uniq` (`app_label`,`model`)
) ENGINE=InnoDB AUTO_INCREMENT=20 DEFAULT CHARSET=latin1;
/*!40101 SET character_set_client = @saved_cs_client */;

--
-- Dumping data for table `django_content_type`
--

LOCK TABLES `django_content_type` WRITE;
/*!40000 ALTER TABLE `django_content_type` DISABLE KEYS */;
INSERT INTO `django_content_type` VALUES (17,'account','user'),(1,'admin','logentry'),(3,'auth','group'),(2,'auth','permission'),(4,'contenttypes','contenttype'),(12,'course','classroom'),(9,'course','course'),(11,'course','discipline'),(10,'course','institute'),(18,'exam','classroomexam'),(13,'exam','exam'),(14,'exam','studentexam'),(15,'exam','studentexamquestion'),(19,'exam','variationexam'),(5,'sessions','session'),(16,'student','student'),(8,'topic','answer'),(7,'topic','question'),(6,'topic','topic');
/*!40000 ALTER TABLE `django_content_type` ENABLE KEYS */;
UNLOCK TABLES;

--
-- Table structure for table `django_migrations`
--

DROP TABLE IF EXISTS `django_migrations`;
/*!40101 SET @saved_cs_client     = @@character_set_client */;
/*!50503 SET character_set_client = utf8mb4 */;
CREATE TABLE `django_migrations` (
  `id` int NOT NULL AUTO_INCREMENT,
  `app` varchar(255) NOT NULL,
  `name` varchar(255) NOT NULL,
  `applied` datetime(6) NOT NULL,
  PRIMARY KEY (`id`)
) ENGINE=InnoDB AUTO_INCREMENT=31 DEFAULT CHARSET=latin1;
/*!40101 SET character_set_client = @saved_cs_client */;

--
-- Dumping data for table `django_migrations`
--

LOCK TABLES `django_migrations` WRITE;
/*!40000 ALTER TABLE `django_migrations` DISABLE KEYS */;
INSERT INTO `django_migrations` VALUES (1,'contenttypes','0001_initial','2019-01-14 18:01:58.050393'),(2,'contenttypes','0002_remove_content_type_name','2019-01-14 18:01:58.807552'),(3,'auth','0001_initial','2019-01-14 18:02:01.560553'),(4,'auth','0002_alter_permission_name_max_length','2019-01-14 18:02:01.644818'),(5,'auth','0003_alter_user_email_max_length','2019-01-14 18:02:01.674140'),(6,'auth','0004_alter_user_username_opts','2019-01-14 18:02:01.708541'),(7,'auth','0005_alter_user_last_login_null','2019-01-14 18:02:01.741010'),(8,'auth','0006_require_contenttypes_0002','2019-01-14 18:02:01.770593'),(9,'auth','0007_alter_validators_add_error_messages','2019-01-14 18:02:01.799339'),(10,'auth','0008_alter_user_username_max_length','2019-01-14 18:02:01.833219'),(11,'auth','0009_alter_user_last_name_max_length','2019-01-14 18:02:01.866606'),(12,'account','0001_initial','2019-01-14 18:02:04.996024'),(13,'admin','0001_initial','2019-01-14 18:02:06.435302'),(14,'admin','0002_logentry_remove_auto_add','2019-01-14 18:02:06.475307'),(15,'admin','0003_logentry_add_action_flag_choices','2019-01-14 18:02:06.510048'),(16,'student','0001_initial','2019-01-14 18:02:06.748331'),(17,'course','0001_initial','2019-01-14 18:02:23.528385'),(18,'topic','0001_initial','2019-01-14 18:02:27.206037'),(19,'exam','0001_initial','2019-01-14 18:02:34.008320'),(20,'sessions','0001_initial','2019-01-14 18:02:34.430247'),(21,'exam','0002_auto_20190516_1209','2019-05-16 15:10:06.040410'),(22,'exam','0003_auto_20190516_1212','2019-05-16 15:13:03.506141'),(23,'exam','0004_auto_20190516_1218','2019-05-16 15:18:27.574141'),(24,'exam','0005_auto_20190516_1221','2019-05-16 15:21:24.027940'),(25,'exam','0006_auto_20190516_1225','2019-05-16 15:25:54.076721'),(26,'exam','0007_auto_20190516_1701','2019-05-16 20:01:41.733709'),(27,'auth','0010_alter_group_name_max_length','2019-09-02 13:17:15.440985'),(28,'auth','0011_update_proxy_permissions','2019-09-02 13:17:15.486559'),(29,'account','0001_squashed_0001_initial','2019-09-02 13:17:15.489816'),(30,'auth','0012_alter_user_first_name_max_length','2023-04-16 21:38:05.056043');
/*!40000 ALTER TABLE `django_migrations` ENABLE KEYS */;
UNLOCK TABLES;

--
-- Table structure for table `django_session`
--

DROP TABLE IF EXISTS `django_session`;
/*!40101 SET @saved_cs_client     = @@character_set_client */;
/*!50503 SET character_set_client = utf8mb4 */;
CREATE TABLE `django_session` (
  `session_key` varchar(40) NOT NULL,
  `session_data` longtext NOT NULL,
  `expire_date` datetime(6) NOT NULL,
  PRIMARY KEY (`session_key`),
  KEY `django_session_expire_date_a5c62663` (`expire_date`)
) ENGINE=InnoDB DEFAULT CHARSET=latin1;
/*!40101 SET character_set_client = @saved_cs_client */;

--
-- Dumping data for table `django_session`
--

LOCK TABLES `django_session` WRITE;
/*!40000 ALTER TABLE `django_session` DISABLE KEYS */;
INSERT INTO `django_session` VALUES ('1nl7r299z46gv3daz3aly09u1ecja3qv','ZmFlODA2ZGIzZjRlNDhlZTI0MjdlYTg2NGQ2ZmJmOTQ3YzJkNmFhNjp7Im51bV92aXNpdHMiOjYsIl9hdXRoX3VzZXJfaWQiOiIxIiwiX2F1dGhfdXNlcl9iYWNrZW5kIjoiZGphbmdvLmNvbnRyaWIuYXV0aC5iYWNrZW5kcy5Nb2RlbEJhY2tlbmQiLCJfYXV0aF91c2VyX2hhc2giOiI0YzBiYWU4ODcxY2NlMzAyZDFjMTc3NjQ0MTE1ZjU4ZGQ1YzdlZTFmIn0=','2023-05-30 21:08:40.993302'),('1p2f8snx7ilwa7nfyu2kaaod6e8v62to','.eJxVjDsOwyAQBe9CHSEwXmJcps8Z0MIuMfmAZOw0Ue6eWHLj9s3M-4iyvvw7t7w0MZqT8Lguk18bzz6TGIUWhy1gfHDZAN2x3KqMtSxzDnJT5E6bvFbi52V3DwcTtulfJwYHXRo6iMroENxgWKEFTpYjq6gd2p6C60mxcR2eNRAgMRIkqxjF9weXRD3t:1rQois:KpqTKIFJOdgvXRazbqF0Tnppe7mJXRY-nPaherGCrvo','2024-02-02 13:15:50.246451'),('21f9d8uyoxifehhz2q90pev1wa4696zw','YmIwNDYxZjJiZTM1MjkzYjEzNGM5MmU3NWIxNzc1YmM0ZmU3MzVmMjp7Im51bV92aXNpdHMiOjN9','2023-06-11 10:50:42.306846'),('4a3acsb8rrynwls57onetrleh4s9c43m','MDgxYTVjZmQxMGRiMjNjOGZiYTNkYjc5NzNjNjczZDdmMzM4ZjI3ODp7Im51bV92aXNpdHMiOjIsIl9hdXRoX3VzZXJfaWQiOiIxIiwiX2F1dGhfdXNlcl9iYWNrZW5kIjoiZGphbmdvLmNvbnRyaWIuYXV0aC5iYWNrZW5kcy5Nb2RlbEJhY2tlbmQiLCJfYXV0aF91c2VyX2hhc2giOiI0YzBiYWU4ODcxY2NlMzAyZDFjMTc3NjQ0MTE1ZjU4ZGQ1YzdlZTFmIn0=','2024-01-02 19:45:21.186018'),('6bkvenjhpms5t5hqtj0osp64qrv4qoia','.eJxVjDsOgzAQBe-ydWSxxsnalOk5g2Uv6-B8jIQhTZS7J0g0tG9m3gfK-vLvXPNSoTMn8GFdRr9WmX0eoAOEwxYDP6RsYLiHcpsUT2WZc1SbonZaVT8N8rzu7uFgDHX81-GsbQpBrGgm7YjYkTOEbbKSWkJjG-s4xUsUagSN00mcIBM3WiMjfH-JIDzr:1poAUi:_IGXUfTlb-Ww6B8ClQKfAbz0Z-WqHEIF4a1mEzeH6ms','2023-04-30 22:05:12.566797'),('8a172xlbtdulq6alxgoy09fovs65y3cp','MDgxYTVjZmQxMGRiMjNjOGZiYTNkYjc5NzNjNjczZDdmMzM4ZjI3ODp7Im51bV92aXNpdHMiOjIsIl9hdXRoX3VzZXJfaWQiOiIxIiwiX2F1dGhfdXNlcl9iYWNrZW5kIjoiZGphbmdvLmNvbnRyaWIuYXV0aC5iYWNrZW5kcy5Nb2RlbEJhY2tlbmQiLCJfYXV0aF91c2VyX2hhc2giOiI0YzBiYWU4ODcxY2NlMzAyZDFjMTc3NjQ0MTE1ZjU4ZGQ1YzdlZTFmIn0=','2023-12-03 10:42:13.592129'),('8pmhspw3qtni8aplahikuydegnc30064','.eJxVjEsOwjAMBe_iNYrqtOCkS_acIXJch4ZPKjUtG8TdAambbt_MvDeU9RleuealQk8HCLwuY1irziEP0APCbossdy1_MNy4XCcjU1nmHM1fMRut5jIN-jhv7u5g5Dr-aj5al5jVqRWynkg8-Y6wTU5TS9i5xnlJ8RSVGsXO26ReUUgaa1EQPl-LJDzu:1poWaI:0rHZEv7HsdgaKvgofiPBVNnJjUV8FdKMwQZiT7IlBQU','2023-05-01 21:40:26.251775'),('abkr7xgenau6xyxog5ojhqmkxckvzs4a','eyJudW1fdmlzaXRzIjoxfQ:1poWz4:Ag8M9PXeqeyAnzU84KKFjEYsSawk1iDelVoaL3t2NMM','2023-05-01 22:06:02.104105'),('at7ubuftwgx87cppsb5wbq3eoxy5e4fg','MmUzN2EzYWJjY2VlOTkzY2M1NzgxOTMwNGFjM2Q2MTE2ZWM1NWYzMDp7Im51bV92aXNpdHMiOjF9','2023-06-10 19:00:47.360598'),('blgrqf8smtfqsnopcqo40dyd8vr3efq0','ZDUwNzY1Y2YwZmM2ZWIxNzk0YzcwYjI3NzQ1NGIyNmNkYWRmNmM2MDp7Im51bV92aXNpdHMiOjIsIl9hdXRoX3VzZXJfaWQiOiI2NSIsIl9hdXRoX3VzZXJfYmFja2VuZCI6ImRqYW5nby5jb250cmliLmF1dGguYmFja2VuZHMuTW9kZWxCYWNrZW5kIiwiX2F1dGhfdXNlcl9oYXNoIjoiZGMwNDRiNTVlMWQ4ZDgyN2JiMzdjNTNkZjFmMjAzZGMyZjdkMjI5MyJ9','2023-07-20 20:14:38.425845'),('blmaxfqi3z0xtx3i6u7008kmwdoexyib','eyJudW1fdmlzaXRzIjoxfQ:1rQBfQ:QNtGhzyQGqqX15CkkzEtUQY96cnq6h-8TD03kg4nC4g','2024-01-31 19:33:40.666123'),('c5pipkjq49100r9i19rxwqq8w9zb9qoj','MmUzN2EzYWJjY2VlOTkzY2M1NzgxOTMwNGFjM2Q2MTE2ZWM1NWYzMDp7Im51bV92aXNpdHMiOjF9','2023-06-13 21:04:15.092218'),('drv4kghk1d5uoh4r8adr3fsvfj5ybe9z','NjcxYzFhMjkwMjdhM2Q0NDhkYzg0N2FiZWVkZjNlMjZhMGRkOGZmODp7Im51bV92aXNpdHMiOjcsIl9hdXRoX3VzZXJfaWQiOiIxIiwiX2F1dGhfdXNlcl9iYWNrZW5kIjoiZGphbmdvLmNvbnRyaWIuYXV0aC5iYWNrZW5kcy5Nb2RlbEJhY2tlbmQiLCJfYXV0aF91c2VyX2hhc2giOiI0YzBiYWU4ODcxY2NlMzAyZDFjMTc3NjQ0MTE1ZjU4ZGQ1YzdlZTFmIn0=','2023-08-01 20:35:21.316569'),('f4cfmixl3a3bb140m91trvct0vhalwmx','.eJxVjDsOwyAQBe9CHSHAXmJcps8Z0MIuMfmAZOw0Ue6eWHLj9s3M-4iyvvw7t7w0MZqT8Lguk18bzz6TGIUWhy1gfHDZAN2x3KqMtSxzDnJT5E6bvFbi52V3DwcTtulfJwYHJg0Goup0CG7oWKEFTpYjq6gd2p6C60lx5wyeNRAgMRIkqxjF9weWmD3s:1rPnwp:5e6EVHToJzGfN1C1f4SiqF0JYmmgPiFANd9Pq6ULm8s','2024-01-30 18:14:03.827339'),('f8446tksu730gajit317ukfizdveq8ny','eyJudW1fdmlzaXRzIjoxfQ:1poqve:TT6bDKl7Ji5SIRPUE8UpMFoqZ0tqYh7m4TUEz__rHpw','2023-05-02 19:23:50.998501'),('gvbqjclrk5rlcrg5xrquzuhty0q3rba6','MDgxYTVjZmQxMGRiMjNjOGZiYTNkYjc5NzNjNjczZDdmMzM4ZjI3ODp7Im51bV92aXNpdHMiOjIsIl9hdXRoX3VzZXJfaWQiOiIxIiwiX2F1dGhfdXNlcl9iYWNrZW5kIjoiZGphbmdvLmNvbnRyaWIuYXV0aC5iYWNrZW5kcy5Nb2RlbEJhY2tlbmQiLCJfYXV0aF91c2VyX2hhc2giOiI0YzBiYWU4ODcxY2NlMzAyZDFjMTc3NjQ0MTE1ZjU4ZGQ1YzdlZTFmIn0=','2023-07-18 17:58:04.632487'),('hfczbmbrv23knx42cksi8gmp78evpnjh','.eJxVjDsOwyAQBe9CHSHAXmJcps8Z0MIuMfmAZOw0Ue6eWHLj9s3M-4iyvvw7t7w0MZqT8Lguk18bzz6TGIUWhy1gfHDZAN2x3KqMtSxzDnJT5E6bvFbi52V3DwcTtulfJwYHJg0Goup0CG7oWKEFTpYjq6gd2p6C60lx5wyeNRAgMRIkqxjF9weWmD3s:1rQxAk:epf2NAnc3vh-KVXjuovMMwxVItHr7YYAG6APEHAds4E','2024-02-02 22:17:10.549365'),('ifqj02gmyewg42f1y98vjtejks14red8','ZDUwNzY1Y2YwZmM2ZWIxNzk0YzcwYjI3NzQ1NGIyNmNkYWRmNmM2MDp7Im51bV92aXNpdHMiOjIsIl9hdXRoX3VzZXJfaWQiOiI2NSIsIl9hdXRoX3VzZXJfYmFja2VuZCI6ImRqYW5nby5jb250cmliLmF1dGguYmFja2VuZHMuTW9kZWxCYWNrZW5kIiwiX2F1dGhfdXNlcl9oYXNoIjoiZGMwNDRiNTVlMWQ4ZDgyN2JiMzdjNTNkZjFmMjAzZGMyZjdkMjI5MyJ9','2023-06-18 13:32:46.482082'),('ihvo8f1ynrf0g0vzxtxi0z1sqogyb5xh','.eJxVjDsOwyAQBe9CHSHAXmJcps8Z0MIuMfmAZOw0Ue6eWHLj9s3M-4iyvvw7t7w0MZqT8Lguk18bzz6TGIUWhy1gfHDZAN2x3KqMtSxzDnJT5E6bvFbi52V3DwcTtulfJwYHJg0Goup0CG7oWKEFTpYjq6gd2p6C60lx5wyeNRAgMRIkqxjF9weWmD3s:1rR7lU:xChszQGNcmNuKY0G_-b2LWG1XffKEGmHmVIACTRErH8','2024-02-03 09:35:48.134623'),('jpgv5aykitta9qjabr7cde9k173eqnxk','YzlhMDk2YWYzOTMyZjE0MGI1MDNlNmVjZDhhYzY0ZDk2YzE0NDA0YTp7Il9hdXRoX3VzZXJfaWQiOiIxIiwiX2F1dGhfdXNlcl9iYWNrZW5kIjoiZGphbmdvLmNvbnRyaWIuYXV0aC5iYWNrZW5kcy5Nb2RlbEJhY2tlbmQiLCJfYXV0aF91c2VyX2hhc2giOiI0YzBiYWU4ODcxY2NlMzAyZDFjMTc3NjQ0MTE1ZjU4ZGQ1YzdlZTFmIiwibnVtX3Zpc2l0cyI6MX0=','2023-06-01 13:13:17.572640'),('k7yg52wlvq0wxmcogcstpxt7d5kyf70o','MDgxYTVjZmQxMGRiMjNjOGZiYTNkYjc5NzNjNjczZDdmMzM4ZjI3ODp7Im51bV92aXNpdHMiOjIsIl9hdXRoX3VzZXJfaWQiOiIxIiwiX2F1dGhfdXNlcl9iYWNrZW5kIjoiZGphbmdvLmNvbnRyaWIuYXV0aC5iYWNrZW5kcy5Nb2RlbEJhY2tlbmQiLCJfYXV0aF91c2VyX2hhc2giOiI0YzBiYWU4ODcxY2NlMzAyZDFjMTc3NjQ0MTE1ZjU4ZGQ1YzdlZTFmIn0=','2024-01-01 11:07:44.699694'),('kkweeh7yi2irrb4gud4qdtfyr3ke3jud','NmQ2MGQzOGQ0NTg5NWY4OWZiOWNlMGFiZmM4YzAyNzUzZTA3ZGZhMjp7Im51bV92aXNpdHMiOjQsIl9hdXRoX3VzZXJfaWQiOiIxIiwiX2F1dGhfdXNlcl9iYWNrZW5kIjoiZGphbmdvLmNvbnRyaWIuYXV0aC5iYWNrZW5kcy5Nb2RlbEJhY2tlbmQiLCJfYXV0aF91c2VyX2hhc2giOiI0YzBiYWU4ODcxY2NlMzAyZDFjMTc3NjQ0MTE1ZjU4ZGQ1YzdlZTFmIn0=','2023-12-23 10:35:05.898376'),('lf0cqwqml0ozbloigke66e82n9v3yc4d','.eJxVjEsOwjAMBe_iNYrqtOCkS_acIXJch4ZPKjUtG8TdAambbt_MvDeU9RleuealQu8PEHhdxrBWnUMeoAeE3RZZ7lr-YLhxuU5GprLMOZq_YjZazWUa9HHe3N3ByHX81Xy0LjGrUytkPZF48h1hm5ymlrBzjfOS4ikqNYqdt0m9opA01qIgfL6MfDzw:1poPEP:R_Q96IddxIzaaDwk0V6d9r5DfJBEqa7Z9Khx5pLuhS0','2023-05-01 13:49:21.369099'),('nfdedmpmzxngtb4nm2qiwskykjqj0cw1','eyJudW1fdmlzaXRzIjoxfQ:1rQ9ey:xea7fUU1wNSv8rqzk9Gz7SX7pdnZc9f-l5Uz62BFEeQ','2024-01-31 17:25:04.336450'),('njypmkvq1y4xfthjencaje608pzx4q9s','MDgxYTVjZmQxMGRiMjNjOGZiYTNkYjc5NzNjNjczZDdmMzM4ZjI3ODp7Im51bV92aXNpdHMiOjIsIl9hdXRoX3VzZXJfaWQiOiIxIiwiX2F1dGhfdXNlcl9iYWNrZW5kIjoiZGphbmdvLmNvbnRyaWIuYXV0aC5iYWNrZW5kcy5Nb2RlbEJhY2tlbmQiLCJfYXV0aF91c2VyX2hhc2giOiI0YzBiYWU4ODcxY2NlMzAyZDFjMTc3NjQ0MTE1ZjU4ZGQ1YzdlZTFmIn0=','2024-01-03 11:23:47.360361'),('og6i3vdeto0p9bjus5h5wuqk9zhupv7z','ZmFlODA2ZGIzZjRlNDhlZTI0MjdlYTg2NGQ2ZmJmOTQ3YzJkNmFhNjp7Im51bV92aXNpdHMiOjYsIl9hdXRoX3VzZXJfaWQiOiIxIiwiX2F1dGhfdXNlcl9iYWNrZW5kIjoiZGphbmdvLmNvbnRyaWIuYXV0aC5iYWNrZW5kcy5Nb2RlbEJhY2tlbmQiLCJfYXV0aF91c2VyX2hhc2giOiI0YzBiYWU4ODcxY2NlMzAyZDFjMTc3NjQ0MTE1ZjU4ZGQ1YzdlZTFmIn0=','2023-07-15 13:35:35.140109'),('ou4iyyab7khz4xgz2ednodovn640qrsi','Mjg0OGNmM2FlYWVhMWMzMWNlOTA4YTU4MWVmYTExNmRiNWY0ZmU1NTp7Im51bV92aXNpdHMiOjI2LCJfYXV0aF91c2VyX2lkIjoiMSIsIl9hdXRoX3VzZXJfYmFja2VuZCI6ImRqYW5nby5jb250cmliLmF1dGguYmFja2VuZHMuTW9kZWxCYWNrZW5kIiwiX2F1dGhfdXNlcl9oYXNoIjoiNGMwYmFlODg3MWNjZTMwMmQxYzE3NzY0NDExNWY1OGRkNWM3ZWUxZiJ9','2023-12-07 18:14:29.606800'),('pvznj9p5513lva3cksl37cmpao1jookr','MmUzN2EzYWJjY2VlOTkzY2M1NzgxOTMwNGFjM2Q2MTE2ZWM1NWYzMDp7Im51bV92aXNpdHMiOjF9','2023-07-18 19:58:30.076497'),('q1m2jrhpsgbk2eceub9dirpgz21aq88s','MDgxYTVjZmQxMGRiMjNjOGZiYTNkYjc5NzNjNjczZDdmMzM4ZjI3ODp7Im51bV92aXNpdHMiOjIsIl9hdXRoX3VzZXJfaWQiOiIxIiwiX2F1dGhfdXNlcl9iYWNrZW5kIjoiZGphbmdvLmNvbnRyaWIuYXV0aC5iYWNrZW5kcy5Nb2RlbEJhY2tlbmQiLCJfYXV0aF91c2VyX2hhc2giOiI0YzBiYWU4ODcxY2NlMzAyZDFjMTc3NjQ0MTE1ZjU4ZGQ1YzdlZTFmIn0=','2023-07-25 18:58:46.106201'),('q62n5mtrjdk1yw630q88wb1wo2n7hrya','YjdjMzMxMGMyOWFmMzk4Y2JmMTI1NzBhYWQ0MjNlNzY3MWU4Y2IxZDp7Im51bV92aXNpdHMiOjUsIl9hdXRoX3VzZXJfaWQiOiIxIiwiX2F1dGhfdXNlcl9iYWNrZW5kIjoiZGphbmdvLmNvbnRyaWIuYXV0aC5iYWNrZW5kcy5Nb2RlbEJhY2tlbmQiLCJfYXV0aF91c2VyX2hhc2giOiI0YzBiYWU4ODcxY2NlMzAyZDFjMTc3NjQ0MTE1ZjU4ZGQ1YzdlZTFmIn0=','2023-12-24 12:36:19.234816'),('qr4jq9flptlwl6raeuhcfcjzdfgdxzrc','YmIwNDYxZjJiZTM1MjkzYjEzNGM5MmU3NWIxNzc1YmM0ZmU3MzVmMjp7Im51bV92aXNpdHMiOjN9','2023-06-09 19:51:17.842844'),('qxvbwx3abbd4io1b4h771u0uc2zttnrg','ZDUwNzY1Y2YwZmM2ZWIxNzk0YzcwYjI3NzQ1NGIyNmNkYWRmNmM2MDp7Im51bV92aXNpdHMiOjIsIl9hdXRoX3VzZXJfaWQiOiI2NSIsIl9hdXRoX3VzZXJfYmFja2VuZCI6ImRqYW5nby5jb250cmliLmF1dGguYmFja2VuZHMuTW9kZWxCYWNrZW5kIiwiX2F1dGhfdXNlcl9oYXNoIjoiZGMwNDRiNTVlMWQ4ZDgyN2JiMzdjNTNkZjFmMjAzZGMyZjdkMjI5MyJ9','2023-07-13 13:50:13.081674'),('rgys2ur51zdn7svn2uk81wcgal1niy3t','eyJudW1fdmlzaXRzIjoyfQ:1poPLQ:bWcFBpV8OSIBo9alTqGLqM9LvI7yD8TylMJpFx_MIlU','2023-05-01 13:56:36.550054'),('sgb1o3hn6ewtqo1qx34te5ogpwazlmba','MDgxYTVjZmQxMGRiMjNjOGZiYTNkYjc5NzNjNjczZDdmMzM4ZjI3ODp7Im51bV92aXNpdHMiOjIsIl9hdXRoX3VzZXJfaWQiOiIxIiwiX2F1dGhfdXNlcl9iYWNrZW5kIjoiZGphbmdvLmNvbnRyaWIuYXV0aC5iYWNrZW5kcy5Nb2RlbEJhY2tlbmQiLCJfYXV0aF91c2VyX2hhc2giOiI0YzBiYWU4ODcxY2NlMzAyZDFjMTc3NjQ0MTE1ZjU4ZGQ1YzdlZTFmIn0=','2023-12-21 21:14:42.420482'),('tqi73aijqstof9xzbpz85kqvddqd21rm','ZDUwNzY1Y2YwZmM2ZWIxNzk0YzcwYjI3NzQ1NGIyNmNkYWRmNmM2MDp7Im51bV92aXNpdHMiOjIsIl9hdXRoX3VzZXJfaWQiOiI2NSIsIl9hdXRoX3VzZXJfYmFja2VuZCI6ImRqYW5nby5jb250cmliLmF1dGguYmFja2VuZHMuTW9kZWxCYWNrZW5kIiwiX2F1dGhfdXNlcl9oYXNoIjoiZGMwNDRiNTVlMWQ4ZDgyN2JiMzdjNTNkZjFmMjAzZGMyZjdkMjI5MyJ9','2023-07-13 14:41:31.751700'),('tugtpiweyt4e59e4bfsw7929cj5s5kdd','MDgxYTVjZmQxMGRiMjNjOGZiYTNkYjc5NzNjNjczZDdmMzM4ZjI3ODp7Im51bV92aXNpdHMiOjIsIl9hdXRoX3VzZXJfaWQiOiIxIiwiX2F1dGhfdXNlcl9iYWNrZW5kIjoiZGphbmdvLmNvbnRyaWIuYXV0aC5iYWNrZW5kcy5Nb2RlbEJhY2tlbmQiLCJfYXV0aF91c2VyX2hhc2giOiI0YzBiYWU4ODcxY2NlMzAyZDFjMTc3NjQ0MTE1ZjU4ZGQ1YzdlZTFmIn0=','2023-08-08 23:34:57.945979'),('u1vmrmsf5icm4z20xmqepq4cc87qya8t','.eJxVjDsOwyAQBe9CHSEwXmJcps8Z0MIuMfmAZOw0Ue6eWHLj9s3M-4iyvvw7t7w0MZqT8Lguk18bzz6TGIUWhy1gfHDZAN2x3KqMtSxzDnJT5E6bvFbi52V3DwcTtulfJwYHXRo6iMroENxgWKEFTpYjq6gd2p6C60mxcR2eNRAgMRIkqxjF9weXRD3t:1rQZya:aHQ_zKwKCgRY2HGZAFbJ79KvG9xVFKnvHbS9PcIyHFI','2024-02-01 21:31:04.976492'),('u3p7thdoreviuiskerozdxwnj5smkwjn','MDgxYTVjZmQxMGRiMjNjOGZiYTNkYjc5NzNjNjczZDdmMzM4ZjI3ODp7Im51bV92aXNpdHMiOjIsIl9hdXRoX3VzZXJfaWQiOiIxIiwiX2F1dGhfdXNlcl9iYWNrZW5kIjoiZGphbmdvLmNvbnRyaWIuYXV0aC5iYWNrZW5kcy5Nb2RlbEJhY2tlbmQiLCJfYXV0aF91c2VyX2hhc2giOiI0YzBiYWU4ODcxY2NlMzAyZDFjMTc3NjQ0MTE1ZjU4ZGQ1YzdlZTFmIn0=','2023-06-10 19:41:32.714279'),('w45yokz6fx45snsilvvg1tqdviiinme2','MDgxYTVjZmQxMGRiMjNjOGZiYTNkYjc5NzNjNjczZDdmMzM4ZjI3ODp7Im51bV92aXNpdHMiOjIsIl9hdXRoX3VzZXJfaWQiOiIxIiwiX2F1dGhfdXNlcl9iYWNrZW5kIjoiZGphbmdvLmNvbnRyaWIuYXV0aC5iYWNrZW5kcy5Nb2RlbEJhY2tlbmQiLCJfYXV0aF91c2VyX2hhc2giOiI0YzBiYWU4ODcxY2NlMzAyZDFjMTc3NjQ0MTE1ZjU4ZGQ1YzdlZTFmIn0=','2023-07-25 09:08:42.340650'),('x3abfp0dsfgt89gcnoupxkarq0jv62uz','ZmFlODA2ZGIzZjRlNDhlZTI0MjdlYTg2NGQ2ZmJmOTQ3YzJkNmFhNjp7Im51bV92aXNpdHMiOjYsIl9hdXRoX3VzZXJfaWQiOiIxIiwiX2F1dGhfdXNlcl9iYWNrZW5kIjoiZGphbmdvLmNvbnRyaWIuYXV0aC5iYWNrZW5kcy5Nb2RlbEJhY2tlbmQiLCJfYXV0aF91c2VyX2hhc2giOiI0YzBiYWU4ODcxY2NlMzAyZDFjMTc3NjQ0MTE1ZjU4ZGQ1YzdlZTFmIn0=','2023-08-11 16:57:56.097492'),('xhzjo4w4wak5a4ggtzh4mtwjcao6poch','NzUxODIxMGE5NzMyOGYxNzk4MTc2YzA4MjhjNDFlNTNkMzFmOTNiZjp7Im51bV92aXNpdHMiOjI0LCJfYXV0aF91c2VyX2lkIjoiMSIsIl9hdXRoX3VzZXJfYmFja2VuZCI6ImRqYW5nby5jb250cmliLmF1dGguYmFja2VuZHMuTW9kZWxCYWNrZW5kIiwiX2F1dGhfdXNlcl9oYXNoIjoiNGMwYmFlODg3MWNjZTMwMmQxYzE3NzY0NDExNWY1OGRkNWM3ZWUxZiJ9','2023-07-23 13:42:16.653867');
/*!40000 ALTER TABLE `django_session` ENABLE KEYS */;
UNLOCK TABLES;

--
-- Table structure for table `exam_classroomexam`
--

DROP TABLE IF EXISTS `exam_classroomexam`;
/*!40101 SET @saved_cs_client     = @@character_set_client */;
/*!50503 SET character_set_client = utf8mb4 */;
CREATE TABLE `exam_classroomexam` (
  `id` int NOT NULL AUTO_INCREMENT,
  `grade` varchar(20) NOT NULL,
  `exam_id` int DEFAULT NULL,
  `classroom_id` int DEFAULT NULL,
  PRIMARY KEY (`id`),
  KEY `exam_id` (`exam_id`),
  KEY `classroom_id` (`classroom_id`),
  CONSTRAINT `exam_classroomexam_ibfk_1` FOREIGN KEY (`exam_id`) REFERENCES `exam_exam` (`id`),
  CONSTRAINT `exam_classroomexam_ibfk_2` FOREIGN KEY (`classroom_id`) REFERENCES `course_classroom` (`id`)
) ENGINE=InnoDB DEFAULT CHARSET=latin1;
/*!40101 SET character_set_client = @saved_cs_client */;

--
-- Dumping data for table `exam_classroomexam`
--

LOCK TABLES `exam_classroomexam` WRITE;
/*!40000 ALTER TABLE `exam_classroomexam` DISABLE KEYS */;
/*!40000 ALTER TABLE `exam_classroomexam` ENABLE KEYS */;
UNLOCK TABLES;

--
-- Table structure for table `exam_exam`
--

DROP TABLE IF EXISTS `exam_exam`;
/*!40101 SET @saved_cs_client     = @@character_set_client */;
/*!50503 SET character_set_client = utf8mb4 */;
CREATE TABLE `exam_exam` (
  `id` int NOT NULL AUTO_INCREMENT,
  `exam_name` varchar(20) DEFAULT NULL,
  `exam_number_of_questions_var1` varchar(3) NOT NULL,
  `exam_number_of_questions_var2` varchar(3) NOT NULL,
  `exam_number_of_questions_var3` varchar(3) NOT NULL,
  `exam_number_of_questions_var4` varchar(3) NOT NULL,
  `exam_number_of_questions_var5` varchar(3) NOT NULL,
  `exam_number_of_anwsers_question` varchar(2) NOT NULL,
  `exam_number_of_questions_text` varchar(3) NOT NULL,
  `exam_variations` varchar(3) NOT NULL,
  `exam_max_questions_square` varchar(2) NOT NULL,
  `exam_max_squares_horizontal` varchar(2) NOT NULL,
  `exam_stylesheet` varchar(3) NOT NULL,
  `exam_print` varchar(4) NOT NULL,
  `exam_print_eco` varchar(3) NOT NULL,
  `exam_student_feedback` varchar(3) NOT NULL,
  `exam_room` varchar(20) DEFAULT NULL,
  `exam_hour` datetime(6) NOT NULL,
  `exam_term` varchar(2) NOT NULL,
  `exam_instructions` longtext NOT NULL,
  `exam_who_created_id` int DEFAULT NULL,
  PRIMARY KEY (`id`),
  KEY `exam_exam_exam_who_created_id_de138c84_fk_account_user_id` (`exam_who_created_id`),
  CONSTRAINT `exam_exam_exam_who_created_id_de138c84_fk_account_user_id` FOREIGN KEY (`exam_who_created_id`) REFERENCES `account_user` (`id`)
) ENGINE=InnoDB AUTO_INCREMENT=490 DEFAULT CHARSET=latin1;
/*!40101 SET character_set_client = @saved_cs_client */;

--
-- Dumping data for table `exam_exam`
--

LOCK TABLES `exam_exam` WRITE;
/*!40000 ALTER TABLE `exam_exam` DISABLE KEYS */;
INSERT INTO `exam_exam` VALUES (485,'exameTesteQR-QM','2','0','2','0','2','5','1','2','10','1','Hor','both','yes','no',NULL,'2023-12-07 03:00:00.000000','t1','\\item desligar o celular',1),(486,'exameTesteAdaptQR-QM','3','0','0','0','0','5','1','20','10','1','Hor','both','yes','no',NULL,'2023-12-09 03:00:00.000000','t1','\\item desligar o celular',1),(487,'fz-testQT_VPL','0','0','0','0','0','5','1','2','10','1','Hor','ques','yes','no',NULL,'2023-12-18 03:00:00.000000','t1','\\item desligar o celular',1),(488,'criarVariações','3','0','0','0','0','4','1','5','10','1','Hor','both','yes','no',NULL,'2024-01-16 03:00:00.000000','t1','\\item desligar o celular',1),(489,'exameTesteVPL','0','0','0','0','0','5','2','5','10','1','Hor','ques','yes','no',NULL,'2024-01-19 03:00:00.000000','t1','\\item desligar o celular',1);
/*!40000 ALTER TABLE `exam_exam` ENABLE KEYS */;
UNLOCK TABLES;

--
-- Table structure for table `exam_exam_classrooms`
--

DROP TABLE IF EXISTS `exam_exam_classrooms`;
/*!40101 SET @saved_cs_client     = @@character_set_client */;
/*!50503 SET character_set_client = utf8mb4 */;
CREATE TABLE `exam_exam_classrooms` (
  `id` int NOT NULL AUTO_INCREMENT,
  `exam_id` int NOT NULL,
  `classroom_id` int NOT NULL,
  PRIMARY KEY (`id`),
  UNIQUE KEY `exam_exam_classrooms_exam_id_classroom_id_c4ecc31d_uniq` (`exam_id`,`classroom_id`),
  KEY `exam_exam_classrooms_classroom_id_6435a4cf_fk_course_cl` (`classroom_id`),
  CONSTRAINT `exam_exam_classrooms_classroom_id_6435a4cf_fk_course_cl` FOREIGN KEY (`classroom_id`) REFERENCES `course_classroom` (`id`),
  CONSTRAINT `exam_exam_classrooms_exam_id_edf09d98_fk_exam_exam_id` FOREIGN KEY (`exam_id`) REFERENCES `exam_exam` (`id`)
) ENGINE=InnoDB AUTO_INCREMENT=9525 DEFAULT CHARSET=latin1;
/*!40101 SET character_set_client = @saved_cs_client */;

--
-- Dumping data for table `exam_exam_classrooms`
--

LOCK TABLES `exam_exam_classrooms` WRITE;
/*!40000 ALTER TABLE `exam_exam_classrooms` DISABLE KEYS */;
INSERT INTO `exam_exam_classrooms` VALUES (9518,485,671),(9509,486,671),(9512,487,671),(9517,488,671),(9524,489,671);
/*!40000 ALTER TABLE `exam_exam_classrooms` ENABLE KEYS */;
UNLOCK TABLES;

--
-- Table structure for table `exam_exam_questions`
--

DROP TABLE IF EXISTS `exam_exam_questions`;
/*!40101 SET @saved_cs_client     = @@character_set_client */;
/*!50503 SET character_set_client = utf8mb4 */;
CREATE TABLE `exam_exam_questions` (
  `id` int NOT NULL AUTO_INCREMENT,
  `exam_id` int NOT NULL,
  `question_id` int NOT NULL,
  PRIMARY KEY (`id`),
  UNIQUE KEY `exam_exam_questions_exam_id_question_id_fb2c5892_uniq` (`exam_id`,`question_id`),
  KEY `exam_exam_questions_question_id_cc6e86f0_fk_topic_question_id` (`question_id`),
  CONSTRAINT `exam_exam_questions_exam_id_74f97ebb_fk_exam_exam_id` FOREIGN KEY (`exam_id`) REFERENCES `exam_exam` (`id`),
  CONSTRAINT `exam_exam_questions_question_id_cc6e86f0_fk_topic_question_id` FOREIGN KEY (`question_id`) REFERENCES `topic_question` (`id`)
) ENGINE=InnoDB AUTO_INCREMENT=41334 DEFAULT CHARSET=latin1;
/*!40101 SET character_set_client = @saved_cs_client */;

--
-- Dumping data for table `exam_exam_questions`
--

LOCK TABLES `exam_exam_questions` WRITE;
/*!40000 ALTER TABLE `exam_exam_questions` DISABLE KEYS */;
INSERT INTO `exam_exam_questions` VALUES (41318,485,2455),(41319,485,2456),(41320,485,2457),(41321,485,2458),(41322,485,2459),(41323,485,2460),(41324,485,2461),(41325,485,2462),(41303,486,2443),(41304,486,2444),(41305,486,2445),(41306,486,2455),(41307,486,2456),(41308,486,2462),(41302,486,2468),(41309,487,2454),(41316,488,2449),(41314,488,2464),(41315,488,2465),(41317,488,2466),(41332,489,2454),(41333,489,2463);
/*!40000 ALTER TABLE `exam_exam_questions` ENABLE KEYS */;
UNLOCK TABLES;

--
-- Table structure for table `exam_exam_topics`
--

DROP TABLE IF EXISTS `exam_exam_topics`;
/*!40101 SET @saved_cs_client     = @@character_set_client */;
/*!50503 SET character_set_client = utf8mb4 */;
CREATE TABLE `exam_exam_topics` (
  `id` int NOT NULL AUTO_INCREMENT,
  `exam_id` int NOT NULL,
  `topic_id` int NOT NULL,
  PRIMARY KEY (`id`)
) ENGINE=InnoDB AUTO_INCREMENT=54 DEFAULT CHARSET=utf8mb4 COLLATE=utf8mb4_0900_ai_ci;
/*!40101 SET character_set_client = @saved_cs_client */;

--
-- Dumping data for table `exam_exam_topics`
--

LOCK TABLES `exam_exam_topics` WRITE;
/*!40000 ALTER TABLE `exam_exam_topics` DISABLE KEYS */;
INSERT INTO `exam_exam_topics` VALUES (1,561,11),(31,486,242),(32,486,243),(33,486,238),(35,487,238),(40,488,238),(41,485,242),(52,489,243),(53,489,238);
/*!40000 ALTER TABLE `exam_exam_topics` ENABLE KEYS */;
UNLOCK TABLES;

--
-- Table structure for table `exam_studentexam`
--

DROP TABLE IF EXISTS `exam_studentexam`;
/*!40101 SET @saved_cs_client     = @@character_set_client */;
/*!50503 SET character_set_client = utf8mb4 */;
CREATE TABLE `exam_studentexam` (
  `id` int NOT NULL AUTO_INCREMENT,
  `grade` varchar(20) NOT NULL,
  `exam_id` int DEFAULT NULL,
  `student_id` int DEFAULT NULL,
  PRIMARY KEY (`id`),
  KEY `exam_studentexam_exam_id_b33d0b66_fk_exam_exam_id` (`exam_id`),
  KEY `exam_studentexam_student_id_b67a86ca_fk_student_student_id` (`student_id`),
  CONSTRAINT `exam_studentexam_exam_id_b33d0b66_fk_exam_exam_id` FOREIGN KEY (`exam_id`) REFERENCES `exam_exam` (`id`),
  CONSTRAINT `exam_studentexam_student_id_b67a86ca_fk_student_student_id` FOREIGN KEY (`student_id`) REFERENCES `student_student` (`id`)
) ENGINE=InnoDB AUTO_INCREMENT=3035 DEFAULT CHARSET=latin1;
/*!40101 SET character_set_client = @saved_cs_client */;

--
-- Dumping data for table `exam_studentexam`
--

LOCK TABLES `exam_studentexam` WRITE;
/*!40000 ALTER TABLE `exam_studentexam` DISABLE KEYS */;
INSERT INTO `exam_studentexam` VALUES (3030,'1',485,28519),(3034,'2',486,28519);
/*!40000 ALTER TABLE `exam_studentexam` ENABLE KEYS */;
UNLOCK TABLES;

--
-- Table structure for table `exam_studentexamquestion`
--

DROP TABLE IF EXISTS `exam_studentexamquestion`;
/*!40101 SET @saved_cs_client     = @@character_set_client */;
/*!50503 SET character_set_client = utf8mb4 */;
CREATE TABLE `exam_studentexamquestion` (
  `id` int NOT NULL AUTO_INCREMENT,
  `studentAnswer` varchar(2) NOT NULL,
  `answersOrder` varchar(10) NOT NULL,
  `question_id` int DEFAULT NULL,
  `studentExam_id` int DEFAULT NULL,
  PRIMARY KEY (`id`),
  KEY `exam_studentexamques_question_id_f120cc5c_fk_topic_que` (`question_id`),
  KEY `exam_studentexamques_studentExam_id_0fcf82a2_fk_exam_stud` (`studentExam_id`),
  CONSTRAINT `exam_studentexamques_question_id_f120cc5c_fk_topic_que` FOREIGN KEY (`question_id`) REFERENCES `topic_question` (`id`),
  CONSTRAINT `exam_studentexamques_studentExam_id_0fcf82a2_fk_exam_stud` FOREIGN KEY (`studentExam_id`) REFERENCES `exam_studentexam` (`id`)
) ENGINE=InnoDB AUTO_INCREMENT=31410 DEFAULT CHARSET=latin1;
/*!40101 SET character_set_client = @saved_cs_client */;

--
-- Dumping data for table `exam_studentexamquestion`
--

LOCK TABLES `exam_studentexamquestion` WRITE;
/*!40000 ALTER TABLE `exam_studentexamquestion` DISABLE KEYS */;
INSERT INTO `exam_studentexamquestion` VALUES (31395,'E','04231',2456,3030),(31396,'D','21304',2455,3030),(31397,'C','43102',2458,3030),(31398,'B','23410',2457,3030),(31399,'A','30421',2461,3030),(31400,'2','01432',2460,3030),(31407,'B','10234',2456,3034),(31408,'A','03142',2443,3034),(31409,'2','03241',2468,3034);
/*!40000 ALTER TABLE `exam_studentexamquestion` ENABLE KEYS */;
UNLOCK TABLES;

--
-- Table structure for table `exam_variationexam`
--

DROP TABLE IF EXISTS `exam_variationexam`;
/*!40101 SET @saved_cs_client     = @@character_set_client */;
/*!50503 SET character_set_client = utf8mb4 */;
CREATE TABLE `exam_variationexam` (
  `id` int NOT NULL AUTO_INCREMENT,
  `variation` longtext NOT NULL,
  `exam_id` int DEFAULT NULL,
  PRIMARY KEY (`id`),
  KEY `exam_variationexam_exam_id_ba3b75d0_fk_exam_exam_id` (`exam_id`),
  CONSTRAINT `exam_variationexam_exam_id_ba3b75d0_fk_exam_exam_id` FOREIGN KEY (`exam_id`) REFERENCES `exam_exam` (`id`)
) ENGINE=InnoDB AUTO_INCREMENT=61184 DEFAULT CHARSET=latin1;
/*!40101 SET character_set_client = @saved_cs_client */;

--
-- Dumping data for table `exam_variationexam`
--

LOCK TABLES `exam_variationexam` WRITE;
/*!40000 ALTER TABLE `exam_variationexam` DISABLE KEYS */;
INSERT INTO `exam_variationexam` VALUES (61093,'{\'variations\': [{\'variant\': \'1\', \'questions\': [{\'number\': 1, \'key\': 2445, \'topic\': \'Topico Exemplo\', \'type\': \'QM\', \'weight\': \'1\', \'short\': \'QE3\', \'text\': \'Terceira questao\', \'answers\': [{\'answer\': 0, \'sort\': \'2\', \'text\': \'3a alternativa criada\', \'feedback\': \'\\n\'}, {\'answer\': 1, \'sort\': \'4\', \'text\': \'5a alternativa criada\', \'feedback\': \'\\n\'}, {\'answer\': 2, \'sort\': \'3\', \'text\': \'4a alternativa criada\', \'feedback\': \'\\n\'}, {\'answer\': 3, \'sort\': \'1\', \'text\': \'2a alternativa criada\', \'feedback\': \'\\n\'}, {\'answer\': 4, \'sort\': \'0\', \'text\': \'1a alternativa criada\', \'feedback\': \'\\n\'}]}, {\'number\': 2, \'key\': 2456, \'topic\': \'DE-TIC\', \'type\': \'QM\', \'weight\': \'1\', \'short\': \'DE-TIC001\', \'text\': \'Qual é o componente principal de um computador que armazena dados e programas?\', \'answers\': [{\'answer\': 0, \'sort\': \'4\', \'text\': \'Placa de vídeo\', \'feedback\': \'\\n\'}, {\'answer\': 1, \'sort\': \'0\', \'text\': \'Memória RAM\', \'feedback\': \'\\n\'}, {\'answer\': 2, \'sort\': \'3\', \'text\': \'Teclado\', \'feedback\': \'\\n\'}, {\'answer\': 3, \'sort\': \'2\', \'text\': \'Processador\', \'feedback\': \'\\n\'}, {\'answer\': 4, \'sort\': \'1\', \'text\': \'Placa-mãe\', \'feedback\': \'\\n\'}]}, {\'number\': 3, \'key\': 2443, \'topic\': \'Topico Exemplo\', \'type\': \'QM\', \'weight\': \'1\', \'short\': \'QE1\', \'text\': \'Primeira Questao - Sempre a primeira alternativa criada eh a correta.\', \'answers\': [{\'answer\': 0, \'sort\': \'3\', \'text\': \'4a alternativa criada\', \'feedback\': \'\\n\'}, {\'answer\': 1, \'sort\': \'1\', \'text\': \'2a alternativa criada\', \'feedback\': \'\\n\'}, {\'answer\': 2, \'sort\': \'2\', \'text\': \'3a alternativa criada\', \'feedback\': \'\\n\'}, {\'answer\': 3, \'sort\': \'0\', \'text\': \'1a alternativa criada\', \'feedback\': \'\\n\'}, {\'answer\': 4, \'sort\': \'4\', \'text\': \'5a alternativa criada\', \'feedback\': \'\\n\'}]}, {\'number\': 4, \'key\': 2462, \'topic\': \'DE-TIC\', \'type\': \'QT\', \'weight\': \'1\', \'short\': \'texto sobre TI\', \'text\': \'Descreva brevemente a importância da tecnologia da informação (TI) na sociedade moderna e mencione pelo menos duas áreas onde a TI desempenha um papel fundamental.\\r\\n\\r\\n%%{exata}%%\\r\\n\\r\\n\\\\drawLines{10}\', \'answers\': [{\'answer\': 0, \'sort\': 0, \'text\': \'exata\', \'feedback\': \'\\n\'}]}]}]}',486),(61094,'{\'variations\': [{\'variant\': \'2\', \'questions\': [{\'number\': 1, \'key\': 2445, \'topic\': \'Topico Exemplo\', \'type\': \'QM\', \'weight\': \'1\', \'short\': \'QE3\', \'text\': \'Terceira questao\', \'answers\': [{\'answer\': 0, \'sort\': \'3\', \'text\': \'4a alternativa criada\', \'feedback\': \'\\n\'}, {\'answer\': 1, \'sort\': \'2\', \'text\': \'3a alternativa criada\', \'feedback\': \'\\n\'}, {\'answer\': 2, \'sort\': \'0\', \'text\': \'1a alternativa criada\', \'feedback\': \'\\n\'}, {\'answer\': 3, \'sort\': \'4\', \'text\': \'5a alternativa criada\', \'feedback\': \'\\n\'}, {\'answer\': 4, \'sort\': \'1\', \'text\': \'2a alternativa criada\', \'feedback\': \'\\n\'}]}, {\'number\': 2, \'key\': 2468, \'topic\': \'DE-matriz\', \'type\': \'QM\', \'weight\': \'1\', \'short\': \'DE-criar matriz\', \'text\': \'Criar uma matriz \\\\( 7 \\\\times 7 \\\\) com elementos \\n\\\\( (i,j) = ((((i+1) * 7) + ( ( j+1) * 11)) \\\\mod{100}) \\\\). \\nCalcular a soma dos elementos desta matriz. Os índices \\\\(i\\\\) são as linhas\\ne \\\\(j\\\\) as colunas iniciadas com o valor \\\\(0\\\\).\\n\\n\', \'answers\': [{\'answer\': 0, \'sort\': \'0\', \'text\': \'2728\\n\', \'feedback\': \'\\n\'}, {\'answer\': 1, \'sort\': \'1\', \'text\': \'2724\', \'feedback\': \'\\n\'}, {\'answer\': 2, \'sort\': \'4\', \'text\': \'2725\', \'feedback\': \'\\n\'}, {\'answer\': 3, \'sort\': \'3\', \'text\': \'2727\', \'feedback\': \'\\n\'}, {\'answer\': 4, \'sort\': \'2\', \'text\': \'2719\', \'feedback\': \'\\n\'}]}, {\'number\': 3, \'key\': 2444, \'topic\': \'Topico Exemplo\', \'type\': \'QM\', \'weight\': \'1\', \'short\': \'QE2\', \'text\': \'Segunda Questao\', \'answers\': [{\'answer\': 0, \'sort\': \'2\', \'text\': \'3a alternativa criada\', \'feedback\': \'\\n\'}, {\'answer\': 1, \'sort\': \'0\', \'text\': \'1a alternativa criada\', \'feedback\': \'\\n\'}, {\'answer\': 2, \'sort\': \'4\', \'text\': \'5a alternativa criada\', \'feedback\': \'\\n\'}, {\'answer\': 3, \'sort\': \'1\', \'text\': \'2a alternativa criada\', \'feedback\': \'\\n\'}, {\'answer\': 4, \'sort\': \'3\', \'text\': \'4a alternativa criada\', \'feedback\': \'\\n\'}]}, {\'number\': 4, \'key\': 2462, \'topic\': \'DE-TIC\', \'type\': \'QT\', \'weight\': \'1\', \'short\': \'texto sobre TI\', \'text\': \'Descreva brevemente a importância da tecnologia da informação (TI) na sociedade moderna e mencione pelo menos duas áreas onde a TI desempenha um papel fundamental.\\r\\n\\r\\n%%{exata}%%\\r\\n\\r\\n\\\\drawLines{10}\', \'answers\': [{\'answer\': 0, \'sort\': 0, \'text\': \'exata\', \'feedback\': \'\\n\'}]}]}]}',486),(61095,'{\'variations\': [{\'variant\': \'3\', \'questions\': [{\'number\': 1, \'key\': 2456, \'topic\': \'DE-TIC\', \'type\': \'QM\', \'weight\': \'1\', \'short\': \'DE-TIC001\', \'text\': \'Qual é o componente principal de um computador que armazena dados e programas?\', \'answers\': [{\'answer\': 0, \'sort\': \'1\', \'text\': \'Placa-mãe\', \'feedback\': \'\\n\'}, {\'answer\': 1, \'sort\': \'0\', \'text\': \'Memória RAM\', \'feedback\': \'\\n\'}, {\'answer\': 2, \'sort\': \'2\', \'text\': \'Processador\', \'feedback\': \'\\n\'}, {\'answer\': 3, \'sort\': \'3\', \'text\': \'Teclado\', \'feedback\': \'\\n\'}, {\'answer\': 4, \'sort\': \'4\', \'text\': \'Placa de vídeo\', \'feedback\': \'\\n\'}]}, {\'number\': 2, \'key\': 2443, \'topic\': \'Topico Exemplo\', \'type\': \'QM\', \'weight\': \'1\', \'short\': \'QE1\', \'text\': \'Primeira Questao - Sempre a primeira alternativa criada eh a correta.\', \'answers\': [{\'answer\': 0, \'sort\': \'0\', \'text\': \'1a alternativa criada\', \'feedback\': \'\\n\'}, {\'answer\': 1, \'sort\': \'3\', \'text\': \'4a alternativa criada\', \'feedback\': \'\\n\'}, {\'answer\': 2, \'sort\': \'1\', \'text\': \'2a alternativa criada\', \'feedback\': \'\\n\'}, {\'answer\': 3, \'sort\': \'4\', \'text\': \'5a alternativa criada\', \'feedback\': \'\\n\'}, {\'answer\': 4, \'sort\': \'2\', \'text\': \'3a alternativa criada\', \'feedback\': \'\\n\'}]}, {\'number\': 3, \'key\': 2468, \'topic\': \'DE-matriz\', \'type\': \'QM\', \'weight\': \'1\', \'short\': \'DE-criar matriz\', \'text\': \'Criar uma matriz \\\\( 6 \\\\times 4 \\\\) com elementos \\n\\\\( (i,j) = ((((i+1) * 19) + ( ( j+1) * 11)) \\\\mod{100}) \\\\). \\nCalcular a soma dos elementos desta matriz. Os índices \\\\(i\\\\) são as linhas\\ne \\\\(j\\\\) as colunas iniciadas com o valor \\\\(0\\\\).\\n\\n\', \'answers\': [{\'answer\': 0, \'sort\': \'0\', \'text\': \'1156\\n\', \'feedback\': \'\\n\'}, {\'answer\': 1, \'sort\': \'3\', \'text\': \'1147\', \'feedback\': \'\\n\'}, {\'answer\': 2, \'sort\': \'2\', \'text\': \'1154\', \'feedback\': \'\\n\'}, {\'answer\': 3, \'sort\': \'4\', \'text\': \'1157\', \'feedback\': \'\\n\'}, {\'answer\': 4, \'sort\': \'1\', \'text\': \'1146\', \'feedback\': \'\\n\'}]}, {\'number\': 4, \'key\': 2462, \'topic\': \'DE-TIC\', \'type\': \'QT\', \'weight\': \'1\', \'short\': \'texto sobre TI\', \'text\': \'Descreva brevemente a importância da tecnologia da informação (TI) na sociedade moderna e mencione pelo menos duas áreas onde a TI desempenha um papel fundamental.\\r\\n\\r\\n%%{exata}%%\\r\\n\\r\\n\\\\drawLines{10}\', \'answers\': [{\'answer\': 0, \'sort\': 0, \'text\': \'exata\', \'feedback\': \'\\n\'}]}]}]}',486),(61096,'{\'variations\': [{\'variant\': \'4\', \'questions\': [{\'number\': 1, \'key\': 2443, \'topic\': \'Topico Exemplo\', \'type\': \'QM\', \'weight\': \'1\', \'short\': \'QE1\', \'text\': \'Primeira Questao - Sempre a primeira alternativa criada eh a correta.\', \'answers\': [{\'answer\': 0, \'sort\': \'1\', \'text\': \'2a alternativa criada\', \'feedback\': \'\\n\'}, {\'answer\': 1, \'sort\': \'2\', \'text\': \'3a alternativa criada\', \'feedback\': \'\\n\'}, {\'answer\': 2, \'sort\': \'0\', \'text\': \'1a alternativa criada\', \'feedback\': \'\\n\'}, {\'answer\': 3, \'sort\': \'3\', \'text\': \'4a alternativa criada\', \'feedback\': \'\\n\'}, {\'answer\': 4, \'sort\': \'4\', \'text\': \'5a alternativa criada\', \'feedback\': \'\\n\'}]}, {\'number\': 2, \'key\': 2444, \'topic\': \'Topico Exemplo\', \'type\': \'QM\', \'weight\': \'1\', \'short\': \'QE2\', \'text\': \'Segunda Questao\', \'answers\': [{\'answer\': 0, \'sort\': \'3\', \'text\': \'4a alternativa criada\', \'feedback\': \'\\n\'}, {\'answer\': 1, \'sort\': \'4\', \'text\': \'5a alternativa criada\', \'feedback\': \'\\n\'}, {\'answer\': 2, \'sort\': \'0\', \'text\': \'1a alternativa criada\', \'feedback\': \'\\n\'}, {\'answer\': 3, \'sort\': \'2\', \'text\': \'3a alternativa criada\', \'feedback\': \'\\n\'}, {\'answer\': 4, \'sort\': \'1\', \'text\': \'2a alternativa criada\', \'feedback\': \'\\n\'}]}, {\'number\': 3, \'key\': 2455, \'topic\': \'DE-TIC\', \'type\': \'QM\', \'weight\': \'1\', \'short\': \'DE-TIC000\', \'text\': \'Qual dos seguintes dispositivos é usado exclusivamente para entrada de dados em um computador?\', \'answers\': [{\'answer\': 0, \'sort\': \'3\', \'text\': \'Monitor\', \'feedback\': \'\\n\'}, {\'answer\': 1, \'sort\': \'4\', \'text\': \'Placa de vídeo\', \'feedback\': \'\\n\'}, {\'answer\': 2, \'sort\': \'1\', \'text\': \'Impressora\', \'feedback\': \'\\n\'}, {\'answer\': 3, \'sort\': \'0\', \'text\': \'Teclado          % alternativa correta - sempre a primeira\', \'feedback\': \'\\n\'}, {\'answer\': 4, \'sort\': \'2\', \'text\': \'Caixa de som\', \'feedback\': \'\\n\'}]}, {\'number\': 4, \'key\': 2462, \'topic\': \'DE-TIC\', \'type\': \'QT\', \'weight\': \'1\', \'short\': \'texto sobre TI\', \'text\': \'Descreva brevemente a importância da tecnologia da informação (TI) na sociedade moderna e mencione pelo menos duas áreas onde a TI desempenha um papel fundamental.\\r\\n\\r\\n%%{exata}%%\\r\\n\\r\\n\\\\drawLines{10}\', \'answers\': [{\'answer\': 0, \'sort\': 0, \'text\': \'exata\', \'feedback\': \'\\n\'}]}]}]}',486),(61097,'{\'variations\': [{\'variant\': \'5\', \'questions\': [{\'number\': 1, \'key\': 2468, \'topic\': \'DE-matriz\', \'type\': \'QM\', \'weight\': \'1\', \'short\': \'DE-criar matriz\', \'text\': \'Criar uma matriz \\\\( 5 \\\\times 7 \\\\) com elementos \\n\\\\( (i,j) = ((((i+1) * 19) + ( ( j+1) * 23)) \\\\mod{100}) \\\\). \\nCalcular a soma dos elementos desta matriz. Os índices \\\\(i\\\\) são as linhas\\ne \\\\(j\\\\) as colunas iniciadas com o valor \\\\(0\\\\).\\n\\n\', \'answers\': [{\'answer\': 0, \'sort\': \'2\', \'text\': \'1816\', \'feedback\': \'\\n\'}, {\'answer\': 1, \'sort\': \'4\', \'text\': \'1818\', \'feedback\': \'\\n\'}, {\'answer\': 2, \'sort\': \'1\', \'text\': \'1808\', \'feedback\': \'\\n\'}, {\'answer\': 3, \'sort\': \'3\', \'text\': \'1819\', \'feedback\': \'\\n\'}, {\'answer\': 4, \'sort\': \'0\', \'text\': \'1815\\n\', \'feedback\': \'\\n\'}]}, {\'number\': 2, \'key\': 2445, \'topic\': \'Topico Exemplo\', \'type\': \'QM\', \'weight\': \'1\', \'short\': \'QE3\', \'text\': \'Terceira questao\', \'answers\': [{\'answer\': 0, \'sort\': \'3\', \'text\': \'4a alternativa criada\', \'feedback\': \'\\n\'}, {\'answer\': 1, \'sort\': \'0\', \'text\': \'1a alternativa criada\', \'feedback\': \'\\n\'}, {\'answer\': 2, \'sort\': \'2\', \'text\': \'3a alternativa criada\', \'feedback\': \'\\n\'}, {\'answer\': 3, \'sort\': \'1\', \'text\': \'2a alternativa criada\', \'feedback\': \'\\n\'}, {\'answer\': 4, \'sort\': \'4\', \'text\': \'5a alternativa criada\', \'feedback\': \'\\n\'}]}, {\'number\': 3, \'key\': 2444, \'topic\': \'Topico Exemplo\', \'type\': \'QM\', \'weight\': \'1\', \'short\': \'QE2\', \'text\': \'Segunda Questao\', \'answers\': [{\'answer\': 0, \'sort\': \'2\', \'text\': \'3a alternativa criada\', \'feedback\': \'\\n\'}, {\'answer\': 1, \'sort\': \'1\', \'text\': \'2a alternativa criada\', \'feedback\': \'\\n\'}, {\'answer\': 2, \'sort\': \'4\', \'text\': \'5a alternativa criada\', \'feedback\': \'\\n\'}, {\'answer\': 3, \'sort\': \'0\', \'text\': \'1a alternativa criada\', \'feedback\': \'\\n\'}, {\'answer\': 4, \'sort\': \'3\', \'text\': \'4a alternativa criada\', \'feedback\': \'\\n\'}]}, {\'number\': 4, \'key\': 2462, \'topic\': \'DE-TIC\', \'type\': \'QT\', \'weight\': \'1\', \'short\': \'texto sobre TI\', \'text\': \'Descreva brevemente a importância da tecnologia da informação (TI) na sociedade moderna e mencione pelo menos duas áreas onde a TI desempenha um papel fundamental.\\r\\n\\r\\n%%{exata}%%\\r\\n\\r\\n\\\\drawLines{10}\', \'answers\': [{\'answer\': 0, \'sort\': 0, \'text\': \'exata\', \'feedback\': \'\\n\'}]}]}]}',486),(61098,'{\'variations\': [{\'variant\': \'6\', \'questions\': [{\'number\': 1, \'key\': 2468, \'topic\': \'DE-matriz\', \'type\': \'QM\', \'weight\': \'1\', \'short\': \'DE-criar matriz\', \'text\': \'Criar uma matriz \\\\( 7 \\\\times 6 \\\\) com elementos \\n\\\\( (i,j) = ((((i+1) * 13) + ( ( j+1) * 17)) \\\\mod{100}) \\\\). \\nCalcular a soma dos elementos desta matriz. Os índices \\\\(i\\\\) são as linhas\\ne \\\\(j\\\\) as colunas iniciadas com o valor \\\\(0\\\\).\\n\\n\', \'answers\': [{\'answer\': 0, \'sort\': \'1\', \'text\': \'2187\', \'feedback\': \'\\n\'}, {\'answer\': 1, \'sort\': \'2\', \'text\': \'2184\', \'feedback\': \'\\n\'}, {\'answer\': 2, \'sort\': \'3\', \'text\': \'2175\', \'feedback\': \'\\n\'}, {\'answer\': 3, \'sort\': \'4\', \'text\': \'2185\', \'feedback\': \'\\n\'}, {\'answer\': 4, \'sort\': \'0\', \'text\': \'2183\\n\', \'feedback\': \'\\n\'}]}, {\'number\': 2, \'key\': 2456, \'topic\': \'DE-TIC\', \'type\': \'QM\', \'weight\': \'1\', \'short\': \'DE-TIC001\', \'text\': \'Qual é o componente principal de um computador que armazena dados e programas?\', \'answers\': [{\'answer\': 0, \'sort\': \'4\', \'text\': \'Placa de vídeo\', \'feedback\': \'\\n\'}, {\'answer\': 1, \'sort\': \'0\', \'text\': \'Memória RAM\', \'feedback\': \'\\n\'}, {\'answer\': 2, \'sort\': \'1\', \'text\': \'Placa-mãe\', \'feedback\': \'\\n\'}, {\'answer\': 3, \'sort\': \'2\', \'text\': \'Processador\', \'feedback\': \'\\n\'}, {\'answer\': 4, \'sort\': \'3\', \'text\': \'Teclado\', \'feedback\': \'\\n\'}]}, {\'number\': 3, \'key\': 2455, \'topic\': \'DE-TIC\', \'type\': \'QM\', \'weight\': \'1\', \'short\': \'DE-TIC000\', \'text\': \'Qual dos seguintes dispositivos é usado exclusivamente para entrada de dados em um computador?\', \'answers\': [{\'answer\': 0, \'sort\': \'0\', \'text\': \'Teclado          % alternativa correta - sempre a primeira\', \'feedback\': \'\\n\'}, {\'answer\': 1, \'sort\': \'1\', \'text\': \'Impressora\', \'feedback\': \'\\n\'}, {\'answer\': 2, \'sort\': \'4\', \'text\': \'Placa de vídeo\', \'feedback\': \'\\n\'}, {\'answer\': 3, \'sort\': \'3\', \'text\': \'Monitor\', \'feedback\': \'\\n\'}, {\'answer\': 4, \'sort\': \'2\', \'text\': \'Caixa de som\', \'feedback\': \'\\n\'}]}, {\'number\': 4, \'key\': 2462, \'topic\': \'DE-TIC\', \'type\': \'QT\', \'weight\': \'1\', \'short\': \'texto sobre TI\', \'text\': \'Descreva brevemente a importância da tecnologia da informação (TI) na sociedade moderna e mencione pelo menos duas áreas onde a TI desempenha um papel fundamental.\\r\\n\\r\\n%%{exata}%%\\r\\n\\r\\n\\\\drawLines{10}\', \'answers\': [{\'answer\': 0, \'sort\': 0, \'text\': \'exata\', \'feedback\': \'\\n\'}]}]}]}',486),(61099,'{\'variations\': [{\'variant\': \'7\', \'questions\': [{\'number\': 1, \'key\': 2444, \'topic\': \'Topico Exemplo\', \'type\': \'QM\', \'weight\': \'1\', \'short\': \'QE2\', \'text\': \'Segunda Questao\', \'answers\': [{\'answer\': 0, \'sort\': \'0\', \'text\': \'1a alternativa criada\', \'feedback\': \'\\n\'}, {\'answer\': 1, \'sort\': \'2\', \'text\': \'3a alternativa criada\', \'feedback\': \'\\n\'}, {\'answer\': 2, \'sort\': \'4\', \'text\': \'5a alternativa criada\', \'feedback\': \'\\n\'}, {\'answer\': 3, \'sort\': \'1\', \'text\': \'2a alternativa criada\', \'feedback\': \'\\n\'}, {\'answer\': 4, \'sort\': \'3\', \'text\': \'4a alternativa criada\', \'feedback\': \'\\n\'}]}, {\'number\': 2, \'key\': 2456, \'topic\': \'DE-TIC\', \'type\': \'QM\', \'weight\': \'1\', \'short\': \'DE-TIC001\', \'text\': \'Qual é o componente principal de um computador que armazena dados e programas?\', \'answers\': [{\'answer\': 0, \'sort\': \'3\', \'text\': \'Teclado\', \'feedback\': \'\\n\'}, {\'answer\': 1, \'sort\': \'1\', \'text\': \'Placa-mãe\', \'feedback\': \'\\n\'}, {\'answer\': 2, \'sort\': \'0\', \'text\': \'Memória RAM\', \'feedback\': \'\\n\'}, {\'answer\': 3, \'sort\': \'2\', \'text\': \'Processador\', \'feedback\': \'\\n\'}, {\'answer\': 4, \'sort\': \'4\', \'text\': \'Placa de vídeo\', \'feedback\': \'\\n\'}]}, {\'number\': 3, \'key\': 2468, \'topic\': \'DE-matriz\', \'type\': \'QM\', \'weight\': \'1\', \'short\': \'DE-criar matriz\', \'text\': \'Criar uma matriz \\\\( 5 \\\\times 6 \\\\) com elementos \\n\\\\( (i,j) = ((((i+1) * 19) + ( ( j+1) * 17)) \\\\mod{100}) \\\\). \\nCalcular a soma dos elementos desta matriz. Os índices \\\\(i\\\\) são as linhas\\ne \\\\(j\\\\) as colunas iniciadas com o valor \\\\(0\\\\).\\n\\n\', \'answers\': [{\'answer\': 0, \'sort\': \'3\', \'text\': \'1491\', \'feedback\': \'\\n\'}, {\'answer\': 1, \'sort\': \'0\', \'text\': \'1495\\n\', \'feedback\': \'\\n\'}, {\'answer\': 2, \'sort\': \'1\', \'text\': \'1498\', \'feedback\': \'\\n\'}, {\'answer\': 3, \'sort\': \'4\', \'text\': \'1489\', \'feedback\': \'\\n\'}, {\'answer\': 4, \'sort\': \'2\', \'text\': \'1496\', \'feedback\': \'\\n\'}]}, {\'number\': 4, \'key\': 2462, \'topic\': \'DE-TIC\', \'type\': \'QT\', \'weight\': \'1\', \'short\': \'texto sobre TI\', \'text\': \'Descreva brevemente a importância da tecnologia da informação (TI) na sociedade moderna e mencione pelo menos duas áreas onde a TI desempenha um papel fundamental.\\r\\n\\r\\n%%{exata}%%\\r\\n\\r\\n\\\\drawLines{10}\', \'answers\': [{\'answer\': 0, \'sort\': 0, \'text\': \'exata\', \'feedback\': \'\\n\'}]}]}]}',486),(61100,'{\'variations\': [{\'variant\': \'8\', \'questions\': [{\'number\': 1, \'key\': 2443, \'topic\': \'Topico Exemplo\', \'type\': \'QM\', \'weight\': \'1\', \'short\': \'QE1\', \'text\': \'Primeira Questao - Sempre a primeira alternativa criada eh a correta.\', \'answers\': [{\'answer\': 0, \'sort\': \'1\', \'text\': \'2a alternativa criada\', \'feedback\': \'\\n\'}, {\'answer\': 1, \'sort\': \'2\', \'text\': \'3a alternativa criada\', \'feedback\': \'\\n\'}, {\'answer\': 2, \'sort\': \'3\', \'text\': \'4a alternativa criada\', \'feedback\': \'\\n\'}, {\'answer\': 3, \'sort\': \'0\', \'text\': \'1a alternativa criada\', \'feedback\': \'\\n\'}, {\'answer\': 4, \'sort\': \'4\', \'text\': \'5a alternativa criada\', \'feedback\': \'\\n\'}]}, {\'number\': 2, \'key\': 2444, \'topic\': \'Topico Exemplo\', \'type\': \'QM\', \'weight\': \'1\', \'short\': \'QE2\', \'text\': \'Segunda Questao\', \'answers\': [{\'answer\': 0, \'sort\': \'3\', \'text\': \'4a alternativa criada\', \'feedback\': \'\\n\'}, {\'answer\': 1, \'sort\': \'0\', \'text\': \'1a alternativa criada\', \'feedback\': \'\\n\'}, {\'answer\': 2, \'sort\': \'4\', \'text\': \'5a alternativa criada\', \'feedback\': \'\\n\'}, {\'answer\': 3, \'sort\': \'1\', \'text\': \'2a alternativa criada\', \'feedback\': \'\\n\'}, {\'answer\': 4, \'sort\': \'2\', \'text\': \'3a alternativa criada\', \'feedback\': \'\\n\'}]}, {\'number\': 3, \'key\': 2468, \'topic\': \'DE-matriz\', \'type\': \'QM\', \'weight\': \'1\', \'short\': \'DE-criar matriz\', \'text\': \'Criar uma matriz \\\\( 4 \\\\times 6 \\\\) com elementos \\n\\\\( (i,j) = ((((i+1) * 19) + ( ( j+1) * 23)) \\\\mod{100}) \\\\). \\nCalcular a soma dos elementos desta matriz. Os índices \\\\(i\\\\) são as linhas\\ne \\\\(j\\\\) as colunas iniciadas com o valor \\\\(0\\\\).\\n\\n\', \'answers\': [{\'answer\': 0, \'sort\': \'0\', \'text\': \'1272\\n\', \'feedback\': \'\\n\'}, {\'answer\': 1, \'sort\': \'4\', \'text\': \'1262\', \'feedback\': \'\\n\'}, {\'answer\': 2, \'sort\': \'2\', \'text\': \'1263\', \'feedback\': \'\\n\'}, {\'answer\': 3, \'sort\': \'3\', \'text\': \'1266\', \'feedback\': \'\\n\'}, {\'answer\': 4, \'sort\': \'1\', \'text\': \'1269\', \'feedback\': \'\\n\'}]}, {\'number\': 4, \'key\': 2462, \'topic\': \'DE-TIC\', \'type\': \'QT\', \'weight\': \'1\', \'short\': \'texto sobre TI\', \'text\': \'Descreva brevemente a importância da tecnologia da informação (TI) na sociedade moderna e mencione pelo menos duas áreas onde a TI desempenha um papel fundamental.\\r\\n\\r\\n%%{exata}%%\\r\\n\\r\\n\\\\drawLines{10}\', \'answers\': [{\'answer\': 0, \'sort\': 0, \'text\': \'exata\', \'feedback\': \'\\n\'}]}]}]}',486),(61101,'{\'variations\': [{\'variant\': \'9\', \'questions\': [{\'number\': 1, \'key\': 2455, \'topic\': \'DE-TIC\', \'type\': \'QM\', \'weight\': \'1\', \'short\': \'DE-TIC000\', \'text\': \'Qual dos seguintes dispositivos é usado exclusivamente para entrada de dados em um computador?\', \'answers\': [{\'answer\': 0, \'sort\': \'2\', \'text\': \'Caixa de som\', \'feedback\': \'\\n\'}, {\'answer\': 1, \'sort\': \'0\', \'text\': \'Teclado          % alternativa correta - sempre a primeira\', \'feedback\': \'\\n\'}, {\'answer\': 2, \'sort\': \'3\', \'text\': \'Monitor\', \'feedback\': \'\\n\'}, {\'answer\': 3, \'sort\': \'1\', \'text\': \'Impressora\', \'feedback\': \'\\n\'}, {\'answer\': 4, \'sort\': \'4\', \'text\': \'Placa de vídeo\', \'feedback\': \'\\n\'}]}, {\'number\': 2, \'key\': 2443, \'topic\': \'Topico Exemplo\', \'type\': \'QM\', \'weight\': \'1\', \'short\': \'QE1\', \'text\': \'Primeira Questao - Sempre a primeira alternativa criada eh a correta.\', \'answers\': [{\'answer\': 0, \'sort\': \'2\', \'text\': \'3a alternativa criada\', \'feedback\': \'\\n\'}, {\'answer\': 1, \'sort\': \'1\', \'text\': \'2a alternativa criada\', \'feedback\': \'\\n\'}, {\'answer\': 2, \'sort\': \'0\', \'text\': \'1a alternativa criada\', \'feedback\': \'\\n\'}, {\'answer\': 3, \'sort\': \'4\', \'text\': \'5a alternativa criada\', \'feedback\': \'\\n\'}, {\'answer\': 4, \'sort\': \'3\', \'text\': \'4a alternativa criada\', \'feedback\': \'\\n\'}]}, {\'number\': 3, \'key\': 2444, \'topic\': \'Topico Exemplo\', \'type\': \'QM\', \'weight\': \'1\', \'short\': \'QE2\', \'text\': \'Segunda Questao\', \'answers\': [{\'answer\': 0, \'sort\': \'0\', \'text\': \'1a alternativa criada\', \'feedback\': \'\\n\'}, {\'answer\': 1, \'sort\': \'4\', \'text\': \'5a alternativa criada\', \'feedback\': \'\\n\'}, {\'answer\': 2, \'sort\': \'3\', \'text\': \'4a alternativa criada\', \'feedback\': \'\\n\'}, {\'answer\': 3, \'sort\': \'1\', \'text\': \'2a alternativa criada\', \'feedback\': \'\\n\'}, {\'answer\': 4, \'sort\': \'2\', \'text\': \'3a alternativa criada\', \'feedback\': \'\\n\'}]}, {\'number\': 4, \'key\': 2462, \'topic\': \'DE-TIC\', \'type\': \'QT\', \'weight\': \'1\', \'short\': \'texto sobre TI\', \'text\': \'Descreva brevemente a importância da tecnologia da informação (TI) na sociedade moderna e mencione pelo menos duas áreas onde a TI desempenha um papel fundamental.\\r\\n\\r\\n%%{exata}%%\\r\\n\\r\\n\\\\drawLines{10}\', \'answers\': [{\'answer\': 0, \'sort\': 0, \'text\': \'exata\', \'feedback\': \'\\n\'}]}]}]}',486),(61102,'{\'variations\': [{\'variant\': \'10\', \'questions\': [{\'number\': 1, \'key\': 2456, \'topic\': \'DE-TIC\', \'type\': \'QM\', \'weight\': \'1\', \'short\': \'DE-TIC001\', \'text\': \'Qual é o componente principal de um computador que armazena dados e programas?\', \'answers\': [{\'answer\': 0, \'sort\': \'0\', \'text\': \'Memória RAM\', \'feedback\': \'\\n\'}, {\'answer\': 1, \'sort\': \'1\', \'text\': \'Placa-mãe\', \'feedback\': \'\\n\'}, {\'answer\': 2, \'sort\': \'2\', \'text\': \'Processador\', \'feedback\': \'\\n\'}, {\'answer\': 3, \'sort\': \'4\', \'text\': \'Placa de vídeo\', \'feedback\': \'\\n\'}, {\'answer\': 4, \'sort\': \'3\', \'text\': \'Teclado\', \'feedback\': \'\\n\'}]}, {\'number\': 2, \'key\': 2444, \'topic\': \'Topico Exemplo\', \'type\': \'QM\', \'weight\': \'1\', \'short\': \'QE2\', \'text\': \'Segunda Questao\', \'answers\': [{\'answer\': 0, \'sort\': \'0\', \'text\': \'1a alternativa criada\', \'feedback\': \'\\n\'}, {\'answer\': 1, \'sort\': \'2\', \'text\': \'3a alternativa criada\', \'feedback\': \'\\n\'}, {\'answer\': 2, \'sort\': \'4\', \'text\': \'5a alternativa criada\', \'feedback\': \'\\n\'}, {\'answer\': 3, \'sort\': \'1\', \'text\': \'2a alternativa criada\', \'feedback\': \'\\n\'}, {\'answer\': 4, \'sort\': \'3\', \'text\': \'4a alternativa criada\', \'feedback\': \'\\n\'}]}, {\'number\': 3, \'key\': 2468, \'topic\': \'DE-matriz\', \'type\': \'QM\', \'weight\': \'1\', \'short\': \'DE-criar matriz\', \'text\': \'Criar uma matriz \\\\( 4 \\\\times 5 \\\\) com elementos \\n\\\\( (i,j) = ((((i+1) * 19) + ( ( j+1) * 23)) \\\\mod{100}) \\\\). \\nCalcular a soma dos elementos desta matriz. Os índices \\\\(i\\\\) são as linhas\\ne \\\\(j\\\\) as colunas iniciadas com o valor \\\\(0\\\\).\\n\\n\', \'answers\': [{\'answer\': 0, \'sort\': \'3\', \'text\': \'1026\', \'feedback\': \'\\n\'}, {\'answer\': 1, \'sort\': \'4\', \'text\': \'1029\', \'feedback\': \'\\n\'}, {\'answer\': 2, \'sort\': \'1\', \'text\': \'1021\', \'feedback\': \'\\n\'}, {\'answer\': 3, \'sort\': \'0\', \'text\': \'1030\\n\', \'feedback\': \'\\n\'}, {\'answer\': 4, \'sort\': \'2\', \'text\': \'1022\', \'feedback\': \'\\n\'}]}, {\'number\': 4, \'key\': 2462, \'topic\': \'DE-TIC\', \'type\': \'QT\', \'weight\': \'1\', \'short\': \'texto sobre TI\', \'text\': \'Descreva brevemente a importância da tecnologia da informação (TI) na sociedade moderna e mencione pelo menos duas áreas onde a TI desempenha um papel fundamental.\\r\\n\\r\\n%%{exata}%%\\r\\n\\r\\n\\\\drawLines{10}\', \'answers\': [{\'answer\': 0, \'sort\': 0, \'text\': \'exata\', \'feedback\': \'\\n\'}]}]}]}',486),(61103,'{\'variations\': [{\'variant\': \'11\', \'questions\': [{\'number\': 1, \'key\': 2455, \'topic\': \'DE-TIC\', \'type\': \'QM\', \'weight\': \'1\', \'short\': \'DE-TIC000\', \'text\': \'Qual dos seguintes dispositivos é usado exclusivamente para entrada de dados em um computador?\', \'answers\': [{\'answer\': 0, \'sort\': \'3\', \'text\': \'Monitor\', \'feedback\': \'\\n\'}, {\'answer\': 1, \'sort\': \'0\', \'text\': \'Teclado          % alternativa correta - sempre a primeira\', \'feedback\': \'\\n\'}, {\'answer\': 2, \'sort\': \'4\', \'text\': \'Placa de vídeo\', \'feedback\': \'\\n\'}, {\'answer\': 3, \'sort\': \'2\', \'text\': \'Caixa de som\', \'feedback\': \'\\n\'}, {\'answer\': 4, \'sort\': \'1\', \'text\': \'Impressora\', \'feedback\': \'\\n\'}]}, {\'number\': 2, \'key\': 2444, \'topic\': \'Topico Exemplo\', \'type\': \'QM\', \'weight\': \'1\', \'short\': \'QE2\', \'text\': \'Segunda Questao\', \'answers\': [{\'answer\': 0, \'sort\': \'3\', \'text\': \'4a alternativa criada\', \'feedback\': \'\\n\'}, {\'answer\': 1, \'sort\': \'4\', \'text\': \'5a alternativa criada\', \'feedback\': \'\\n\'}, {\'answer\': 2, \'sort\': \'2\', \'text\': \'3a alternativa criada\', \'feedback\': \'\\n\'}, {\'answer\': 3, \'sort\': \'0\', \'text\': \'1a alternativa criada\', \'feedback\': \'\\n\'}, {\'answer\': 4, \'sort\': \'1\', \'text\': \'2a alternativa criada\', \'feedback\': \'\\n\'}]}, {\'number\': 3, \'key\': 2468, \'topic\': \'DE-matriz\', \'type\': \'QM\', \'weight\': \'1\', \'short\': \'DE-criar matriz\', \'text\': \'Criar uma matriz \\\\( 5 \\\\times 5 \\\\) com elementos \\n\\\\( (i,j) = ((((i+1) * 7) + ( ( j+1) * 23)) \\\\mod{100}) \\\\). \\nCalcular a soma dos elementos desta matriz. Os índices \\\\(i\\\\) são as linhas\\ne \\\\(j\\\\) as colunas iniciadas com o valor \\\\(0\\\\).\\n\\n\', \'answers\': [{\'answer\': 0, \'sort\': \'1\', \'text\': \'1246\', \'feedback\': \'\\n\'}, {\'answer\': 1, \'sort\': \'0\', \'text\': \'1250\\n\', \'feedback\': \'\\n\'}, {\'answer\': 2, \'sort\': \'2\', \'text\': \'1245\', \'feedback\': \'\\n\'}, {\'answer\': 3, \'sort\': \'4\', \'text\': \'1244\', \'feedback\': \'\\n\'}, {\'answer\': 4, \'sort\': \'3\', \'text\': \'1254\', \'feedback\': \'\\n\'}]}, {\'number\': 4, \'key\': 2462, \'topic\': \'DE-TIC\', \'type\': \'QT\', \'weight\': \'1\', \'short\': \'texto sobre TI\', \'text\': \'Descreva brevemente a importância da tecnologia da informação (TI) na sociedade moderna e mencione pelo menos duas áreas onde a TI desempenha um papel fundamental.\\r\\n\\r\\n%%{exata}%%\\r\\n\\r\\n\\\\drawLines{10}\', \'answers\': [{\'answer\': 0, \'sort\': 0, \'text\': \'exata\', \'feedback\': \'\\n\'}]}]}]}',486),(61104,'{\'variations\': [{\'variant\': \'12\', \'questions\': [{\'number\': 1, \'key\': 2455, \'topic\': \'DE-TIC\', \'type\': \'QM\', \'weight\': \'1\', \'short\': \'DE-TIC000\', \'text\': \'Qual dos seguintes dispositivos é usado exclusivamente para entrada de dados em um computador?\', \'answers\': [{\'answer\': 0, \'sort\': \'3\', \'text\': \'Monitor\', \'feedback\': \'\\n\'}, {\'answer\': 1, \'sort\': \'1\', \'text\': \'Impressora\', \'feedback\': \'\\n\'}, {\'answer\': 2, \'sort\': \'0\', \'text\': \'Teclado          % alternativa correta - sempre a primeira\', \'feedback\': \'\\n\'}, {\'answer\': 3, \'sort\': \'2\', \'text\': \'Caixa de som\', \'feedback\': \'\\n\'}, {\'answer\': 4, \'sort\': \'4\', \'text\': \'Placa de vídeo\', \'feedback\': \'\\n\'}]}, {\'number\': 2, \'key\': 2456, \'topic\': \'DE-TIC\', \'type\': \'QM\', \'weight\': \'1\', \'short\': \'DE-TIC001\', \'text\': \'Qual é o componente principal de um computador que armazena dados e programas?\', \'answers\': [{\'answer\': 0, \'sort\': \'3\', \'text\': \'Teclado\', \'feedback\': \'\\n\'}, {\'answer\': 1, \'sort\': \'2\', \'text\': \'Processador\', \'feedback\': \'\\n\'}, {\'answer\': 2, \'sort\': \'4\', \'text\': \'Placa de vídeo\', \'feedback\': \'\\n\'}, {\'answer\': 3, \'sort\': \'1\', \'text\': \'Placa-mãe\', \'feedback\': \'\\n\'}, {\'answer\': 4, \'sort\': \'0\', \'text\': \'Memória RAM\', \'feedback\': \'\\n\'}]}, {\'number\': 3, \'key\': 2445, \'topic\': \'Topico Exemplo\', \'type\': \'QM\', \'weight\': \'1\', \'short\': \'QE3\', \'text\': \'Terceira questao\', \'answers\': [{\'answer\': 0, \'sort\': \'2\', \'text\': \'3a alternativa criada\', \'feedback\': \'\\n\'}, {\'answer\': 1, \'sort\': \'1\', \'text\': \'2a alternativa criada\', \'feedback\': \'\\n\'}, {\'answer\': 2, \'sort\': \'0\', \'text\': \'1a alternativa criada\', \'feedback\': \'\\n\'}, {\'answer\': 3, \'sort\': \'3\', \'text\': \'4a alternativa criada\', \'feedback\': \'\\n\'}, {\'answer\': 4, \'sort\': \'4\', \'text\': \'5a alternativa criada\', \'feedback\': \'\\n\'}]}, {\'number\': 4, \'key\': 2462, \'topic\': \'DE-TIC\', \'type\': \'QT\', \'weight\': \'1\', \'short\': \'texto sobre TI\', \'text\': \'Descreva brevemente a importância da tecnologia da informação (TI) na sociedade moderna e mencione pelo menos duas áreas onde a TI desempenha um papel fundamental.\\r\\n\\r\\n%%{exata}%%\\r\\n\\r\\n\\\\drawLines{10}\', \'answers\': [{\'answer\': 0, \'sort\': 0, \'text\': \'exata\', \'feedback\': \'\\n\'}]}]}]}',486),(61105,'{\'variations\': [{\'variant\': \'13\', \'questions\': [{\'number\': 1, \'key\': 2444, \'topic\': \'Topico Exemplo\', \'type\': \'QM\', \'weight\': \'1\', \'short\': \'QE2\', \'text\': \'Segunda Questao\', \'answers\': [{\'answer\': 0, \'sort\': \'0\', \'text\': \'1a alternativa criada\', \'feedback\': \'\\n\'}, {\'answer\': 1, \'sort\': \'3\', \'text\': \'4a alternativa criada\', \'feedback\': \'\\n\'}, {\'answer\': 2, \'sort\': \'1\', \'text\': \'2a alternativa criada\', \'feedback\': \'\\n\'}, {\'answer\': 3, \'sort\': \'2\', \'text\': \'3a alternativa criada\', \'feedback\': \'\\n\'}, {\'answer\': 4, \'sort\': \'4\', \'text\': \'5a alternativa criada\', \'feedback\': \'\\n\'}]}, {\'number\': 2, \'key\': 2455, \'topic\': \'DE-TIC\', \'type\': \'QM\', \'weight\': \'1\', \'short\': \'DE-TIC000\', \'text\': \'Qual dos seguintes dispositivos é usado exclusivamente para entrada de dados em um computador?\', \'answers\': [{\'answer\': 0, \'sort\': \'3\', \'text\': \'Monitor\', \'feedback\': \'\\n\'}, {\'answer\': 1, \'sort\': \'2\', \'text\': \'Caixa de som\', \'feedback\': \'\\n\'}, {\'answer\': 2, \'sort\': \'0\', \'text\': \'Teclado          % alternativa correta - sempre a primeira\', \'feedback\': \'\\n\'}, {\'answer\': 3, \'sort\': \'4\', \'text\': \'Placa de vídeo\', \'feedback\': \'\\n\'}, {\'answer\': 4, \'sort\': \'1\', \'text\': \'Impressora\', \'feedback\': \'\\n\'}]}, {\'number\': 3, \'key\': 2468, \'topic\': \'DE-matriz\', \'type\': \'QM\', \'weight\': \'1\', \'short\': \'DE-criar matriz\', \'text\': \'Criar uma matriz \\\\( 5 \\\\times 5 \\\\) com elementos \\n\\\\( (i,j) = ((((i+1) * 13) + ( ( j+1) * 11)) \\\\mod{100}) \\\\). \\nCalcular a soma dos elementos desta matriz. Os índices \\\\(i\\\\) são as linhas\\ne \\\\(j\\\\) as colunas iniciadas com o valor \\\\(0\\\\).\\n\\n\', \'answers\': [{\'answer\': 0, \'sort\': \'3\', \'text\': \'1491\', \'feedback\': \'\\n\'}, {\'answer\': 1, \'sort\': \'2\', \'text\': \'1498\', \'feedback\': \'\\n\'}, {\'answer\': 2, \'sort\': \'4\', \'text\': \'1504\', \'feedback\': \'\\n\'}, {\'answer\': 3, \'sort\': \'0\', \'text\': \'1500\\n\', \'feedback\': \'\\n\'}, {\'answer\': 4, \'sort\': \'1\', \'text\': \'1494\', \'feedback\': \'\\n\'}]}, {\'number\': 4, \'key\': 2462, \'topic\': \'DE-TIC\', \'type\': \'QT\', \'weight\': \'1\', \'short\': \'texto sobre TI\', \'text\': \'Descreva brevemente a importância da tecnologia da informação (TI) na sociedade moderna e mencione pelo menos duas áreas onde a TI desempenha um papel fundamental.\\r\\n\\r\\n%%{exata}%%\\r\\n\\r\\n\\\\drawLines{10}\', \'answers\': [{\'answer\': 0, \'sort\': 0, \'text\': \'exata\', \'feedback\': \'\\n\'}]}]}]}',486),(61106,'{\'variations\': [{\'variant\': \'14\', \'questions\': [{\'number\': 1, \'key\': 2445, \'topic\': \'Topico Exemplo\', \'type\': \'QM\', \'weight\': \'1\', \'short\': \'QE3\', \'text\': \'Terceira questao\', \'answers\': [{\'answer\': 0, \'sort\': \'1\', \'text\': \'2a alternativa criada\', \'feedback\': \'\\n\'}, {\'answer\': 1, \'sort\': \'2\', \'text\': \'3a alternativa criada\', \'feedback\': \'\\n\'}, {\'answer\': 2, \'sort\': \'4\', \'text\': \'5a alternativa criada\', \'feedback\': \'\\n\'}, {\'answer\': 3, \'sort\': \'3\', \'text\': \'4a alternativa criada\', \'feedback\': \'\\n\'}, {\'answer\': 4, \'sort\': \'0\', \'text\': \'1a alternativa criada\', \'feedback\': \'\\n\'}]}, {\'number\': 2, \'key\': 2468, \'topic\': \'DE-matriz\', \'type\': \'QM\', \'weight\': \'1\', \'short\': \'DE-criar matriz\', \'text\': \'Criar uma matriz \\\\( 5 \\\\times 5 \\\\) com elementos \\n\\\\( (i,j) = ((((i+1) * 13) + ( ( j+1) * 11)) \\\\mod{100}) \\\\). \\nCalcular a soma dos elementos desta matriz. Os índices \\\\(i\\\\) são as linhas\\ne \\\\(j\\\\) as colunas iniciadas com o valor \\\\(0\\\\).\\n\\n\', \'answers\': [{\'answer\': 0, \'sort\': \'0\', \'text\': \'1500\\n\', \'feedback\': \'\\n\'}, {\'answer\': 1, \'sort\': \'2\', \'text\': \'1499\', \'feedback\': \'\\n\'}, {\'answer\': 2, \'sort\': \'4\', \'text\': \'1503\', \'feedback\': \'\\n\'}, {\'answer\': 3, \'sort\': \'3\', \'text\': \'1490\', \'feedback\': \'\\n\'}, {\'answer\': 4, \'sort\': \'1\', \'text\': \'1494\', \'feedback\': \'\\n\'}]}, {\'number\': 3, \'key\': 2444, \'topic\': \'Topico Exemplo\', \'type\': \'QM\', \'weight\': \'1\', \'short\': \'QE2\', \'text\': \'Segunda Questao\', \'answers\': [{\'answer\': 0, \'sort\': \'1\', \'text\': \'2a alternativa criada\', \'feedback\': \'\\n\'}, {\'answer\': 1, \'sort\': \'4\', \'text\': \'5a alternativa criada\', \'feedback\': \'\\n\'}, {\'answer\': 2, \'sort\': \'3\', \'text\': \'4a alternativa criada\', \'feedback\': \'\\n\'}, {\'answer\': 3, \'sort\': \'0\', \'text\': \'1a alternativa criada\', \'feedback\': \'\\n\'}, {\'answer\': 4, \'sort\': \'2\', \'text\': \'3a alternativa criada\', \'feedback\': \'\\n\'}]}, {\'number\': 4, \'key\': 2462, \'topic\': \'DE-TIC\', \'type\': \'QT\', \'weight\': \'1\', \'short\': \'texto sobre TI\', \'text\': \'Descreva brevemente a importância da tecnologia da informação (TI) na sociedade moderna e mencione pelo menos duas áreas onde a TI desempenha um papel fundamental.\\r\\n\\r\\n%%{exata}%%\\r\\n\\r\\n\\\\drawLines{10}\', \'answers\': [{\'answer\': 0, \'sort\': 0, \'text\': \'exata\', \'feedback\': \'\\n\'}]}]}]}',486),(61107,'{\'variations\': [{\'variant\': \'15\', \'questions\': [{\'number\': 1, \'key\': 2455, \'topic\': \'DE-TIC\', \'type\': \'QM\', \'weight\': \'1\', \'short\': \'DE-TIC000\', \'text\': \'Qual dos seguintes dispositivos é usado exclusivamente para entrada de dados em um computador?\', \'answers\': [{\'answer\': 0, \'sort\': \'2\', \'text\': \'Caixa de som\', \'feedback\': \'\\n\'}, {\'answer\': 1, \'sort\': \'1\', \'text\': \'Impressora\', \'feedback\': \'\\n\'}, {\'answer\': 2, \'sort\': \'4\', \'text\': \'Placa de vídeo\', \'feedback\': \'\\n\'}, {\'answer\': 3, \'sort\': \'3\', \'text\': \'Monitor\', \'feedback\': \'\\n\'}, {\'answer\': 4, \'sort\': \'0\', \'text\': \'Teclado          % alternativa correta - sempre a primeira\', \'feedback\': \'\\n\'}]}, {\'number\': 2, \'key\': 2456, \'topic\': \'DE-TIC\', \'type\': \'QM\', \'weight\': \'1\', \'short\': \'DE-TIC001\', \'text\': \'Qual é o componente principal de um computador que armazena dados e programas?\', \'answers\': [{\'answer\': 0, \'sort\': \'2\', \'text\': \'Processador\', \'feedback\': \'\\n\'}, {\'answer\': 1, \'sort\': \'3\', \'text\': \'Teclado\', \'feedback\': \'\\n\'}, {\'answer\': 2, \'sort\': \'1\', \'text\': \'Placa-mãe\', \'feedback\': \'\\n\'}, {\'answer\': 3, \'sort\': \'0\', \'text\': \'Memória RAM\', \'feedback\': \'\\n\'}, {\'answer\': 4, \'sort\': \'4\', \'text\': \'Placa de vídeo\', \'feedback\': \'\\n\'}]}, {\'number\': 3, \'key\': 2468, \'topic\': \'DE-matriz\', \'type\': \'QM\', \'weight\': \'1\', \'short\': \'DE-criar matriz\', \'text\': \'Criar uma matriz \\\\( 6 \\\\times 6 \\\\) com elementos \\n\\\\( (i,j) = ((((i+1) * 13) + ( ( j+1) * 23)) \\\\mod{100}) \\\\). \\nCalcular a soma dos elementos desta matriz. Os índices \\\\(i\\\\) são as linhas\\ne \\\\(j\\\\) as colunas iniciadas com o valor \\\\(0\\\\).\\n\\n\', \'answers\': [{\'answer\': 0, \'sort\': \'0\', \'text\': \'1836\\n\', \'feedback\': \'\\n\'}, {\'answer\': 1, \'sort\': \'2\', \'text\': \'1829\', \'feedback\': \'\\n\'}, {\'answer\': 2, \'sort\': \'1\', \'text\': \'1835\', \'feedback\': \'\\n\'}, {\'answer\': 3, \'sort\': \'3\', \'text\': \'1834\', \'feedback\': \'\\n\'}, {\'answer\': 4, \'sort\': \'4\', \'text\': \'1826\', \'feedback\': \'\\n\'}]}, {\'number\': 4, \'key\': 2462, \'topic\': \'DE-TIC\', \'type\': \'QT\', \'weight\': \'1\', \'short\': \'texto sobre TI\', \'text\': \'Descreva brevemente a importância da tecnologia da informação (TI) na sociedade moderna e mencione pelo menos duas áreas onde a TI desempenha um papel fundamental.\\r\\n\\r\\n%%{exata}%%\\r\\n\\r\\n\\\\drawLines{10}\', \'answers\': [{\'answer\': 0, \'sort\': 0, \'text\': \'exata\', \'feedback\': \'\\n\'}]}]}]}',486),(61108,'{\'variations\': [{\'variant\': \'16\', \'questions\': [{\'number\': 1, \'key\': 2468, \'topic\': \'DE-matriz\', \'type\': \'QM\', \'weight\': \'1\', \'short\': \'DE-criar matriz\', \'text\': \'Criar uma matriz \\\\( 7 \\\\times 5 \\\\) com elementos \\n\\\\( (i,j) = ((((i+1) * 13) + ( ( j+1) * 17)) \\\\mod{100}) \\\\). \\nCalcular a soma dos elementos desta matriz. Os índices \\\\(i\\\\) são as linhas\\ne \\\\(j\\\\) as colunas iniciadas com o valor \\\\(0\\\\).\\n\\n\', \'answers\': [{\'answer\': 0, \'sort\': \'3\', \'text\': \'1804\', \'feedback\': \'\\n\'}, {\'answer\': 1, \'sort\': \'0\', \'text\': \'1805\\n\', \'feedback\': \'\\n\'}, {\'answer\': 2, \'sort\': \'4\', \'text\': \'1800\', \'feedback\': \'\\n\'}, {\'answer\': 3, \'sort\': \'1\', \'text\': \'1795\', \'feedback\': \'\\n\'}, {\'answer\': 4, \'sort\': \'2\', \'text\': \'1802\', \'feedback\': \'\\n\'}]}, {\'number\': 2, \'key\': 2443, \'topic\': \'Topico Exemplo\', \'type\': \'QM\', \'weight\': \'1\', \'short\': \'QE1\', \'text\': \'Primeira Questao - Sempre a primeira alternativa criada eh a correta.\', \'answers\': [{\'answer\': 0, \'sort\': \'2\', \'text\': \'3a alternativa criada\', \'feedback\': \'\\n\'}, {\'answer\': 1, \'sort\': \'0\', \'text\': \'1a alternativa criada\', \'feedback\': \'\\n\'}, {\'answer\': 2, \'sort\': \'1\', \'text\': \'2a alternativa criada\', \'feedback\': \'\\n\'}, {\'answer\': 3, \'sort\': \'4\', \'text\': \'5a alternativa criada\', \'feedback\': \'\\n\'}, {\'answer\': 4, \'sort\': \'3\', \'text\': \'4a alternativa criada\', \'feedback\': \'\\n\'}]}, {\'number\': 3, \'key\': 2456, \'topic\': \'DE-TIC\', \'type\': \'QM\', \'weight\': \'1\', \'short\': \'DE-TIC001\', \'text\': \'Qual é o componente principal de um computador que armazena dados e programas?\', \'answers\': [{\'answer\': 0, \'sort\': \'0\', \'text\': \'Memória RAM\', \'feedback\': \'\\n\'}, {\'answer\': 1, \'sort\': \'4\', \'text\': \'Placa de vídeo\', \'feedback\': \'\\n\'}, {\'answer\': 2, \'sort\': \'2\', \'text\': \'Processador\', \'feedback\': \'\\n\'}, {\'answer\': 3, \'sort\': \'1\', \'text\': \'Placa-mãe\', \'feedback\': \'\\n\'}, {\'answer\': 4, \'sort\': \'3\', \'text\': \'Teclado\', \'feedback\': \'\\n\'}]}, {\'number\': 4, \'key\': 2462, \'topic\': \'DE-TIC\', \'type\': \'QT\', \'weight\': \'1\', \'short\': \'texto sobre TI\', \'text\': \'Descreva brevemente a importância da tecnologia da informação (TI) na sociedade moderna e mencione pelo menos duas áreas onde a TI desempenha um papel fundamental.\\r\\n\\r\\n%%{exata}%%\\r\\n\\r\\n\\\\drawLines{10}\', \'answers\': [{\'answer\': 0, \'sort\': 0, \'text\': \'exata\', \'feedback\': \'\\n\'}]}]}]}',486),(61109,'{\'variations\': [{\'variant\': \'17\', \'questions\': [{\'number\': 1, \'key\': 2443, \'topic\': \'Topico Exemplo\', \'type\': \'QM\', \'weight\': \'1\', \'short\': \'QE1\', \'text\': \'Primeira Questao - Sempre a primeira alternativa criada eh a correta.\', \'answers\': [{\'answer\': 0, \'sort\': \'3\', \'text\': \'4a alternativa criada\', \'feedback\': \'\\n\'}, {\'answer\': 1, \'sort\': \'1\', \'text\': \'2a alternativa criada\', \'feedback\': \'\\n\'}, {\'answer\': 2, \'sort\': \'4\', \'text\': \'5a alternativa criada\', \'feedback\': \'\\n\'}, {\'answer\': 3, \'sort\': \'0\', \'text\': \'1a alternativa criada\', \'feedback\': \'\\n\'}, {\'answer\': 4, \'sort\': \'2\', \'text\': \'3a alternativa criada\', \'feedback\': \'\\n\'}]}, {\'number\': 2, \'key\': 2444, \'topic\': \'Topico Exemplo\', \'type\': \'QM\', \'weight\': \'1\', \'short\': \'QE2\', \'text\': \'Segunda Questao\', \'answers\': [{\'answer\': 0, \'sort\': \'3\', \'text\': \'4a alternativa criada\', \'feedback\': \'\\n\'}, {\'answer\': 1, \'sort\': \'4\', \'text\': \'5a alternativa criada\', \'feedback\': \'\\n\'}, {\'answer\': 2, \'sort\': \'2\', \'text\': \'3a alternativa criada\', \'feedback\': \'\\n\'}, {\'answer\': 3, \'sort\': \'0\', \'text\': \'1a alternativa criada\', \'feedback\': \'\\n\'}, {\'answer\': 4, \'sort\': \'1\', \'text\': \'2a alternativa criada\', \'feedback\': \'\\n\'}]}, {\'number\': 3, \'key\': 2455, \'topic\': \'DE-TIC\', \'type\': \'QM\', \'weight\': \'1\', \'short\': \'DE-TIC000\', \'text\': \'Qual dos seguintes dispositivos é usado exclusivamente para entrada de dados em um computador?\', \'answers\': [{\'answer\': 0, \'sort\': \'4\', \'text\': \'Placa de vídeo\', \'feedback\': \'\\n\'}, {\'answer\': 1, \'sort\': \'2\', \'text\': \'Caixa de som\', \'feedback\': \'\\n\'}, {\'answer\': 2, \'sort\': \'0\', \'text\': \'Teclado          % alternativa correta - sempre a primeira\', \'feedback\': \'\\n\'}, {\'answer\': 3, \'sort\': \'3\', \'text\': \'Monitor\', \'feedback\': \'\\n\'}, {\'answer\': 4, \'sort\': \'1\', \'text\': \'Impressora\', \'feedback\': \'\\n\'}]}, {\'number\': 4, \'key\': 2462, \'topic\': \'DE-TIC\', \'type\': \'QT\', \'weight\': \'1\', \'short\': \'texto sobre TI\', \'text\': \'Descreva brevemente a importância da tecnologia da informação (TI) na sociedade moderna e mencione pelo menos duas áreas onde a TI desempenha um papel fundamental.\\r\\n\\r\\n%%{exata}%%\\r\\n\\r\\n\\\\drawLines{10}\', \'answers\': [{\'answer\': 0, \'sort\': 0, \'text\': \'exata\', \'feedback\': \'\\n\'}]}]}]}',486),(61110,'{\'variations\': [{\'variant\': \'18\', \'questions\': [{\'number\': 1, \'key\': 2468, \'topic\': \'DE-matriz\', \'type\': \'QM\', \'weight\': \'1\', \'short\': \'DE-criar matriz\', \'text\': \'Criar uma matriz \\\\( 5 \\\\times 7 \\\\) com elementos \\n\\\\( (i,j) = ((((i+1) * 19) + ( ( j+1) * 23)) \\\\mod{100}) \\\\). \\nCalcular a soma dos elementos desta matriz. Os índices \\\\(i\\\\) são as linhas\\ne \\\\(j\\\\) as colunas iniciadas com o valor \\\\(0\\\\).\\n\\n\', \'answers\': [{\'answer\': 0, \'sort\': \'4\', \'text\': \'1814\', \'feedback\': \'\\n\'}, {\'answer\': 1, \'sort\': \'2\', \'text\': \'1809\', \'feedback\': \'\\n\'}, {\'answer\': 2, \'sort\': \'1\', \'text\': \'1818\', \'feedback\': \'\\n\'}, {\'answer\': 3, \'sort\': \'3\', \'text\': \'1812\', \'feedback\': \'\\n\'}, {\'answer\': 4, \'sort\': \'0\', \'text\': \'1815\\n\', \'feedback\': \'\\n\'}]}, {\'number\': 2, \'key\': 2445, \'topic\': \'Topico Exemplo\', \'type\': \'QM\', \'weight\': \'1\', \'short\': \'QE3\', \'text\': \'Terceira questao\', \'answers\': [{\'answer\': 0, \'sort\': \'2\', \'text\': \'3a alternativa criada\', \'feedback\': \'\\n\'}, {\'answer\': 1, \'sort\': \'1\', \'text\': \'2a alternativa criada\', \'feedback\': \'\\n\'}, {\'answer\': 2, \'sort\': \'0\', \'text\': \'1a alternativa criada\', \'feedback\': \'\\n\'}, {\'answer\': 3, \'sort\': \'3\', \'text\': \'4a alternativa criada\', \'feedback\': \'\\n\'}, {\'answer\': 4, \'sort\': \'4\', \'text\': \'5a alternativa criada\', \'feedback\': \'\\n\'}]}, {\'number\': 3, \'key\': 2444, \'topic\': \'Topico Exemplo\', \'type\': \'QM\', \'weight\': \'1\', \'short\': \'QE2\', \'text\': \'Segunda Questao\', \'answers\': [{\'answer\': 0, \'sort\': \'4\', \'text\': \'5a alternativa criada\', \'feedback\': \'\\n\'}, {\'answer\': 1, \'sort\': \'2\', \'text\': \'3a alternativa criada\', \'feedback\': \'\\n\'}, {\'answer\': 2, \'sort\': \'0\', \'text\': \'1a alternativa criada\', \'feedback\': \'\\n\'}, {\'answer\': 3, \'sort\': \'1\', \'text\': \'2a alternativa criada\', \'feedback\': \'\\n\'}, {\'answer\': 4, \'sort\': \'3\', \'text\': \'4a alternativa criada\', \'feedback\': \'\\n\'}]}, {\'number\': 4, \'key\': 2462, \'topic\': \'DE-TIC\', \'type\': \'QT\', \'weight\': \'1\', \'short\': \'texto sobre TI\', \'text\': \'Descreva brevemente a importância da tecnologia da informação (TI) na sociedade moderna e mencione pelo menos duas áreas onde a TI desempenha um papel fundamental.\\r\\n\\r\\n%%{exata}%%\\r\\n\\r\\n\\\\drawLines{10}\', \'answers\': [{\'answer\': 0, \'sort\': 0, \'text\': \'exata\', \'feedback\': \'\\n\'}]}]}]}',486),(61111,'{\'variations\': [{\'variant\': \'19\', \'questions\': [{\'number\': 1, \'key\': 2445, \'topic\': \'Topico Exemplo\', \'type\': \'QM\', \'weight\': \'1\', \'short\': \'QE3\', \'text\': \'Terceira questao\', \'answers\': [{\'answer\': 0, \'sort\': \'2\', \'text\': \'3a alternativa criada\', \'feedback\': \'\\n\'}, {\'answer\': 1, \'sort\': \'1\', \'text\': \'2a alternativa criada\', \'feedback\': \'\\n\'}, {\'answer\': 2, \'sort\': \'4\', \'text\': \'5a alternativa criada\', \'feedback\': \'\\n\'}, {\'answer\': 3, \'sort\': \'3\', \'text\': \'4a alternativa criada\', \'feedback\': \'\\n\'}, {\'answer\': 4, \'sort\': \'0\', \'text\': \'1a alternativa criada\', \'feedback\': \'\\n\'}]}, {\'number\': 2, \'key\': 2455, \'topic\': \'DE-TIC\', \'type\': \'QM\', \'weight\': \'1\', \'short\': \'DE-TIC000\', \'text\': \'Qual dos seguintes dispositivos é usado exclusivamente para entrada de dados em um computador?\', \'answers\': [{\'answer\': 0, \'sort\': \'3\', \'text\': \'Monitor\', \'feedback\': \'\\n\'}, {\'answer\': 1, \'sort\': \'1\', \'text\': \'Impressora\', \'feedback\': \'\\n\'}, {\'answer\': 2, \'sort\': \'4\', \'text\': \'Placa de vídeo\', \'feedback\': \'\\n\'}, {\'answer\': 3, \'sort\': \'2\', \'text\': \'Caixa de som\', \'feedback\': \'\\n\'}, {\'answer\': 4, \'sort\': \'0\', \'text\': \'Teclado          % alternativa correta - sempre a primeira\', \'feedback\': \'\\n\'}]}, {\'number\': 3, \'key\': 2456, \'topic\': \'DE-TIC\', \'type\': \'QM\', \'weight\': \'1\', \'short\': \'DE-TIC001\', \'text\': \'Qual é o componente principal de um computador que armazena dados e programas?\', \'answers\': [{\'answer\': 0, \'sort\': \'4\', \'text\': \'Placa de vídeo\', \'feedback\': \'\\n\'}, {\'answer\': 1, \'sort\': \'1\', \'text\': \'Placa-mãe\', \'feedback\': \'\\n\'}, {\'answer\': 2, \'sort\': \'3\', \'text\': \'Teclado\', \'feedback\': \'\\n\'}, {\'answer\': 3, \'sort\': \'0\', \'text\': \'Memória RAM\', \'feedback\': \'\\n\'}, {\'answer\': 4, \'sort\': \'2\', \'text\': \'Processador\', \'feedback\': \'\\n\'}]}, {\'number\': 4, \'key\': 2462, \'topic\': \'DE-TIC\', \'type\': \'QT\', \'weight\': \'1\', \'short\': \'texto sobre TI\', \'text\': \'Descreva brevemente a importância da tecnologia da informação (TI) na sociedade moderna e mencione pelo menos duas áreas onde a TI desempenha um papel fundamental.\\r\\n\\r\\n%%{exata}%%\\r\\n\\r\\n\\\\drawLines{10}\', \'answers\': [{\'answer\': 0, \'sort\': 0, \'text\': \'exata\', \'feedback\': \'\\n\'}]}]}]}',486),(61112,'{\'variations\': [{\'variant\': \'20\', \'questions\': [{\'number\': 1, \'key\': 2445, \'topic\': \'Topico Exemplo\', \'type\': \'QM\', \'weight\': \'1\', \'short\': \'QE3\', \'text\': \'Terceira questao\', \'answers\': [{\'answer\': 0, \'sort\': \'4\', \'text\': \'5a alternativa criada\', \'feedback\': \'\\n\'}, {\'answer\': 1, \'sort\': \'2\', \'text\': \'3a alternativa criada\', \'feedback\': \'\\n\'}, {\'answer\': 2, \'sort\': \'1\', \'text\': \'2a alternativa criada\', \'feedback\': \'\\n\'}, {\'answer\': 3, \'sort\': \'0\', \'text\': \'1a alternativa criada\', \'feedback\': \'\\n\'}, {\'answer\': 4, \'sort\': \'3\', \'text\': \'4a alternativa criada\', \'feedback\': \'\\n\'}]}, {\'number\': 2, \'key\': 2456, \'topic\': \'DE-TIC\', \'type\': \'QM\', \'weight\': \'1\', \'short\': \'DE-TIC001\', \'text\': \'Qual é o componente principal de um computador que armazena dados e programas?\', \'answers\': [{\'answer\': 0, \'sort\': \'1\', \'text\': \'Placa-mãe\', \'feedback\': \'\\n\'}, {\'answer\': 1, \'sort\': \'0\', \'text\': \'Memória RAM\', \'feedback\': \'\\n\'}, {\'answer\': 2, \'sort\': \'3\', \'text\': \'Teclado\', \'feedback\': \'\\n\'}, {\'answer\': 3, \'sort\': \'4\', \'text\': \'Placa de vídeo\', \'feedback\': \'\\n\'}, {\'answer\': 4, \'sort\': \'2\', \'text\': \'Processador\', \'feedback\': \'\\n\'}]}, {\'number\': 3, \'key\': 2468, \'topic\': \'DE-matriz\', \'type\': \'QM\', \'weight\': \'1\', \'short\': \'DE-criar matriz\', \'text\': \'Criar uma matriz \\\\( 6 \\\\times 7 \\\\) com elementos \\n\\\\( (i,j) = ((((i+1) * 13) + ( ( j+1) * 11)) \\\\mod{100}) \\\\). \\nCalcular a soma dos elementos desta matriz. Os índices \\\\(i\\\\) são as linhas\\ne \\\\(j\\\\) as colunas iniciadas com o valor \\\\(0\\\\).\\n\\n\', \'answers\': [{\'answer\': 0, \'sort\': \'0\', \'text\': \'2159\\n\', \'feedback\': \'\\n\'}, {\'answer\': 1, \'sort\': \'4\', \'text\': \'2162\', \'feedback\': \'\\n\'}, {\'answer\': 2, \'sort\': \'1\', \'text\': \'2149\', \'feedback\': \'\\n\'}, {\'answer\': 3, \'sort\': \'3\', \'text\': \'2152\', \'feedback\': \'\\n\'}, {\'answer\': 4, \'sort\': \'2\', \'text\': \'2154\', \'feedback\': \'\\n\'}]}, {\'number\': 4, \'key\': 2462, \'topic\': \'DE-TIC\', \'type\': \'QT\', \'weight\': \'1\', \'short\': \'texto sobre TI\', \'text\': \'Descreva brevemente a importância da tecnologia da informação (TI) na sociedade moderna e mencione pelo menos duas áreas onde a TI desempenha um papel fundamental.\\r\\n\\r\\n%%{exata}%%\\r\\n\\r\\n\\\\drawLines{10}\', \'answers\': [{\'answer\': 0, \'sort\': 0, \'text\': \'exata\', \'feedback\': \'\\n\'}]}]}]}',486),(61113,'{\'variations\': [{\'variant\': \'1\', \'questions\': [{\'number\': 1, \'key\': 2454, \'topic\': \'Topico Exemplo\', \'type\': \'QT\', \'weight\': \'1\', \'short\': \'questaoQT-EP-1\', \'text\': \'Escreva um programa que auxilia uma loja na hora de efetuar uma venda. Seu \\nprograma deve perguntar o preço do produto e considerar que a loja parcela \\neste preço em somente em  17 parcelas (sem juros).  O seu \\nprograma deve mostrar quanto será o valor de uma parcela (arredondando \\npara duas casas decimais apenas). Veja exemplo a seguir: \\\\\\\\\\n\\n\\\\noindent\\\\textbf{Exemplo de Entrada:}\\n\\\\begin{verbatim}\\n5007.5\\n\\n\\\\end{verbatim}\\n\\n\\\\noindent\\\\textbf{Exemplo de Saída:}\\n\\\\begin{verbatim}\\n294.56\\n\\\\end{verbatim}\\n\\n% necessário para gerar casos de testes no moodle\\n\\\\begin{comment}\\n{\"input\": [\"5007.5\\\\n\", \"5005.8\\\\n\"], \"output\": [\"294.56\", \"294.46\"]}\\n\\\\end{comment}\\n\\n\', \'answers\': [], \'testcases\': {\'input\': [[\'5007.5\\n\'], [\'5005.8\\n\']], \'output\': [[\'294.56\'], [\'294.46\']], \'key\': [\'2454\']}}]}]}',487),(61114,'{\'variations\': [{\'variant\': \'2\', \'questions\': [{\'number\': 1, \'key\': 2454, \'topic\': \'Topico Exemplo\', \'type\': \'QT\', \'weight\': \'1\', \'short\': \'questaoQT-EP-1\', \'text\': \'Escreva um programa que auxilia uma loja na hora de efetuar uma venda. Seu \\nprograma deve perguntar o preço do produto e considerar que a loja parcela \\neste preço em somente em  10 parcelas (sem juros).  O seu \\nprograma deve mostrar quanto será o valor de uma parcela (arredondando \\npara duas casas decimais apenas). Veja exemplo a seguir: \\\\\\\\\\n\\n\\\\noindent\\\\textbf{Exemplo de Entrada:}\\n\\\\begin{verbatim}\\n5007.7\\n\\n\\\\end{verbatim}\\n\\n\\\\noindent\\\\textbf{Exemplo de Saída:}\\n\\\\begin{verbatim}\\n500.77\\n\\\\end{verbatim}\\n\\n% necessário para gerar casos de testes no moodle\\n\\\\begin{comment}\\n{\"input\": [\"5007.7\\\\n\", \"5009.0\\\\n\"], \"output\": [\"500.77\", \"500.90\"]}\\n\\\\end{comment}\\n\\n\', \'answers\': [], \'testcases\': {\'input\': [[\'5007.7\\n\'], [\'5009.0\\n\']], \'output\': [[\'500.77\'], [\'500.90\']], \'key\': [\'2454\']}}]}]}',487),(61120,'{\'variations\': [{\'variant\': \'1\', \'questions\': [{\'number\': 1, \'key\': 2456, \'topic\': \'DE-TIC\', \'type\': \'QM\', \'weight\': \'1\', \'short\': \'DE-TIC001\', \'text\': \'Qual é o componente principal de um computador que armazena dados e programas?\', \'answers\': [{\'answer\': 0, \'sort\': \'4\', \'text\': \'Placa de vídeo\', \'feedback\': \'\\n\'}, {\'answer\': 1, \'sort\': \'0\', \'text\': \'Memória RAM\', \'feedback\': \'\\n\'}, {\'answer\': 2, \'sort\': \'3\', \'text\': \'Teclado\', \'feedback\': \'\\n\'}, {\'answer\': 3, \'sort\': \'1\', \'text\': \'Placa-mãe\', \'feedback\': \'\\n\'}, {\'answer\': 4, \'sort\': \'2\', \'text\': \'Processador\', \'feedback\': \'\\n\'}]}, {\'number\': 2, \'key\': 2455, \'topic\': \'DE-TIC\', \'type\': \'QM\', \'weight\': \'1\', \'short\': \'DE-TIC000\', \'text\': \'Qual dos seguintes dispositivos é usado exclusivamente para entrada de dados em um computador?\', \'answers\': [{\'answer\': 0, \'sort\': \'0\', \'text\': \'Teclado          % alternativa correta - sempre a primeira\', \'feedback\': \'\\n\'}, {\'answer\': 1, \'sort\': \'3\', \'text\': \'Monitor\', \'feedback\': \'\\n\'}, {\'answer\': 2, \'sort\': \'1\', \'text\': \'Impressora\', \'feedback\': \'\\n\'}, {\'answer\': 3, \'sort\': \'2\', \'text\': \'Caixa de som\', \'feedback\': \'\\n\'}, {\'answer\': 4, \'sort\': \'4\', \'text\': \'Placa de vídeo\', \'feedback\': \'\\n\'}]}, {\'number\': 3, \'key\': 2457, \'topic\': \'DE-TIC\', \'type\': \'QM\', \'weight\': \'3\', \'short\': \'DE-TIC002\', \'text\': \'O que significa a sigla HTML?\', \'answers\': [{\'answer\': 0, \'sort\': \'3\', \'text\': \'Hyper Transfer Machine Learning\', \'feedback\': \'\\n\'}, {\'answer\': 1, \'sort\': \'2\', \'text\': \'Home Tool Management Language\', \'feedback\': \'\\n\'}, {\'answer\': 2, \'sort\': \'4\', \'text\': \'Hardware Technical Maintenance Language\', \'feedback\': \'\\n\'}, {\'answer\': 3, \'sort\': \'1\', \'text\': \'High Technical Machine Language\', \'feedback\': \'\\n\'}, {\'answer\': 4, \'sort\': \'0\', \'text\': \'HyperText Markup Language\', \'feedback\': \'\\n\'}]}, {\'number\': 4, \'key\': 2458, \'topic\': \'DE-TIC\', \'type\': \'QM\', \'weight\': \'3\', \'short\': \'DE-TIC003\', \'text\': \'Qual das seguintes linguagens de programação é amplamente utilizada para o desenvolvimento de sites dinâmicos?\', \'answers\': [{\'answer\': 0, \'sort\': \'3\', \'text\': \'Python\', \'feedback\': \'\\n\'}, {\'answer\': 1, \'sort\': \'2\', \'text\': \'CSS\', \'feedback\': \'\\n\'}, {\'answer\': 2, \'sort\': \'0\', \'text\': \'JavaScript\', \'feedback\': \'\\n\'}, {\'answer\': 3, \'sort\': \'1\', \'text\': \'HTML\', \'feedback\': \'\\n\'}, {\'answer\': 4, \'sort\': \'4\', \'text\': \'C++\', \'feedback\': \'\\n\'}]}, {\'number\': 5, \'key\': 2460, \'topic\': \'DE-TIC\', \'type\': \'QM\', \'weight\': \'5\', \'short\': \'DE-TIC005\', \'text\': \'Qual dos seguintes protocolos de internet é utilizado para enviar e-mails?\', \'answers\': [{\'answer\': 0, \'sort\': \'4\', \'text\': \'SSH\', \'feedback\': \'\\n\'}, {\'answer\': 1, \'sort\': \'3\', \'text\': \'DNS\', \'feedback\': \'\\n\'}, {\'answer\': 2, \'sort\': \'0\', \'text\': \'SMTP\', \'feedback\': \'\\n\'}, {\'answer\': 3, \'sort\': \'1\', \'text\': \'FTP\', \'feedback\': \'\\n\'}, {\'answer\': 4, \'sort\': \'2\', \'text\': \'HTTP\', \'feedback\': \'\\n\'}]}, {\'number\': 6, \'key\': 2459, \'topic\': \'DE-TIC\', \'type\': \'QM\', \'weight\': \'5\', \'short\': \'DE-TIC004\', \'text\': \'Qual das seguintes opções representa corretamente um endereço IP válido?\', \'answers\': [{\'answer\': 0, \'sort\': \'3\', \'text\': \'172.16.0.0\', \'feedback\': \'\\n\'}, {\'answer\': 1, \'sort\': \'2\', \'text\': \'10.0.0.256\', \'feedback\': \'\\n\'}, {\'answer\': 2, \'sort\': \'1\', \'text\': \'192.168.0.300\', \'feedback\': \'\\n\'}, {\'answer\': 3, \'sort\': \'0\', \'text\': \'127.0.0.1\', \'feedback\': \'\\n\'}, {\'answer\': 4, \'sort\': \'4\', \'text\': \'256.256.256.256\', \'feedback\': \'\\n\'}]}, {\'number\': 7, \'key\': 2462, \'topic\': \'DE-TIC\', \'type\': \'QT\', \'weight\': \'1\', \'short\': \'texto sobre TI\', \'text\': \'Descreva brevemente a importância da tecnologia da informação (TI) na sociedade moderna e mencione pelo menos duas áreas onde a TI desempenha um papel fundamental.\\r\\n\\r\\n%%{exata}%%\\r\\n\\r\\n\\\\drawLines{10}\', \'answers\': [{\'answer\': 0, \'sort\': 0, \'text\': \'exata\', \'feedback\': \'\\n\'}]}]}]}',485),(61121,'{\'variations\': [{\'variant\': \'2\', \'questions\': [{\'number\': 1, \'key\': 2455, \'topic\': \'DE-TIC\', \'type\': \'QM\', \'weight\': \'1\', \'short\': \'DE-TIC000\', \'text\': \'Qual dos seguintes dispositivos é usado exclusivamente para entrada de dados em um computador?\', \'answers\': [{\'answer\': 0, \'sort\': \'2\', \'text\': \'Caixa de som\', \'feedback\': \'\\n\'}, {\'answer\': 1, \'sort\': \'0\', \'text\': \'Teclado          % alternativa correta - sempre a primeira\', \'feedback\': \'\\n\'}, {\'answer\': 2, \'sort\': \'4\', \'text\': \'Placa de vídeo\', \'feedback\': \'\\n\'}, {\'answer\': 3, \'sort\': \'3\', \'text\': \'Monitor\', \'feedback\': \'\\n\'}, {\'answer\': 4, \'sort\': \'1\', \'text\': \'Impressora\', \'feedback\': \'\\n\'}]}, {\'number\': 2, \'key\': 2456, \'topic\': \'DE-TIC\', \'type\': \'QM\', \'weight\': \'1\', \'short\': \'DE-TIC001\', \'text\': \'Qual é o componente principal de um computador que armazena dados e programas?\', \'answers\': [{\'answer\': 0, \'sort\': \'0\', \'text\': \'Memória RAM\', \'feedback\': \'\\n\'}, {\'answer\': 1, \'sort\': \'1\', \'text\': \'Placa-mãe\', \'feedback\': \'\\n\'}, {\'answer\': 2, \'sort\': \'4\', \'text\': \'Placa de vídeo\', \'feedback\': \'\\n\'}, {\'answer\': 3, \'sort\': \'3\', \'text\': \'Teclado\', \'feedback\': \'\\n\'}, {\'answer\': 4, \'sort\': \'2\', \'text\': \'Processador\', \'feedback\': \'\\n\'}]}, {\'number\': 3, \'key\': 2458, \'topic\': \'DE-TIC\', \'type\': \'QM\', \'weight\': \'3\', \'short\': \'DE-TIC003\', \'text\': \'Qual das seguintes linguagens de programação é amplamente utilizada para o desenvolvimento de sites dinâmicos?\', \'answers\': [{\'answer\': 0, \'sort\': \'2\', \'text\': \'CSS\', \'feedback\': \'\\n\'}, {\'answer\': 1, \'sort\': \'0\', \'text\': \'JavaScript\', \'feedback\': \'\\n\'}, {\'answer\': 2, \'sort\': \'1\', \'text\': \'HTML\', \'feedback\': \'\\n\'}, {\'answer\': 3, \'sort\': \'3\', \'text\': \'Python\', \'feedback\': \'\\n\'}, {\'answer\': 4, \'sort\': \'4\', \'text\': \'C++\', \'feedback\': \'\\n\'}]}, {\'number\': 4, \'key\': 2457, \'topic\': \'DE-TIC\', \'type\': \'QM\', \'weight\': \'3\', \'short\': \'DE-TIC002\', \'text\': \'O que significa a sigla HTML?\', \'answers\': [{\'answer\': 0, \'sort\': \'1\', \'text\': \'High Technical Machine Language\', \'feedback\': \'\\n\'}, {\'answer\': 1, \'sort\': \'4\', \'text\': \'Hardware Technical Maintenance Language\', \'feedback\': \'\\n\'}, {\'answer\': 2, \'sort\': \'2\', \'text\': \'Home Tool Management Language\', \'feedback\': \'\\n\'}, {\'answer\': 3, \'sort\': \'0\', \'text\': \'HyperText Markup Language\', \'feedback\': \'\\n\'}, {\'answer\': 4, \'sort\': \'3\', \'text\': \'Hyper Transfer Machine Learning\', \'feedback\': \'\\n\'}]}, {\'number\': 5, \'key\': 2461, \'topic\': \'DE-TIC\', \'type\': \'QM\', \'weight\': \'5\', \'short\': \'DE-TIC006\', \'text\': \'Qual é o resultado da soma dos números hexadecimais 7C e 54?\', \'answers\': [{\'answer\': 0, \'sort\': \'2\', \'text\': \'D4\', \'feedback\': \'\\n\'}, {\'answer\': 1, \'sort\': \'4\', \'text\': \'E0\', \'feedback\': \'\\n\'}, {\'answer\': 2, \'sort\': \'3\', \'text\': \'D1\', \'feedback\': \'\\n\'}, {\'answer\': 3, \'sort\': \'0\', \'text\': \'D0\', \'feedback\': \'\\n\'}, {\'answer\': 4, \'sort\': \'1\', \'text\': \'F0\', \'feedback\': \'\\n\'}]}, {\'number\': 6, \'key\': 2460, \'topic\': \'DE-TIC\', \'type\': \'QM\', \'weight\': \'5\', \'short\': \'DE-TIC005\', \'text\': \'Qual dos seguintes protocolos de internet é utilizado para enviar e-mails?\', \'answers\': [{\'answer\': 0, \'sort\': \'3\', \'text\': \'DNS\', \'feedback\': \'\\n\'}, {\'answer\': 1, \'sort\': \'2\', \'text\': \'HTTP\', \'feedback\': \'\\n\'}, {\'answer\': 2, \'sort\': \'4\', \'text\': \'SSH\', \'feedback\': \'\\n\'}, {\'answer\': 3, \'sort\': \'1\', \'text\': \'FTP\', \'feedback\': \'\\n\'}, {\'answer\': 4, \'sort\': \'0\', \'text\': \'SMTP\', \'feedback\': \'\\n\'}]}, {\'number\': 7, \'key\': 2462, \'topic\': \'DE-TIC\', \'type\': \'QT\', \'weight\': \'1\', \'short\': \'texto sobre TI\', \'text\': \'Descreva brevemente a importância da tecnologia da informação (TI) na sociedade moderna e mencione pelo menos duas áreas onde a TI desempenha um papel fundamental.\\r\\n\\r\\n%%{exata}%%\\r\\n\\r\\n\\\\drawLines{10}\', \'answers\': [{\'answer\': 0, \'sort\': 0, \'text\': \'exata\', \'feedback\': \'\\n\'}]}]}]}',485),(61152,'{\'variations\': [{\'variant\': \'1\', \'questions\': [{\'number\': 1, \'key\': 2449, \'topic\': \'Topico Exemplo\', \'type\': \'QM\', \'weight\': \'1\', \'short\': \'área círculo - ex.1\', \'text\': \'Qual é a área do círculo de raio \\\\( 28 \\\\)?\\n\\n% comentário em LaTex. Observe que a variável raio1, após \"code:\" \\n% foi definida na linha 18 abaixo\\n\\n\', \'answers\': [{\'answer\': 0, \'sort\': \'3\', \'text\': \'5026.55\\n\', \'feedback\': \'\\n\'}, {\'answer\': 1, \'sort\': \'2\', \'text\': \'7853.98\\n\', \'feedback\': \'\\n\'}, {\'answer\': 2, \'sort\': \'0\', \'text\': \'2463.01\\n\', \'feedback\': \'\\n\'}, {\'answer\': 3, \'sort\': \'1\', \'text\': \'6361.73\\n\', \'feedback\': \'\\n\'}]}, {\'number\': 2, \'key\': 2465, \'topic\': \'Topico Exemplo\', \'type\': \'QM\', \'weight\': \'1\', \'short\': \'idades irmãos\', \'text\': \'Uma pessoa tem x anos e seu irmão tem y anos. Se a diferença entre suas idades é de 8 anos, e a soma das idades é 18, determine as idades da pessoa e do irmão, respectivamente. \\n\\n\', \'answers\': [{\'answer\': 0, \'sort\': \'3\', \'text\': \'13 e  9\\n\', \'feedback\': \'\\n\'}, {\'answer\': 1, \'sort\': \'0\', \'text\': \'13 e  5\\n\', \'feedback\': \'\\n\'}, {\'answer\': 2, \'sort\': \'1\', \'text\': \'24 e  2\\n\', \'feedback\': \'\\n\'}, {\'answer\': 3, \'sort\': \'2\', \'text\': \' 9 e  3\\n\', \'feedback\': \'\\n\'}]}, {\'number\': 3, \'key\': 2464, \'topic\': \'Topico Exemplo\', \'type\': \'QM\', \'weight\': \'1\', \'short\': \'equação da reta\', \'text\': \'Qual é a equação da reta que passa pelos pontos (5, 8) e (4, 9)?\\n\\n\', \'answers\': [{\'answer\': 0, \'sort\': \'3\', \'text\': \'y = -7.00x + 22.00\\n\', \'feedback\': \'\\n\'}, {\'answer\': 1, \'sort\': \'1\', \'text\': \'y = -2.33x + 12.67\\n\', \'feedback\': \'\\n\'}, {\'answer\': 2, \'sort\': \'2\', \'text\': \'y = -1.20x + 9.20\\n\', \'feedback\': \'\\n\'}, {\'answer\': 3, \'sort\': \'0\', \'text\': \'y = -1.00x + 13.00\\n\', \'feedback\': \'\\n\'}]}, {\'number\': 4, \'key\': 2466, \'topic\': \'Topico Exemplo\', \'type\': \'QT\', \'weight\': \'1\', \'short\': \'resposta exata - vetor\', \'text\': \'Dado um vetor de inteiros de tamanho \\\\( n = 36\\\\), ordenar o trecho do vetor que começa no índice \\\\( inicio = 12 \\\\) e termina no índice \\\\( fim = 30\\\\). Onde, \\\\( 0 < inicio < fim < n \\\\), ou seja, o trecho a ser ordenado está entre início (inclusive) e fim (inclusive). Vale ressaltar que os índices do vetor começam em 0 e terminam em \\\\( n-1\\\\). \\n\\nvariante\\n\\nConsidere esta entrada:\\n0 6 8 1 0 6 5 8 0 4 9 6 0 0 0 1 8 3 5 3 8 3 5 2 4 0 2 6 5 7 3 5 1 7 3 8\\n\\n\\n%%{0 6 8 1 0 6 5 8 0 4 9 6 0 0 0 0 1 2 2 3 3 3 3 4 5 5 5 6 7 8 8 5 1 7 3 8}%%\\n\\n\', \'answers\': [{\'answer\': 0, \'sort\': 0, \'text\': \'0 6 8 1 0 6 5 8 0 4 9 6 0 0 0 0 1 2 2 3 3 3 3 4 5 5 5 6 7 8 8 5 1 7 3 8\', \'feedback\': \'\\n\'}]}]}]}',488),(61153,'{\'variations\': [{\'variant\': \'2\', \'questions\': [{\'number\': 1, \'key\': 2465, \'topic\': \'Topico Exemplo\', \'type\': \'QM\', \'weight\': \'1\', \'short\': \'idades irmãos\', \'text\': \'Uma pessoa tem x anos e seu irmão tem y anos. Se a diferença entre suas idades é de 8 anos, e a soma das idades é 28, determine as idades da pessoa e do irmão, respectivamente. \\n\\n\', \'answers\': [{\'answer\': 0, \'sort\': \'2\', \'text\': \'27 e  1\\n\', \'feedback\': \'\\n\'}, {\'answer\': 1, \'sort\': \'0\', \'text\': \'18 e 10\\n\', \'feedback\': \'\\n\'}, {\'answer\': 2, \'sort\': \'1\', \'text\': \'10 e  1\\n\', \'feedback\': \'\\n\'}, {\'answer\': 3, \'sort\': \'3\', \'text\': \'11 e  3\\n\', \'feedback\': \'\\n\'}]}, {\'number\': 2, \'key\': 2464, \'topic\': \'Topico Exemplo\', \'type\': \'QM\', \'weight\': \'1\', \'short\': \'equação da reta\', \'text\': \'Qual é a equação da reta que passa pelos pontos (7, 6) e (8, 2)?\\n\\n\', \'answers\': [{\'answer\': 0, \'sort\': \'2\', \'text\': \'y = 4.00x + -20.00\\n\', \'feedback\': \'\\n\'}, {\'answer\': 1, \'sort\': \'0\', \'text\': \'y = -4.00x + 34.00\\n\', \'feedback\': \'\\n\'}, {\'answer\': 2, \'sort\': \'3\', \'text\': \'y = 0.17x + 0.50\\n\', \'feedback\': \'\\n\'}, {\'answer\': 3, \'sort\': \'1\', \'text\': \'y = 5.00x + -14.00\\n\', \'feedback\': \'\\n\'}]}, {\'number\': 3, \'key\': 2449, \'topic\': \'Topico Exemplo\', \'type\': \'QM\', \'weight\': \'1\', \'short\': \'área círculo - ex.1\', \'text\': \'Qual é a área do círculo de raio \\\\( 20 \\\\)?\\n\\n% comentário em LaTex. Observe que a variável raio1, após \"code:\" \\n% foi definida na linha 18 abaixo\\n\\n\', \'answers\': [{\'answer\': 0, \'sort\': \'1\', \'text\': \'3848.45\\n\', \'feedback\': \'\\n\'}, {\'answer\': 1, \'sort\': \'2\', \'text\': \'3019.07\\n\', \'feedback\': \'\\n\'}, {\'answer\': 2, \'sort\': \'3\', \'text\': \'2827.43\\n\', \'feedback\': \'\\n\'}, {\'answer\': 3, \'sort\': \'0\', \'text\': \'1256.64\\n\', \'feedback\': \'\\n\'}]}, {\'number\': 4, \'key\': 2466, \'topic\': \'Topico Exemplo\', \'type\': \'QT\', \'weight\': \'1\', \'short\': \'resposta exata - vetor\', \'text\': \'Dado um vetor de inteiros de tamanho \\\\( n = 26\\\\), ordenar o trecho do vetor que começa no índice \\\\( inicio = 10 \\\\) e termina no índice \\\\( fim = 22\\\\). Onde, \\\\( 0 < inicio < fim < n \\\\), ou seja, o trecho a ser ordenado está entre início (inclusive) e fim (inclusive). Vale ressaltar que os índices do vetor começam em 0 e terminam em \\\\( n-1\\\\). \\n\\nvariante\\n\\nConsidere esta entrada:\\n7 1 2 0 6 2 0 9 7 3 2 8 3 4 1 9 9 7 5 9 0 7 1 2 9 0\\n\\n\\n%%{7 1 2 0 6 2 0 9 7 3 0 1 1 2 3 4 5 7 7 8 9 9 9 2 9 0}%%\\n\\n\', \'answers\': [{\'answer\': 0, \'sort\': 0, \'text\': \'7 1 2 0 6 2 0 9 7 3 0 1 1 2 3 4 5 7 7 8 9 9 9 2 9 0\', \'feedback\': \'\\n\'}]}]}]}',488),(61154,'{\'variations\': [{\'variant\': \'3\', \'questions\': [{\'number\': 1, \'key\': 2449, \'topic\': \'Topico Exemplo\', \'type\': \'QM\', \'weight\': \'1\', \'short\': \'área círculo - ex.1\', \'text\': \'Qual é a área do círculo de raio \\\\( 37 \\\\)?\\n\\n% comentário em LaTex. Observe que a variável raio1, após \"code:\" \\n% foi definida na linha 18 abaixo\\n\\n\', \'answers\': [{\'answer\': 0, \'sort\': \'3\', \'text\': \'7238.23\\n\', \'feedback\': \'\\n\'}, {\'answer\': 1, \'sort\': \'2\', \'text\': \'6647.61\\n\', \'feedback\': \'\\n\'}, {\'answer\': 2, \'sort\': \'0\', \'text\': \'4300.84\\n\', \'feedback\': \'\\n\'}, {\'answer\': 3, \'sort\': \'1\', \'text\': \'2463.01\\n\', \'feedback\': \'\\n\'}]}, {\'number\': 2, \'key\': 2464, \'topic\': \'Topico Exemplo\', \'type\': \'QM\', \'weight\': \'1\', \'short\': \'equação da reta\', \'text\': \'Qual é a equação da reta que passa pelos pontos (4, 5) e (7, 6)?\\n\\n\', \'answers\': [{\'answer\': 0, \'sort\': \'2\', \'text\': \'y = -4.00x + 37.00\\n\', \'feedback\': \'\\n\'}, {\'answer\': 1, \'sort\': \'1\', \'text\': \'y = -2.00x + 10.00\\n\', \'feedback\': \'\\n\'}, {\'answer\': 2, \'sort\': \'3\', \'text\': \'y = -0.33x + 8.33\\n\', \'feedback\': \'\\n\'}, {\'answer\': 3, \'sort\': \'0\', \'text\': \'y = 0.33x + 3.67\\n\', \'feedback\': \'\\n\'}]}, {\'number\': 3, \'key\': 2465, \'topic\': \'Topico Exemplo\', \'type\': \'QM\', \'weight\': \'1\', \'short\': \'idades irmãos\', \'text\': \'Uma pessoa tem x anos e seu irmão tem y anos. Se a diferença entre suas idades é de 12 anos, e a soma das idades é 18, determine as idades da pessoa e do irmão, respectivamente. \\n\\n\', \'answers\': [{\'answer\': 0, \'sort\': \'2\', \'text\': \'18 e  1\\n\', \'feedback\': \'\\n\'}, {\'answer\': 1, \'sort\': \'0\', \'text\': \'15 e  3\\n\', \'feedback\': \'\\n\'}, {\'answer\': 2, \'sort\': \'3\', \'text\': \' 6 e  2\\n\', \'feedback\': \'\\n\'}, {\'answer\': 3, \'sort\': \'1\', \'text\': \'27 e  2\\n\', \'feedback\': \'\\n\'}]}, {\'number\': 4, \'key\': 2466, \'topic\': \'Topico Exemplo\', \'type\': \'QT\', \'weight\': \'1\', \'short\': \'resposta exata - vetor\', \'text\': \'Dado um vetor de inteiros de tamanho \\\\( n = 24\\\\), ordenar o trecho do vetor que começa no índice \\\\( inicio = 3 \\\\) e termina no índice \\\\( fim = 19\\\\). Onde, \\\\( 0 < inicio < fim < n \\\\), ou seja, o trecho a ser ordenado está entre início (inclusive) e fim (inclusive). Vale ressaltar que os índices do vetor começam em 0 e terminam em \\\\( n-1\\\\). \\n\\nvariante\\n\\nConsidere esta entrada:\\n5 4 3 0 3 6 4 2 1 8 0 8 5 8 7 7 0 1 2 0 2 0 8 5\\n\\n\\n%%{5 4 3 0 0 0 0 1 1 2 2 3 4 5 6 7 7 8 8 8 2 0 8 5}%%\\n\\n\', \'answers\': [{\'answer\': 0, \'sort\': 0, \'text\': \'5 4 3 0 0 0 0 1 1 2 2 3 4 5 6 7 7 8 8 8 2 0 8 5\', \'feedback\': \'\\n\'}]}]}]}',488),(61155,'{\'variations\': [{\'variant\': \'4\', \'questions\': [{\'number\': 1, \'key\': 2465, \'topic\': \'Topico Exemplo\', \'type\': \'QM\', \'weight\': \'1\', \'short\': \'idades irmãos\', \'text\': \'Uma pessoa tem x anos e seu irmão tem y anos. Se a diferença entre suas idades é de 13 anos, e a soma das idades é 25, determine as idades da pessoa e do irmão, respectivamente. \\n\\n\', \'answers\': [{\'answer\': 0, \'sort\': \'1\', \'text\': \'22 e  2\\n\', \'feedback\': \'\\n\'}, {\'answer\': 1, \'sort\': \'2\', \'text\': \'20 e  4\\n\', \'feedback\': \'\\n\'}, {\'answer\': 2, \'sort\': \'3\', \'text\': \'23 e  6\\n\', \'feedback\': \'\\n\'}, {\'answer\': 3, \'sort\': \'0\', \'text\': \'19 e  6\\n\', \'feedback\': \'\\n\'}]}, {\'number\': 2, \'key\': 2464, \'topic\': \'Topico Exemplo\', \'type\': \'QM\', \'weight\': \'1\', \'short\': \'equação da reta\', \'text\': \'Qual é a equação da reta que passa pelos pontos (2, 5) e (9, 6)?\\n\\n\', \'answers\': [{\'answer\': 0, \'sort\': \'0\', \'text\': \'y = 0.14x + 4.71\\n\', \'feedback\': \'\\n\'}, {\'answer\': 1, \'sort\': \'2\', \'text\': \'y = 2.00x + 2.00\\n\', \'feedback\': \'\\n\'}, {\'answer\': 2, \'sort\': \'1\', \'text\': \'y = -0.50x + 5.50\\n\', \'feedback\': \'\\n\'}, {\'answer\': 3, \'sort\': \'3\', \'text\': \'y = -2.00x + 16.00\\n\', \'feedback\': \'\\n\'}]}, {\'number\': 3, \'key\': 2449, \'topic\': \'Topico Exemplo\', \'type\': \'QM\', \'weight\': \'1\', \'short\': \'área círculo - ex.1\', \'text\': \'Qual é a área do círculo de raio \\\\( 35 \\\\)?\\n\\n% comentário em LaTex. Observe que a variável raio1, após \"code:\" \\n% foi definida na linha 18 abaixo\\n\\n\', \'answers\': [{\'answer\': 0, \'sort\': \'3\', \'text\': \'2123.72\\n\', \'feedback\': \'\\n\'}, {\'answer\': 1, \'sort\': \'2\', \'text\': \'3631.68\\n\', \'feedback\': \'\\n\'}, {\'answer\': 2, \'sort\': \'0\', \'text\': \'3848.45\\n\', \'feedback\': \'\\n\'}, {\'answer\': 3, \'sort\': \'1\', \'text\': \'1809.56\\n\', \'feedback\': \'\\n\'}]}, {\'number\': 4, \'key\': 2466, \'topic\': \'Topico Exemplo\', \'type\': \'QT\', \'weight\': \'1\', \'short\': \'resposta exata - vetor\', \'text\': \'Dado um vetor de inteiros de tamanho \\\\( n = 25\\\\), ordenar o trecho do vetor que começa no índice \\\\( inicio = 4 \\\\) e termina no índice \\\\( fim = 18\\\\). Onde, \\\\( 0 < inicio < fim < n \\\\), ou seja, o trecho a ser ordenado está entre início (inclusive) e fim (inclusive). Vale ressaltar que os índices do vetor começam em 0 e terminam em \\\\( n-1\\\\). \\n\\nvariante\\n\\nConsidere esta entrada:\\n4 2 5 0 8 8 6 2 7 7 3 9 7 3 9 4 8 7 2 7 6 3 5 3 9\\n\\n\\n%%{4 2 5 0 2 2 3 3 4 6 7 7 7 7 8 8 8 9 9 7 6 3 5 3 9}%%\\n\\n\', \'answers\': [{\'answer\': 0, \'sort\': 0, \'text\': \'4 2 5 0 2 2 3 3 4 6 7 7 7 7 8 8 8 9 9 7 6 3 5 3 9\', \'feedback\': \'\\n\'}]}]}]}',488),(61156,'{\'variations\': [{\'variant\': \'5\', \'questions\': [{\'number\': 1, \'key\': 2449, \'topic\': \'Topico Exemplo\', \'type\': \'QM\', \'weight\': \'1\', \'short\': \'área círculo - ex.1\', \'text\': \'Qual é a área do círculo de raio \\\\( 37 \\\\)?\\n\\n% comentário em LaTex. Observe que a variável raio1, após \"code:\" \\n% foi definida na linha 18 abaixo\\n\\n\', \'answers\': [{\'answer\': 0, \'sort\': \'0\', \'text\': \'4300.84\\n\', \'feedback\': \'\\n\'}, {\'answer\': 1, \'sort\': \'3\', \'text\': \'1809.56\\n\', \'feedback\': \'\\n\'}, {\'answer\': 2, \'sort\': \'2\', \'text\': \'3019.07\\n\', \'feedback\': \'\\n\'}, {\'answer\': 3, \'sort\': \'1\', \'text\': \'1385.44\\n\', \'feedback\': \'\\n\'}]}, {\'number\': 2, \'key\': 2464, \'topic\': \'Topico Exemplo\', \'type\': \'QM\', \'weight\': \'1\', \'short\': \'equação da reta\', \'text\': \'Qual é a equação da reta que passa pelos pontos (4, 1) e (7, 9)?\\n\\n\', \'answers\': [{\'answer\': 0, \'sort\': \'1\', \'text\': \'y = 0.20x + 4.60\\n\', \'feedback\': \'\\n\'}, {\'answer\': 1, \'sort\': \'2\', \'text\': \'y = 2.00x + -11.00\\n\', \'feedback\': \'\\n\'}, {\'answer\': 2, \'sort\': \'3\', \'text\': \'y = -0.50x + 7.00\\n\', \'feedback\': \'\\n\'}, {\'answer\': 3, \'sort\': \'0\', \'text\': \'y = 2.67x + -9.67\\n\', \'feedback\': \'\\n\'}]}, {\'number\': 3, \'key\': 2465, \'topic\': \'Topico Exemplo\', \'type\': \'QM\', \'weight\': \'1\', \'short\': \'idades irmãos\', \'text\': \'Uma pessoa tem x anos e seu irmão tem y anos. Se a diferença entre suas idades é de 2 anos, e a soma das idades é 18, determine as idades da pessoa e do irmão, respectivamente. \\n\\n\', \'answers\': [{\'answer\': 0, \'sort\': \'0\', \'text\': \'10 e  8\\n\', \'feedback\': \'\\n\'}, {\'answer\': 1, \'sort\': \'3\', \'text\': \'20 e  7\\n\', \'feedback\': \'\\n\'}, {\'answer\': 2, \'sort\': \'1\', \'text\': \'13 e  8\\n\', \'feedback\': \'\\n\'}, {\'answer\': 3, \'sort\': \'2\', \'text\': \'24 e  3\\n\', \'feedback\': \'\\n\'}]}, {\'number\': 4, \'key\': 2466, \'topic\': \'Topico Exemplo\', \'type\': \'QT\', \'weight\': \'1\', \'short\': \'resposta exata - vetor\', \'text\': \'Dado um vetor de inteiros de tamanho \\\\( n = 30\\\\), ordenar o trecho do vetor que começa no índice \\\\( inicio = 6 \\\\) e termina no índice \\\\( fim = 26\\\\). Onde, \\\\( 0 < inicio < fim < n \\\\), ou seja, o trecho a ser ordenado está entre início (inclusive) e fim (inclusive). Vale ressaltar que os índices do vetor começam em 0 e terminam em \\\\( n-1\\\\). \\n\\nvariante\\n\\nConsidere esta entrada:\\n1 8 6 9 2 8 1 6 8 7 6 5 2 6 7 0 5 1 5 5 7 7 0 9 5 4 2 5 2 0\\n\\n\\n%%{1 8 6 9 2 8 0 0 1 1 2 2 4 5 5 5 5 5 6 6 6 7 7 7 7 8 9 5 2 0}%%\\n\\n\', \'answers\': [{\'answer\': 0, \'sort\': 0, \'text\': \'1 8 6 9 2 8 0 0 1 1 2 2 4 5 5 5 5 5 6 6 6 7 7 7 7 8 9 5 2 0\', \'feedback\': \'\\n\'}]}]}]}',488),(61179,'{\'variations\': [{\'variant\': \'1\', \'questions\': [{\'number\': 1, \'key\': 2454, \'topic\': \'Topico Exemplo\', \'type\': \'QT\', \'weight\': \'1\', \'short\': \'questaoQT-EP-1\', \'text\': \'Escreva um programa que auxilia uma loja na hora de efetuar uma venda. Seu \\nprograma deve perguntar o preço do produto e considerar que a loja parcela \\neste preço em somente em  14 parcelas (sem juros).  O seu \\nprograma deve mostrar quanto será o valor de uma parcela (arredondando \\npara duas casas decimais apenas). Veja exemplo a seguir: \\\\\\\\\\n\\n\\\\noindent\\\\textbf{Exemplo de Entrada:}\\n\\\\begin{verbatim}\\n5004.0\\n\\n\\\\end{verbatim}\\n\\n\\\\noindent\\\\textbf{Exemplo de Saída:}\\n\\\\begin{verbatim}\\n357.43\\n\\\\end{verbatim}\\n\\n% necessário para gerar casos de testes no moodle\\n\\\\begin{comment}\\n{\"input\": [\"5004.0\\\\n\", \"5007.1\\\\n\"], \"output\": [\"357.43\", \"357.65\"]}\\n\\\\end{comment}\\n\\n\', \'answers\': [], \'testcases\': {\'input\': [[\'5004.0\\n\'], [\'5007.1\\n\']], \'output\': [[\'357.43\'], [\'357.65\']], \'key\': [\'2454\']}}, {\'number\': 2, \'key\': 2463, \'topic\': \'DE-matriz\', \'type\': \'QT\', \'weight\': \'1\', \'short\': \'DE-matriz\', \'text\': \'Considere uma matriz de inteiros de dimensões \\\\(5 \\\\times\\n6\\\\). Escreva um programa capaz de calcular a soma de todos\\nos elementos dessa matriz. O programa deve solicitar ao usuário os números \\ninteiros da matriz, linha por linha. Ao final, o programa deve exibir a \\nsoma de todos os elementos da matriz. Veja exemplo a seguir: \\\\\\\\\\n\\n\\\\noindent\\\\textbf{Exemplo de Entrada:}\\n\\\\begin{verbatim}\\n0 7 0 7 6 0\\n2 5 6 5 7 9\\n7 1 3 9 7 9\\n5 2 0 4 6 8\\n4 7 6 1 4 0\\n\\n\\n\\\\end{verbatim}\\n\\n\\\\noindent\\\\textbf{Exemplo de Saída:}\\n\\\\begin{verbatim}\\nsoma = 137\\n\\\\end{verbatim}\\n\\n% necessário para gerar casos de testes no moodle\\n\\\\begin{comment}\\n{\"input\": [\"0 7 0 7 6 0\\\\n2 5 6 5 7 9\\\\n7 1 3 9 7 9\\\\n5 2 0 4 6 8\\\\n4 7 6 1 4 0\\\\n\\\\n\", \"7 1 2 7 6 4\\\\n7 1 8 3 3 2\\\\n2 0 6 9 3 5\\\\n6 8 0 6 2 0\\\\n7 7 1 6 4 5\\\\n\\\\n\"], \"output\": [\"soma = 137\", \"soma = 128\"]}\\n\\\\end{comment}\\n\\n\', \'answers\': [], \'testcases\': {\'input\': [[\'0 7 0 7 6 0\\n2 5 6 5 7 9\\n7 1 3 9 7 9\\n5 2 0 4 6 8\\n4 7 6 1 4 0\\n\\n\'], [\'7 1 2 7 6 4\\n7 1 8 3 3 2\\n2 0 6 9 3 5\\n6 8 0 6 2 0\\n7 7 1 6 4 5\\n\\n\']], \'output\': [[\'soma = 137\'], [\'soma = 128\']], \'key\': [\'2463\']}}]}]}',489),(61180,'{\'variations\': [{\'variant\': \'2\', \'questions\': [{\'number\': 1, \'key\': 2454, \'topic\': \'Topico Exemplo\', \'type\': \'QT\', \'weight\': \'1\', \'short\': \'questaoQT-EP-1\', \'text\': \'Escreva um programa que auxilia uma loja na hora de efetuar uma venda. Seu \\nprograma deve perguntar o preço do produto e considerar que a loja parcela \\neste preço em somente em  10 parcelas (sem juros).  O seu \\nprograma deve mostrar quanto será o valor de uma parcela (arredondando \\npara duas casas decimais apenas). Veja exemplo a seguir: \\\\\\\\\\n\\n\\\\noindent\\\\textbf{Exemplo de Entrada:}\\n\\\\begin{verbatim}\\n5007.7\\n\\n\\\\end{verbatim}\\n\\n\\\\noindent\\\\textbf{Exemplo de Saída:}\\n\\\\begin{verbatim}\\n500.77\\n\\\\end{verbatim}\\n\\n% necessário para gerar casos de testes no moodle\\n\\\\begin{comment}\\n{\"input\": [\"5007.7\\\\n\", \"5007.0\\\\n\"], \"output\": [\"500.77\", \"500.70\"]}\\n\\\\end{comment}\\n\\n\', \'answers\': [], \'testcases\': {\'input\': [[\'5007.7\\n\'], [\'5007.0\\n\']], \'output\': [[\'500.77\'], [\'500.70\']], \'key\': [\'2454\']}}, {\'number\': 2, \'key\': 2463, \'topic\': \'DE-matriz\', \'type\': \'QT\', \'weight\': \'1\', \'short\': \'DE-matriz\', \'text\': \'Considere uma matriz de inteiros de dimensões \\\\(5 \\\\times\\n4\\\\). Escreva um programa capaz de calcular a soma de todos\\nos elementos dessa matriz. O programa deve solicitar ao usuário os números \\ninteiros da matriz, linha por linha. Ao final, o programa deve exibir a \\nsoma de todos os elementos da matriz. Veja exemplo a seguir: \\\\\\\\\\n\\n\\\\noindent\\\\textbf{Exemplo de Entrada:}\\n\\\\begin{verbatim}\\n8 2 4 2\\n7 4 1 7\\n4 3 0 8\\n3 1 7 4\\n4 9 3 9\\n\\n\\n\\\\end{verbatim}\\n\\n\\\\noindent\\\\textbf{Exemplo de Saída:}\\n\\\\begin{verbatim}\\nsoma = 90\\n\\\\end{verbatim}\\n\\n% necessário para gerar casos de testes no moodle\\n\\\\begin{comment}\\n{\"input\": [\"8 2 4 2\\\\n7 4 1 7\\\\n4 3 0 8\\\\n3 1 7 4\\\\n4 9 3 9\\\\n\\\\n\", \"5 8 7 2\\\\n7 4 3 5\\\\n7 8 2 4\\\\n7 6 4 6\\\\n3 5 0 1\\\\n\\\\n\"], \"output\": [\"soma = 90\", \"soma = 94\"]}\\n\\\\end{comment}\\n\\n\', \'answers\': [], \'testcases\': {\'input\': [[\'8 2 4 2\\n7 4 1 7\\n4 3 0 8\\n3 1 7 4\\n4 9 3 9\\n\\n\'], [\'5 8 7 2\\n7 4 3 5\\n7 8 2 4\\n7 6 4 6\\n3 5 0 1\\n\\n\']], \'output\': [[\'soma = 90\'], [\'soma = 94\']], \'key\': [\'2463\']}}]}]}',489),(61181,'{\'variations\': [{\'variant\': \'3\', \'questions\': [{\'number\': 1, \'key\': 2454, \'topic\': \'Topico Exemplo\', \'type\': \'QT\', \'weight\': \'1\', \'short\': \'questaoQT-EP-1\', \'text\': \'Escreva um programa que auxilia uma loja na hora de efetuar uma venda. Seu \\nprograma deve perguntar o preço do produto e considerar que a loja parcela \\neste preço em somente em  14 parcelas (sem juros).  O seu \\nprograma deve mostrar quanto será o valor de uma parcela (arredondando \\npara duas casas decimais apenas). Veja exemplo a seguir: \\\\\\\\\\n\\n\\\\noindent\\\\textbf{Exemplo de Entrada:}\\n\\\\begin{verbatim}\\n5002.4\\n\\n\\\\end{verbatim}\\n\\n\\\\noindent\\\\textbf{Exemplo de Saída:}\\n\\\\begin{verbatim}\\n357.31\\n\\\\end{verbatim}\\n\\n% necessário para gerar casos de testes no moodle\\n\\\\begin{comment}\\n{\"input\": [\"5002.4\\\\n\", \"5001.9\\\\n\"], \"output\": [\"357.31\", \"357.28\"]}\\n\\\\end{comment}\\n\\n\', \'answers\': [], \'testcases\': {\'input\': [[\'5002.4\\n\'], [\'5001.9\\n\']], \'output\': [[\'357.31\'], [\'357.28\']], \'key\': [\'2454\']}}, {\'number\': 2, \'key\': 2463, \'topic\': \'DE-matriz\', \'type\': \'QT\', \'weight\': \'1\', \'short\': \'DE-matriz\', \'text\': \'Considere uma matriz de inteiros de dimensões \\\\(7 \\\\times\\n6\\\\). Escreva um programa capaz de calcular a soma de todos\\nos elementos dessa matriz. O programa deve solicitar ao usuário os números \\ninteiros da matriz, linha por linha. Ao final, o programa deve exibir a \\nsoma de todos os elementos da matriz. Veja exemplo a seguir: \\\\\\\\\\n\\n\\\\noindent\\\\textbf{Exemplo de Entrada:}\\n\\\\begin{verbatim}\\n8 3 8 9 4 9\\n6 9 9 5 6 7\\n3 8 4 4 8 4\\n1 0 4 6 1 2\\n2 0 9 7 3 1\\n2 8 3 1 4 1\\n6 1 3 3 8 0\\n\\n\\n\\\\end{verbatim}\\n\\n\\\\noindent\\\\textbf{Exemplo de Saída:}\\n\\\\begin{verbatim}\\nsoma = 190\\n\\\\end{verbatim}\\n\\n% necessário para gerar casos de testes no moodle\\n\\\\begin{comment}\\n{\"input\": [\"8 3 8 9 4 9\\\\n6 9 9 5 6 7\\\\n3 8 4 4 8 4\\\\n1 0 4 6 1 2\\\\n2 0 9 7 3 1\\\\n2 8 3 1 4 1\\\\n6 1 3 3 8 0\\\\n\\\\n\", \"7 0 5 2 8 5\\\\n8 3 6 6 3 8\\\\n2 0 8 8 2 3\\\\n3 3 5 6 0 1\\\\n0 7 9 3 5 9\\\\n3 9 5 0 7 4\\\\n8 9 1 6 6 9\\\\n\\\\n\"], \"output\": [\"soma = 190\", \"soma = 202\"]}\\n\\\\end{comment}\\n\\n\', \'answers\': [], \'testcases\': {\'input\': [[\'8 3 8 9 4 9\\n6 9 9 5 6 7\\n3 8 4 4 8 4\\n1 0 4 6 1 2\\n2 0 9 7 3 1\\n2 8 3 1 4 1\\n6 1 3 3 8 0\\n\\n\'], [\'7 0 5 2 8 5\\n8 3 6 6 3 8\\n2 0 8 8 2 3\\n3 3 5 6 0 1\\n0 7 9 3 5 9\\n3 9 5 0 7 4\\n8 9 1 6 6 9\\n\\n\']], \'output\': [[\'soma = 190\'], [\'soma = 202\']], \'key\': [\'2463\']}}]}]}',489),(61182,'{\'variations\': [{\'variant\': \'4\', \'questions\': [{\'number\': 1, \'key\': 2463, \'topic\': \'DE-matriz\', \'type\': \'QT\', \'weight\': \'1\', \'short\': \'DE-matriz\', \'text\': \'Considere uma matriz de inteiros de dimensões \\\\(4 \\\\times\\n6\\\\). Escreva um programa capaz de calcular a soma de todos\\nos elementos dessa matriz. O programa deve solicitar ao usuário os números \\ninteiros da matriz, linha por linha. Ao final, o programa deve exibir a \\nsoma de todos os elementos da matriz. Veja exemplo a seguir: \\\\\\\\\\n\\n\\\\noindent\\\\textbf{Exemplo de Entrada:}\\n\\\\begin{verbatim}\\n7 5 3 0 1 0\\n2 1 2 7 7 8\\n8 8 3 7 6 9\\n5 4 3 0 1 3\\n\\n\\n\\\\end{verbatim}\\n\\n\\\\noindent\\\\textbf{Exemplo de Saída:}\\n\\\\begin{verbatim}\\nsoma = 100\\n\\\\end{verbatim}\\n\\n% necessário para gerar casos de testes no moodle\\n\\\\begin{comment}\\n{\"input\": [\"7 5 3 0 1 0\\\\n2 1 2 7 7 8\\\\n8 8 3 7 6 9\\\\n5 4 3 0 1 3\\\\n\\\\n\", \"2 9 0 2 9 5\\\\n3 1 7 9 9 7\\\\n5 0 9 4 4 5\\\\n8 8 4 1 3 9\\\\n\\\\n\"], \"output\": [\"soma = 100\", \"soma = 123\"]}\\n\\\\end{comment}\\n\\n\', \'answers\': [], \'testcases\': {\'input\': [[\'7 5 3 0 1 0\\n2 1 2 7 7 8\\n8 8 3 7 6 9\\n5 4 3 0 1 3\\n\\n\'], [\'2 9 0 2 9 5\\n3 1 7 9 9 7\\n5 0 9 4 4 5\\n8 8 4 1 3 9\\n\\n\']], \'output\': [[\'soma = 100\'], [\'soma = 123\']], \'key\': [\'2463\']}}, {\'number\': 2, \'key\': 2454, \'topic\': \'Topico Exemplo\', \'type\': \'QT\', \'weight\': \'1\', \'short\': \'questaoQT-EP-1\', \'text\': \'Escreva um programa que auxilia uma loja na hora de efetuar uma venda. Seu \\nprograma deve perguntar o preço do produto e considerar que a loja parcela \\neste preço em somente em  11 parcelas (sem juros).  O seu \\nprograma deve mostrar quanto será o valor de uma parcela (arredondando \\npara duas casas decimais apenas). Veja exemplo a seguir: \\\\\\\\\\n\\n\\\\noindent\\\\textbf{Exemplo de Entrada:}\\n\\\\begin{verbatim}\\n5003.7\\n\\n\\\\end{verbatim}\\n\\n\\\\noindent\\\\textbf{Exemplo de Saída:}\\n\\\\begin{verbatim}\\n454.88\\n\\\\end{verbatim}\\n\\n% necessário para gerar casos de testes no moodle\\n\\\\begin{comment}\\n{\"input\": [\"5003.7\\\\n\", \"5010.7\\\\n\"], \"output\": [\"454.88\", \"455.52\"]}\\n\\\\end{comment}\\n\\n\', \'answers\': [], \'testcases\': {\'input\': [[\'5003.7\\n\'], [\'5010.7\\n\']], \'output\': [[\'454.88\'], [\'455.52\']], \'key\': [\'2454\']}}]}]}',489),(61183,'{\'variations\': [{\'variant\': \'5\', \'questions\': [{\'number\': 1, \'key\': 2463, \'topic\': \'DE-matriz\', \'type\': \'QT\', \'weight\': \'1\', \'short\': \'DE-matriz\', \'text\': \'Considere uma matriz de inteiros de dimensões \\\\(7 \\\\times\\n5\\\\). Escreva um programa capaz de calcular a soma de todos\\nos elementos dessa matriz. O programa deve solicitar ao usuário os números \\ninteiros da matriz, linha por linha. Ao final, o programa deve exibir a \\nsoma de todos os elementos da matriz. Veja exemplo a seguir: \\\\\\\\\\n\\n\\\\noindent\\\\textbf{Exemplo de Entrada:}\\n\\\\begin{verbatim}\\n0 1 8 5 1\\n5 9 6 7 3\\n8 5 6 7 3\\n8 9 9 1 9\\n1 2 3 0 2\\n6 5 9 8 0\\n4 6 5 1 1\\n\\n\\n\\\\end{verbatim}\\n\\n\\\\noindent\\\\textbf{Exemplo de Saída:}\\n\\\\begin{verbatim}\\nsoma = 163\\n\\\\end{verbatim}\\n\\n% necessário para gerar casos de testes no moodle\\n\\\\begin{comment}\\n{\"input\": [\"0 1 8 5 1\\\\n5 9 6 7 3\\\\n8 5 6 7 3\\\\n8 9 9 1 9\\\\n1 2 3 0 2\\\\n6 5 9 8 0\\\\n4 6 5 1 1\\\\n\\\\n\", \"2 2 4 6 2\\\\n1 3 3 9 6\\\\n5 1 9 7 5\\\\n5 0 2 9 8\\\\n8 7 6 2 8\\\\n7 8 9 7 8\\\\n9 1 4 7 7\\\\n\\\\n\"], \"output\": [\"soma = 163\", \"soma = 187\"]}\\n\\\\end{comment}\\n\\n\', \'answers\': [], \'testcases\': {\'input\': [[\'0 1 8 5 1\\n5 9 6 7 3\\n8 5 6 7 3\\n8 9 9 1 9\\n1 2 3 0 2\\n6 5 9 8 0\\n4 6 5 1 1\\n\\n\'], [\'2 2 4 6 2\\n1 3 3 9 6\\n5 1 9 7 5\\n5 0 2 9 8\\n8 7 6 2 8\\n7 8 9 7 8\\n9 1 4 7 7\\n\\n\']], \'output\': [[\'soma = 163\'], [\'soma = 187\']], \'key\': [\'2463\']}}, {\'number\': 2, \'key\': 2454, \'topic\': \'Topico Exemplo\', \'type\': \'QT\', \'weight\': \'1\', \'short\': \'questaoQT-EP-1\', \'text\': \'Escreva um programa que auxilia uma loja na hora de efetuar uma venda. Seu \\nprograma deve perguntar o preço do produto e considerar que a loja parcela \\neste preço em somente em  15 parcelas (sem juros).  O seu \\nprograma deve mostrar quanto será o valor de uma parcela (arredondando \\npara duas casas decimais apenas). Veja exemplo a seguir: \\\\\\\\\\n\\n\\\\noindent\\\\textbf{Exemplo de Entrada:}\\n\\\\begin{verbatim}\\n5002.4\\n\\n\\\\end{verbatim}\\n\\n\\\\noindent\\\\textbf{Exemplo de Saída:}\\n\\\\begin{verbatim}\\n333.49\\n\\\\end{verbatim}\\n\\n% necessário para gerar casos de testes no moodle\\n\\\\begin{comment}\\n{\"input\": [\"5002.4\\\\n\", \"5010.5\\\\n\"], \"output\": [\"333.49\", \"334.03\"]}\\n\\\\end{comment}\\n\\n\', \'answers\': [], \'testcases\': {\'input\': [[\'5002.4\\n\'], [\'5010.5\\n\']], \'output\': [[\'333.49\'], [\'334.03\']], \'key\': [\'2454\']}}]}]}',489);
/*!40000 ALTER TABLE `exam_variationexam` ENABLE KEYS */;
UNLOCK TABLES;

--
-- Table structure for table `student_student`
--

DROP TABLE IF EXISTS `student_student`;
/*!40101 SET @saved_cs_client     = @@character_set_client */;
/*!50503 SET character_set_client = utf8mb4 */;
CREATE TABLE `student_student` (
  `id` int NOT NULL AUTO_INCREMENT,
  `student_name` varchar(50) NOT NULL,
  `student_ID` varchar(20) NOT NULL,
  `student_email` varchar(254) NOT NULL,
  PRIMARY KEY (`id`)
) ENGINE=InnoDB AUTO_INCREMENT=28522 DEFAULT CHARSET=latin1;
/*!40101 SET character_set_client = @saved_cs_client */;

--
-- Dumping data for table `student_student`
--

LOCK TABLES `student_student` WRITE;
/*!40000 ALTER TABLE `student_student` DISABLE KEYS */;
INSERT INTO `student_student` VALUES (28519,'Estudante Exemplo Sobrenome','1','fzampirolli@ufabc.edu.br'),(28520,'João da Silva','123','fzampirolli@gmail.com'),(28521,'Maria da Silva Andrade de S Gonçalves','987','fzampirolli@gmail.com');
/*!40000 ALTER TABLE `student_student` ENABLE KEYS */;
UNLOCK TABLES;

--
-- Table structure for table `topic_answer`
--

DROP TABLE IF EXISTS `topic_answer`;
/*!40101 SET @saved_cs_client     = @@character_set_client */;
/*!50503 SET character_set_client = utf8mb4 */;
CREATE TABLE `topic_answer` (
  `id` int NOT NULL AUTO_INCREMENT,
  `answer_text` longtext NOT NULL,
  `answer_feedback` longtext NOT NULL,
  `question_id` int NOT NULL,
  PRIMARY KEY (`id`),
  KEY `topic_answer_question_id_9112ef5a_fk_topic_question_id` (`question_id`),
  CONSTRAINT `topic_answer_question_id_9112ef5a_fk_topic_question_id` FOREIGN KEY (`question_id`) REFERENCES `topic_question` (`id`)
) ENGINE=InnoDB AUTO_INCREMENT=9023 DEFAULT CHARSET=latin1;
/*!40101 SET character_set_client = @saved_cs_client */;

--
-- Dumping data for table `topic_answer`
--

LOCK TABLES `topic_answer` WRITE;
/*!40000 ALTER TABLE `topic_answer` DISABLE KEYS */;
INSERT INTO `topic_answer` VALUES (8930,'1a alternativa criada','',2443),(8931,'2a alternativa criada','',2443),(8932,'3a alternativa criada','',2443),(8933,'4a alternativa criada','',2443),(8934,'5a alternativa criada','',2443),(8935,'1a alternativa criada','',2444),(8936,'2a alternativa criada','',2444),(8937,'3a alternativa criada','',2444),(8938,'4a alternativa criada','',2444),(8939,'5a alternativa criada','',2444),(8940,'1a alternativa criada','',2445),(8941,'2a alternativa criada','',2445),(8942,'3a alternativa criada','',2445),(8943,'4a alternativa criada','',2445),(8944,'5a alternativa criada','',2445),(8945,'1a alternativa criada','',2446),(8946,'2a alternativa criada','',2446),(8947,'3a alternativa criada','',2446),(8948,'4a alternativa criada','',2446),(8949,'5a alternativa criada','',2446),(8950,'[[code:area1]]','',2449),(8956,'[[code:area2]]','',2449),(8957,'[[code:area3]]','',2449),(8958,'[[code:area4]]','',2449),(8959,'[[code:correctAnswer]] % primeira alternativa (sempre) correta','',2450),(8960,'[[code:createWrongAnswers([3,10])]] % cria 3 alter. erradas +/- 10','',2450),(8961,'Teclado          % alternativa correta - sempre a primeira','',2455),(8962,'Impressora','',2455),(8963,'Caixa de som','',2455),(8964,'Monitor','',2455),(8965,'Placa de vídeo','',2455),(8966,'Memória RAM','',2456),(8967,'Placa-mãe','',2456),(8968,'Processador','',2456),(8969,'Teclado','',2456),(8970,'Placa de vídeo','',2456),(8971,'HyperText Markup Language','',2457),(8972,'High Technical Machine Language','',2457),(8973,'Home Tool Management Language','',2457),(8974,'Hyper Transfer Machine Learning','',2457),(8975,'Hardware Technical Maintenance Language','',2457),(8976,'JavaScript','',2458),(8977,'HTML','',2458),(8978,'CSS','',2458),(8979,'Python','',2458),(8980,'C++','',2458),(8981,'127.0.0.1','',2459),(8982,'192.168.0.300','',2459),(8983,'10.0.0.256','',2459),(8984,'172.16.0.0','',2459),(8985,'256.256.256.256','',2459),(8986,'SMTP','',2460),(8987,'FTP','',2460),(8988,'HTTP','',2460),(8989,'DNS','',2460),(8990,'SSH','',2460),(8991,'D0','',2461),(8992,'F0','',2461),(8993,'D4','',2461),(8994,'D1','',2461),(8995,'E0','',2461),(8996,'[[code:respostas[3]]]','',2464),(8997,'[[code:respostas[2]]]','',2464),(8998,'[[code:respostas[1]]]','',2464),(8999,'[[code:respostas[0]]]','',2464),(9000,'[[code:respostas[3]]]','',2465),(9001,'[[code:respostas[2]]]','',2465),(9002,'[[code:respostas[1]]]','',2465),(9003,'[[code:respostas[0]]]','',2465),(9004,'[[code:f\"{correctAnswer:.2f}\"]]','',2467),(9005,'[[code:f\"{correctAnswer+1.2:.2f}\"]]','',2467),(9006,'[[code:f\"{correctAnswer+4.8:.2f}\"]]','',2467),(9007,'[[code:f\"{correctAnswer-0.9:.2f}\"]]','',2467),(9008,'[[code:correctAnswer]]','',2468),(9009,'[[code:createWrongAnswers([4,10])]]','',2468),(9010,'\\([[code:correctAnswer]]\\)','',2469),(9011,'\\([[code:error1]]\\)','',2469),(9012,'\\([[code:error2]]\\)','',2469),(9013,'\\([[code:error3]]\\)','',2469),(9014,'\\verb|[[code:correctAnswer]]| \\\\','',2471),(9015,'\\verb|[[code:error1]]| \\\\','',2471),(9016,'\\verb|[[code:error2]]| \\\\','',2471),(9017,'\\verb|[[code:error3]]| \\\\','',2471),(9018,'[[code:descricoes[0]]]','',2474),(9019,'[[code:descricoes[1]]]','',2474),(9020,'[[code:descricoes[2]]]','',2474),(9021,'[[code:descricoes[3]]]','',2474),(9022,'[[code:descricoes[4]]]','',2474);
/*!40000 ALTER TABLE `topic_answer` ENABLE KEYS */;
UNLOCK TABLES;

--
-- Table structure for table `topic_question`
--

DROP TABLE IF EXISTS `topic_question`;
/*!40101 SET @saved_cs_client     = @@character_set_client */;
/*!50503 SET character_set_client = utf8mb4 */;
CREATE TABLE `topic_question` (
  `id` int NOT NULL AUTO_INCREMENT,
  `question_group` varchar(50) NOT NULL,
  `question_short_description` varchar(50) NOT NULL,
  `question_text` longtext NOT NULL,
  `question_type` varchar(2) NOT NULL,
  `question_difficulty` varchar(2) NOT NULL,
  `question_bloom_taxonomy` varchar(10) NOT NULL,
  `question_parametric` varchar(3) NOT NULL,
  `question_last_update` date DEFAULT NULL,
  `question_who_created_id` int DEFAULT NULL,
  `topic_id` int DEFAULT NULL,
  `question_correction_count` int DEFAULT '0',
  `question_correct_count` int DEFAULT '0',
  `question_IRT_a_discrimination` double DEFAULT '0',
  `question_IRT_b_ability` double DEFAULT '0',
  `question_IRT_c_guessing` double DEFAULT '0',
  PRIMARY KEY (`id`),
  KEY `topic_question_question_who_created_0b2f6e68_fk_account_u` (`question_who_created_id`),
  KEY `topic_question_topic_id_aa9661f2_fk_topic_topic_id` (`topic_id`),
  CONSTRAINT `topic_question_question_who_created_0b2f6e68_fk_account_u` FOREIGN KEY (`question_who_created_id`) REFERENCES `account_user` (`id`),
  CONSTRAINT `topic_question_topic_id_aa9661f2_fk_topic_topic_id` FOREIGN KEY (`topic_id`) REFERENCES `topic_topic` (`id`)
) ENGINE=InnoDB AUTO_INCREMENT=2475 DEFAULT CHARSET=latin1;
/*!40101 SET character_set_client = @saved_cs_client */;

--
-- Dumping data for table `topic_question`
--

LOCK TABLES `topic_question` WRITE;
/*!40000 ALTER TABLE `topic_question` DISABLE KEYS */;
INSERT INTO `topic_question` VALUES (2443,'','QE1','Primeira Questao - Sempre a primeira alternativa criada eh a correta.','QM','1','apply','no','2023-04-17',1,238,1,1,0,0,0),(2444,'','QE2','Segunda Questao','QM','1','analyze','no','2023-04-17',1,238,0,0,0,0,0),(2445,'','QE3','Terceira questao','QM','1','evaluate','no','2023-04-17',1,238,0,0,0,0,0),(2446,'A','QE4','Quarta questão.','QM','1','remember','no','2023-06-04',65,238,0,0,0,0,0),(2447,'B','texto','Preencher a tabela com os valores corretos da variável soma e da condição correspondente em cada iteração do laço, para um valor de entrada N específico. Além disso, considerar os números das linhas do algoritmo para preencher a tabela para facilitar a referência.\r\n\r\n\\begin{verbatim}\r\n1. Inicializar a variável N com 7\r\n2. Inicializar a variável soma com 0\r\n3. Inicializar a variável contador com 1\r\n4. Enquanto contador <= N faça\r\n5.     Se contador é par então\r\n6.         soma = soma + contador\r\n7.     Senão\r\n8.         soma = soma - contador\r\n9.     Fim se\r\n10.    Incrementar contador em 1\r\n11. Fim enquanto\r\n12. Imprimir o valor da variável soma\r\n\\end{verbatim}\r\n\r\n\\begin{tabular}{|c|c|c|c|}\r\n\\hline\r\n\\textbf{linha} & \\textbf{contador} & \\textbf{soma} \\\\\r\n\\hline\r\n & & \\\\ \\hline\r\n & & \\\\ \\hline\r\n & & \\\\ \\hline\r\n & & \\\\ \\hline\r\n & & \\\\ \\hline\r\n & & \\\\ \\hline\r\n & & \\\\ \\hline\r\n & & \\\\ \\hline\r\n & & \\\\ \\hline\r\n\\end{tabular}','QT','1','remember','no','2023-06-04',65,238,0,0,0,0,0),(2448,'B','texto','Descrição da questão dissertativa.\r\n\r\n\\drawLines{5}','QT','1','remember','no','2023-06-29',1,238,0,0,0,0,0),(2449,'A','área círculo - ex.1','Qual é a área do círculo de raio \\( [[code:raio1]] \\)?\r\n\r\n% comentário em LaTex. Observe que a variável raio1, após \"code:\" \r\n% foi definida na linha 18 abaixo\r\n\r\n[[def: # comentário em Python\r\n# o bloco de código Python deve sempre iniciar com a linha anterior!\r\nimport random\r\n\r\ndef area_circulo(raio): # método para calcular a área do círculo\r\n    import math # necessário importar biblioteca(s) no método\r\n    return math.pi * raio ** 2\r\n\r\n# lista de 4 raios aleatórios entre 20 e 50\r\nraio1,raio2,raio3,raio4 = random.sample(range(20,51), 4)\r\n\r\n# formata as áreas com 2 casas decimais\r\narea1 = f\"{area_circulo(raio1):.2f}\"\r\narea2 = f\"{area_circulo(raio2):.2f}\"\r\narea3 = f\"{area_circulo(raio3):.2f}\"\r\narea4 = f\"{area_circulo(raio4):.2f}\"\r\n\r\n# incluir nas alternativas:\r\n# [[code:area1]]\r\n# [[code:area2]]\r\n# [[code:area3]]\r\n# [[code:area4]]\r\n\r\n# o bloco de código Python deve sempre terminar com a próxima linha\r\n]]\r\nTodo o texto que aparece após a linha anterior é ignorado.','QM','1','remember','yes','2023-06-29',1,238,0,0,0,0,0),(2450,'A','área círculo - ex.2','Qual é a área do círculo de raio [[code:raio1]]?\r\n\r\n[[def:\r\nimport random\r\n\r\ndef area_circulo(raio): \r\n    import math # necessário importar biblioteca(s) no método\r\n    return math.pi * raio ** 2\r\n\r\nraio1 = random.randint(10, 51) # sorteia valor entre 10 e 50\r\n\r\nglobal correctAnswer # variável necessária para usar o método \r\n# createWrongAnswers, a resposta deve ter valor inteiro\r\ncorrectAnswer = int(area_circulo(raio1)) \r\n\r\n# incluir nas alternativas da questão: \r\n# [[code:correctAnswer]] % primeira alternativa (sempre) correta\r\n# [[code:createWrongAnswers([3,10])]] % cria 3 alter. erradas +/- 10\r\n]]','QM','1','remember','yes','2023-06-30',1,238,0,0,0,0,0),(2451,'','teste de mesa - par 1','Preencha a tabela com os valores corretos das variáveis contador e soma \r\nem cada iteração do laço.  Além disso, considere os números das linhas do \r\ncódigo para preencher a tabela, a fim de facilitar a referência. Considere \r\ninicialmente N=[[code:N1]], contador=[[code:N2]] e soma=[[code:N3]].\r\n\r\n\\begin{verbatim}\r\n1. Inicializar a variável N com [[code:N1]]\r\n2. Inicializar a variável contador com [[code:N2]]\r\n3. Inicializar a variável soma com [[code:N3]]\r\n4. Enquanto contador <= N faça\r\n5.     Se contador é par então\r\n6.         soma = soma + contador\r\n7.     Senão\r\n8.         soma = soma - contador\r\n9.     Fim se\r\n10.    Incrementar contador em 1\r\n11. Fim enquanto\r\n12. Imprimir o valor da variável soma\r\n\\end{verbatim}\r\n\r\n\\begin{tabular}{|c|c|c|c|}\r\n\\hline\r\n\\textbf{linha} & \\textbf{contador} & \\textbf{soma} \\\\\r\n\\hline\r\n & & \\\\ \\hline\r\n & & \\\\ \\hline\r\n & & \\\\ \\hline\r\n & & \\\\ \\hline\r\n & & \\\\ \\hline\r\n & & \\\\ \\hline\r\n & & \\\\ \\hline\r\n & & \\\\ \\hline\r\n & & \\\\ \\hline\r\n\\end{tabular}\r\n\r\n[[def:\r\nimport random\r\nN1 = random.randint(7,16)\r\nN2 = random.randint(1,6)\r\nN3 = random.randint(1,5)\r\n]]','QT','1','remember','yes','2023-07-01',1,238,0,0,0,0,0),(2452,'','teste de mesa - par 2','Preencha a tabela com os valores corretos das variáveis contador e soma \r\nem cada iteração do laço.  Além disso, considere os números das linhas do \r\ncódigo para preencher a tabela, a fim de facilitar a referência. Considere \r\ninicialmente N=[[code:N1]], contador=[[code:N2]] e soma=[[code:N3]].\r\n\r\n\\begin{verbatim}\r\n1. Inicializar a variável N com [[code:N1]]\r\n2. Inicializar a variável contador com [[code:N2]]\r\n3. Inicializar a variável soma com [[code:N3]]\r\n4. Enquanto contador <= N faça\r\n5.     Se contador é par então\r\n6.         soma = soma + contador\r\n7.     Senão\r\n8.         soma = soma - contador\r\n9.     Fim se\r\n10.    Incrementar contador em 1\r\n11. Fim enquanto\r\n12. Imprimir o valor da variável soma\r\n\\end{verbatim}\r\n\r\n\\begin{tabular}{|c|c|c|c|}\r\n\\hline\r\n\\textbf{linha} & \\textbf{contador} & \\textbf{soma} \\\\\r\n\\hline\r\n & & \\\\ \\hline\r\n & & \\\\ \\hline\r\n & & \\\\ \\hline\r\n & & \\\\ \\hline\r\n & & \\\\ \\hline\r\n & & \\\\ \\hline\r\n & & \\\\ \\hline\r\n & & \\\\ \\hline\r\n & & \\\\ \\hline\r\n\\end{tabular}\r\n\r\n{\\color{blue} {\\small\r\n\\begin{verbatim}\r\n[[code:tabela]]\r\n\\end{verbatim}\r\n}}\r\n\r\n[[def:\r\nimport random\r\n\r\ndef gerar_gabarito(N1, N2, N3):\r\n    s = \"Linha\\tContador\\tSoma\\n\"\r\n    s += \"---------------------\\n\"\r\n    \r\n    soma = N2\r\n    s += f\"  2 {soma:14d}\\n\"\r\n    contador = N3\r\n    s += f\"  3 {contador:7d} {soma:6d}\\n\"\r\n\r\n\r\n    while contador <= N1:\r\n        if contador % 2 == 0:\r\n            soma = soma + contador\r\n            s += f\"  6 {contador:7d} {soma:6d}\\n\"\r\n        else:\r\n            soma = soma - contador\r\n            s += f\"  8 {contador:7d} {soma:6d}\\n\"\r\n\r\n        contador += 1\r\n        s += f\" 10 {contador:7d} {soma:6d}\\n\"\r\n    \r\n    return s\r\n\r\n# Exemplo de uso:\r\nwhile True:\r\n    N1, N2, N3 = random.sample(range(4, 20), 3)\r\n    tabela = gerar_gabarito(N1, N2, N3)\r\n    if 10 < len(tabela.split(\'\\n\')) < 15:\r\n        break\r\n]]','QT','1','remember','yes','2023-07-01',1,238,0,0,0,0,0),(2453,'','teste de mesa - par 3','Preencha a tabela com os valores corretos das variáveis contador e soma \r\nem cada iteração do laço, para valores de entrada específicos do método. \r\nAlém disso, considere os números das linhas do código para preencher a \r\ntabela, a fim de facilitar a referência. Considere inicialmente \r\nN1=[[code:N1]], contador=[[code:N2]] e soma=[[code:N3]].\r\n\r\n\\begin{verbatim}\r\n1. def gerar_gabarito(N1, contador, soma):\r\n2.    while contador <= N1:\r\n3.        if contador % 2 == 0:\r\n4.            soma = soma + contador\r\n5.        else:\r\n6.            soma = soma - contador\r\n7.        contador += 1\r\n\\end{verbatim}\r\n\r\n\\begin{tabular}{|c|c|c|c|}\r\n\\hline\r\n\\textbf{linha} & \\textbf{contador} & \\textbf{soma} \\\\\r\n\\hline\r\n & & \\\\ \\hline\r\n & & \\\\ \\hline\r\n & & \\\\ \\hline\r\n & & \\\\ \\hline\r\n & & \\\\ \\hline\r\n & & \\\\ \\hline\r\n & & \\\\ \\hline\r\n & & \\\\ \\hline\r\n & & \\\\ \\hline\r\n\\end{tabular}\r\n\r\n{\\color{blue} {\\small\r\n\\begin{verbatim}\r\n[[code:tabela]]\r\n\\end{verbatim}\r\n}}\r\n\r\n[[def:\r\nimport random, sys\r\nglobal trace\r\n\r\ndef trace(frame, event, arg_unused):\r\n    global output\r\n    if event == \'line\':\r\n        lineno = frame.f_lineno  # pega a linha\r\n        locals_dict = frame.f_locals  # pega todas variáveis locais\r\n        contador = locals_dict.get(\'contador\')  # pega a variável contador\r\n        soma = locals_dict.get(\'soma\')  # pega a variável soma\r\n        output.append(f\"{lineno-16:3d} {contador:7d} {soma:7d}\\n\")  \r\n        # armazena a string na lista\r\n    return trace\r\n\r\ndef gerar_gabarito(N1, soma, contador):\r\n    while contador <= N1:\r\n        if contador % 2 == 0:\r\n            soma = soma + contador\r\n        else:\r\n            soma = soma - contador\r\n        contador += 1\r\n\r\n# Exemplo de uso:\r\nwhile True:\r\n    N1, N2, N3 = random.sample(range(4, 20), 3)\r\n    output = []\r\n    output.append(\"Linha Contador Soma\\n\")\r\n    output.append(\"---------------------\\n\")\r\n    sys.settrace(trace)  # Inicializa o rastreamento\r\n    gerar_gabarito(N1, N2, N3)\r\n    sys.settrace(None)  # Finaliza o rastreamento\r\n    tabela = \'\'.join(output)  # converte a lista de strings em uma string\r\n    if 10 < len(tabela.split(\'\\n\')) < 15:\r\n        break\r\n]]','QT','1','remember','yes','2023-07-01',1,238,0,0,0,0,0),(2454,'','questaoQT-EP-1','Escreva um programa que auxilia uma loja na hora de efetuar uma venda. Seu \r\nprograma deve perguntar o preço do produto e considerar que a loja parcela \r\neste preço em somente em  [[code:parcelas]] parcelas (sem juros).  O seu \r\nprograma deve mostrar quanto será o valor de uma parcela (arredondando \r\npara duas casas decimais apenas). Veja exemplo a seguir: \\\\\r\n\r\n\\noindent\\textbf{Exemplo de Entrada:}\r\n\\begin{verbatim}\r\n[[code:caso0_inp]]\r\n\\end{verbatim}\r\n\r\n\\noindent\\textbf{Exemplo de Saída:}\r\n\\begin{verbatim}\r\n[[code:caso0_out]]\r\n\\end{verbatim}\r\n\r\n% necessário para gerar casos de testes no moodle\r\n\\begin{comment}\r\n[[code:moodle_cases]]\r\n\\end{comment}\r\n\r\n[[def: \r\n# Antes de prosseguir, é recomendado testar o trecho de código  \r\n# Python a seguir em uma IDE para garantir seu funcionamento correto.\r\nimport json\r\nimport numpy as np # Usamos a biblioteca numpy para gerar número aleatório \r\n\r\n# Passo 1: Criar os parâmetros do enunciado da questão\r\nparcelas =  np.random.randint(8,20)\r\n\r\n# Passo 2: Criar os casos de teste\r\ninp_list, out_list = [], []  # Listas vazias para armazenar os casos de teste\r\ncasos_teste = 2  # Número de casos de teste desejado\r\n# Aumentar esse número após validar a questão também na atividade VPL do Moodle\r\n\r\n# Para cada caso de teste, faremos o seguinte:\r\nfor i in range(casos_teste):    \r\n    #>>>> begin - casos de teste\r\n    # Gerar um valor aleatório para o preço do produto\r\n    valor_total = np.random.randint(100)/10 + 5001 \r\n\r\n    # Criar a entrada do caso de teste como uma string\r\n    inp = str(valor_total)+\'\\n\'\r\n\r\n    # Calcular o valor da parcela arredondado para duas casas decimais\r\n    out = f\'{(valor_total/parcelas):.2f}\'\r\n    #<<<< end - casos de teste\r\n\r\n    # Adicionar a entrada e saída do caso de teste às listas\r\n    inp_list.append(inp)\r\n    out_list.append(out)\r\n\r\n# Passo 3: Criar o dicionário com os casos de teste\r\ncases = {}\r\ncases[\'input\']  = np.array(inp_list).tolist()\r\ncases[\'output\'] = np.array(out_list).tolist()\r\nmoodle_cases = json.dumps(cases)\r\n\r\n# Passo 4: Mostrar um exemplo no enunciado da questão\r\ncaso0_inp = cases[\'input\'][0]\r\ncaso0_out = cases[\'output\'][0]\r\n\r\n#print(moodle_cases) # para testar em uma IDE\r\n]]','QT','1','remember','yes','2023-07-04',1,238,0,0,0,0,0),(2455,'','DE-TIC000','Qual dos seguintes dispositivos é usado exclusivamente para entrada de dados em um computador?','QM','1','remember','no','2023-07-09',1,242,0,0,0,0,0),(2456,'','DE-TIC001','Qual é o componente principal de um computador que armazena dados e programas?','QM','1','understand','no','2023-07-09',1,242,1,1,0,0,0),(2457,'','DE-TIC002','O que significa a sigla HTML?','QM','3','remember','no','2023-07-09',1,242,0,0,0,0,0),(2458,'','DE-TIC003','Qual das seguintes linguagens de programação é amplamente utilizada para o desenvolvimento de sites dinâmicos?','QM','3','remember','no','2023-07-09',1,242,0,0,0,0,0),(2459,'','DE-TIC004','Qual das seguintes opções representa corretamente um endereço IP válido?','QM','5','remember','no','2023-07-09',1,242,0,0,0,0,0),(2460,'','DE-TIC005','Qual dos seguintes protocolos de internet é utilizado para enviar e-mails?','QM','5','remember','no','2023-07-09',1,242,0,0,0,0,0),(2461,'','DE-TIC006','Qual é o resultado da soma dos números hexadecimais 7C e 54?','QM','5','remember','no','2023-07-09',1,242,0,0,0,0,0),(2462,'','texto sobre TI','Descreva brevemente a importância da tecnologia da informação (TI) na sociedade moderna e mencione pelo menos duas áreas onde a TI desempenha um papel fundamental.\r\n\r\n%%{exata}%%\r\n\r\n\\drawLines{10}','QT','1','remember','no','2023-07-09',1,242,0,0,0,0,0),(2463,'','DE-matriz','Considere uma matriz de inteiros de dimensões \\([[code:Linhas]] \\times\r\n[[code:Colunas]]\\). Escreva um programa capaz de calcular a soma de todos\r\nos elementos dessa matriz. O programa deve solicitar ao usuário os números \r\ninteiros da matriz, linha por linha. Ao final, o programa deve exibir a \r\nsoma de todos os elementos da matriz. Veja exemplo a seguir: \\\\\r\n\r\n\\noindent\\textbf{Exemplo de Entrada:}\r\n\\begin{verbatim}\r\n[[code:caso0_inp]]\r\n\\end{verbatim}\r\n\r\n\\noindent\\textbf{Exemplo de Saída:}\r\n\\begin{verbatim}\r\n[[code:caso0_out]]\r\n\\end{verbatim}\r\n\r\n% necessário para gerar casos de testes no moodle\r\n\\begin{comment}\r\n[[code:moodle_cases]]\r\n\\end{comment}\r\n\r\n[[def: \r\nimport json, numpy as np\r\n\r\n# Passo 1: Criar os parâmetros do enunciado da questão\r\nLinhas, Colunas =  np.random.randint(4, 8, size=2)\r\n    \r\n# Passo 2: Criar os casos de teste\r\ninp_list, out_list = [], []  # Listas vazias para armazenar os casos de teste\r\ncasos_teste = 2  # Número de casos de teste desejado\r\n# Aumentar esse número após validar a questão também na atividade VPL do Moodle\r\n\r\ndef matriz2texto(M):\r\n    \"\"\"Converte uma matriz em formato de texto.\"\"\"\r\n    texto = \'\'\r\n    for linha in M:\r\n        texto += \' \'.join(str(elemento) for elemento in linha) + \'\\n\'\r\n    return texto\r\n    \r\n# Para cada caso de teste, faremos o seguinte:\r\nfor i in range(casos_teste):    \r\n\r\n    #>>>> begin - casos de teste\r\n    # Gerar valores aleatórios entre 0 e 9 para a matriz \r\n    M = np.random.randint(10, size=(Linhas, Colunas)) \r\n\r\n    # Criar a entrada do caso de teste como uma string\r\n    inp = matriz2texto(M) +\'\\n\'\r\n\r\n    # Calcular o valor da parcela arredondado para duas casas decimais\r\n    out = f\'soma = {np.sum(M)}\'\r\n    #<<<< end - casos de teste\r\n\r\n    # Adicionar a entrada e saída do caso de teste às listas\r\n    inp_list.append(inp), out_list.append(out)\r\n\r\n# Passo 3: Criar o dicionário com os casos de teste\r\ncases = {}\r\ncases[\'input\']  = np.array(inp_list).tolist()\r\ncases[\'output\'] = np.array(out_list).tolist()\r\nmoodle_cases = json.dumps(cases)\r\n\r\n# Passo 4: Mostrar um exemplo no enunciado da questão\r\ncaso0_inp, caso0_out = cases[\'input\'][0], cases[\'output\'][0]\r\n#print(moodle_cases) # para testar em uma IDE\r\n]]','QT','1','remember','yes','2023-07-11',1,243,0,0,0,0,0),(2464,'','equação da reta','Qual é a equação da reta que passa pelos pontos ([[code:x1]], [[code:y1]]) e ([[code:x2]], [[code:y2]])?\r\n\r\n[[def: \r\nimport random\r\n\r\ndef equacao_reta(x1, y1, x2, y2):\r\n  \"\"\"Calcula a equação da reta que passa pelos pontos (x1, y1) e (x2, y2)\"\"\"\r\n  m = (y2 - y1) / (x2 - x1)\r\n  b = y1 - m * x1\r\n  return f\"y = {m:.2f}x + {b:.2f}\"\r\n\r\n# Lista de respostas\r\nrespostas = []\r\n\r\n# Gerar 4 equações de reta aleatórias\r\nwhile len(respostas) < 4:\r\n  # Gerar 2 pontos aleatórios\r\n  x1,y1,x2,y2 = random.sample(range(1,10), 4)\r\n  if x1 == x2: # A reta é vertical: não é possível calcular a inclinação m\r\n    continue\r\n\r\n  equacao = equacao_reta(x1, y1, x2, y2)\r\n  if equacao not in respostas:\r\n      respostas.append(equacao)\r\n        \r\n# [[code:respostas[3]]] # última será a correta\r\n\r\n]]','QM','1','remember','yes','2023-07-13',1,238,0,0,0,0,0),(2465,'','idades irmãos','Uma pessoa tem x anos e seu irmão tem y anos. Se a diferença entre suas idades é de [[code:diferenca]] anos, e a soma das idades é [[code:soma]], determine as idades da pessoa e do irmão, respectivamente. \r\n\r\n[[def: \r\nimport random\r\n\r\ndef calcular_idades(soma, diferenca):\r\n  \"\"\"Calcula idades, dados soma e diferença.\r\n  x + y = soma e x - y = diferenca ==> 2x = (soma + diferenca)\"\"\"\r\n\r\n  # Calcular a idade da pessoa\r\n  x = (soma + diferenca) / 2\r\n\r\n  # Calcular a idade do irmão\r\n  y = soma - x\r\n\r\n  if not x%1 and x>0 and y>0: # somente inteiros positivos\r\n    return f\"{x:2.0f} e {y:2.0f}\"\r\n  else:\r\n    return \"\"\r\n\r\n# Lista de respostas\r\nrespostas = []\r\n\r\n# Gerar 4 equações de reta aleatórias\r\nwhile len(respostas) < 4:\r\n  # Gerar 2 valores aleatórios\r\n  soma, diferenca = random.sample(range(2, 30), 2)\r\n  r = calcular_idades(soma, diferenca)\r\n  if not r: # somente inteiros positivos\r\n    continue\r\n  if r not in respostas: # respostas distintas\r\n    respostas.append(r)\r\n    \r\n# [[code:respostas[3]]] # última será a correta\r\n]]','QM','1','remember','yes','2023-07-13',1,238,0,0,0,0,0),(2466,'','resposta exata - vetor','Dado um vetor de inteiros de tamanho \\( n = [[code:n]]\\), ordenar o trecho do vetor que começa no índice \\( inicio = [[code:inicio]] \\) e termina no índice \\( fim = [[code:fim]]\\). Onde, \\( 0 < inicio < fim < n \\), ou seja, o trecho a ser ordenado está entre início (inclusive) e fim (inclusive). Vale ressaltar que os índices do vetor começam em 0 e terminam em \\( n-1\\). \r\n\r\nvariante\r\n\r\nConsidere esta entrada:\r\n[[code:caso0_inp]]\r\n\r\n%%{[[code:caso0_out]]}%%\r\n\r\n[[def: \r\nimport json, numpy as np\r\n\r\n# Passo 1: Criar os parâmetros do enunciado da questão\r\nn = np.random.randint(20,40)\r\ninicio = np.random.randint(2,n//2-2)\r\nfim = np.random.randint(n//2+2,n-2)\r\n    \r\n# Passo 2: Criar os casos de teste\r\ninp_list, out_list = [], []  # Listas vazias para armazenar os casos de teste\r\ncasos_teste = 1  # Número de casos de teste desejado\r\n\r\ndef ordena_parte_vetor(vetor,inicio,fim):        \r\n    \"\"\" Ordenação da parte do vetor entre inicio e fim\"\"\"\r\n    for i in range(inicio, fim+1):\r\n        for j in range(i+1, fim+1):\r\n            if vetor[i] > vetor[j]:\r\n                vetor[i], vetor[j] = vetor[j], vetor[i]\r\n    # Retorno do vetor ordenado\r\n    return vetor\r\n    \r\n# Para cada caso de teste, faremos o seguinte:\r\nfor i in range(casos_teste):    \r\n\r\n    #>>>> begin - casos de teste\r\n    # Gerar valores aleatórios entre 0 e 9 para a matriz \r\n    v = np.random.randint(10, size=n) \r\n\r\n    # Criar a entrada do caso de teste como uma string\r\n    inp = \' \'.join(str(i) for i in v) + \'\\n\'\r\n\r\n    # Calcular o vetor de saída\r\n    out = \' \'.join(str(i) for i in ordena_parte_vetor(v,inicio,fim)) #+ \'\\n\'\r\n    #<<<< end - casos de teste\r\n\r\n    # Adicionar a entrada e saída do caso de teste às listas\r\n    inp_list.append(inp), out_list.append(out)\r\n\r\n# Passo 3: Criar o dicionário com os casos de teste\r\ncases = {}\r\ncases[\'input\']  = np.array(inp_list).tolist()\r\ncases[\'output\'] = np.array(out_list).tolist()\r\nmoodle_cases = json.dumps(cases)\r\n\r\n# Passo 4: Mostrar um exemplo no enunciado da questão\r\ncaso0_inp, caso0_out = cases[\'input\'][0], cases[\'output\'][0]\r\n#print(moodle_cases) # para testar em uma IDE\r\n]]','QT','1','remember','yes','2023-07-13',1,238,0,0,0,0,0),(2467,'','DE-mru','Um automóvel percorre uma estrada com função horária \\( s=[[code:a0]] + \r\n[[code:a1]]t \\), onde \\(s\\) é dado em quilômetros e \\(t\\) em horas. \r\nO automóvel passa pelo km [[code:a2]] após:\r\n\r\n[[def:\r\ndef generate_numbers():\r\n    \"\"\" Gera três números aleatórios e retorna-os como uma lista. \"\"\"\r\n    import random\r\n    global a0, a1, a2 # necessário declarar como global para utilizar no enunciado\r\n    a0 = random.randrange(-6, 12, 1)  # s0 - posição inicial\r\n    a1 = random.randrange(3, 8, 1)      # v  - velocidade\r\n    a2 = random.randrange(3, 8, 1)     # s  - posição final\r\n    return [a0, a1, a2]\r\n\r\ndef algorithm(a):\r\n    \"\"\" Executa um algoritmo matemático utilizando os valores passados como \r\n    parâmetro. Retorna o resultado do algoritmo. \"\"\"\r\n    from sympy import symbols, solve\r\n    a0, a1, a2 = a    # s0, v, s\r\n    s, t = symbols(\'s,t\')\r\n    s = a0 + a1 * t\r\n\r\n    r = float(solve(s - a2, t)[0])\r\n    return r\r\n\r\n# Gera os números aleatórios\r\nnumbers = generate_numbers()\r\n\r\n# Executa o algoritmo utilizando os números gerados\r\ncorrectAnswer = algorithm(numbers)\r\n# [[code:f\"{correctAnswer:.2f}\"]]\r\n\r\n# Opções de respostas erradas com base no resultado do algoritmo\r\n# [[code:f\"{correctAnswer+1.2:.2f}\"]]\r\n# [[code:f\"{correctAnswer+4.8:.2f}\"]]\r\n# [[code:f\"{correctAnswer-0.9:.2f}\"]]\r\n]]','QM','1','remember','yes','2023-07-18',1,238,0,0,0,0,0),(2468,'','DE-criar matriz','Criar uma matriz \\( [[code:Linhas]] \\times [[code:Colunas]] \\) com elementos \r\n\\( (i,j) = ((((i+1) * [[code:a2]]) + ( ( j+1) * [[code:a3]])) \\mod{100}) \\). \r\nCalcular a soma dos elementos desta matriz. Os índices \\(i\\) são as linhas\r\ne \\(j\\) as colunas iniciadas com o valor \\(0\\).\r\n\r\n[[def:\r\nimport numpy as np, random\r\n\r\n# Gerar número aleatório de linhas e colunas\r\nLinhas = np.random.randint(4, 8)\r\nColunas = np.random.randint(4, 8)\r\n\r\n# Escolher valores aleatórios para a2 e a3\r\na2 = random.choice([7, 13, 19])\r\na3 = random.choice([11, 17, 23])\r\n\r\n# Inicializar matriz com zeros\r\nM = np.zeros((Linhas, Colunas), dtype=int)\r\n\r\n# Preencher a matriz com os cálculos\r\nfor i in range(Linhas):\r\n    for j in range(Colunas):\r\n        M[i, j] = (((i+1) * a2) + ((j+1) * a3)) % 100\r\n\r\n# Calcular a soma dos elementos da matriz\r\nglobal correctAnswer\r\ncorrectAnswer = np.sum(M)\r\n\r\n# incluir nas alternativas da questão: \r\n# [ [code:correctAnswer] ] % primeira alternativa (sempre) correta\r\n# [ [code:createWrongAnswers([3,10])] ] % cria 3 alter. erradas +/- 10\r\n]]','QM','1','create','yes','2023-07-18',1,243,1,0,0,0,0),(2469,'','equação e figura','A integral da função  \\([[code:a0]]\\) tem seu gráfico representado abaixo. \r\nCalcule o valor da integral e marque a alternativa correta.\r\n\r\n\\begin{figure}[ht!]\r\n\\centering \\includegraphics[scale=0.7]{[[code:figura]]} \r\n\\centerline{Figura da integral}\r\n\\end{figure}\r\n\r\n[[def:\r\nfrom sympy import symbols, sin, cos, plot, latex, Integral, integrate\r\nimport random\r\n\r\n# Geração dos parâmetros aleatórios\r\na1 = random.randrange(3, 6, 1)\r\na2 = random.randrange(2, 4, 1)\r\na3 = random.randrange(1, 3, 1)\r\n\r\n# Definição da variável simbólica e da função\r\nx = symbols(\'x\')\r\nf = a1*sin(a2*x) - a3*cos(x)\r\n\r\n# Plotagem da função\r\nimport hashlib\r\ns =str([a1,a2,a3]) \r\nh = hashlib.md5(s.encode()) # create hash - arquivo único\r\nh = str(h.hexdigest())\r\np = plot(f, (x, -5, 5), show=False)\r\nfigura = f\'./tmp/imgs180days/fz_figIntegral_01_{a1}_{a2}_{a3}_{h}.png\'\r\np.save(figura)\r\n\r\n# Cálculo da integral e conversão para notação LaTeX\r\na0 = latex(Integral(f, x))\r\ncorrectAnswer = latex(integrate(f, x))\r\nerror1 = latex(integrate(f + x, x))\r\nerror2 = latex(integrate(f - x, x))\r\nerror3 = latex(integrate(x**5 + x + 1, x))\r\n# nas alternativas: \\([[code:correctAnswer]]\\); \\([[code:error1]]\\); ...\r\n]]','QM','1','remember','yes','2023-07-18',1,238,0,0,0,0,0),(2470,'','rosa dos ventos','Um elemento \\(a_0=(i,j)\\) é de uma matriz dito ser \\textbf{[[code:direcao]]\r\n[[code:maiormenor]]} se seu valor é  [[code:maiormenor]] do que o valor de \r\nseus vizinhos nas direções [[code:direcao_viz]], considerando a seguinte\r\ncodificação para as possíveis direções: \r\n\\\r\n\\begin{table}[h!]\r\n\\centering\\vspace{-2mm}\r\n\\begin{tabular}{lllll}\r\n\\cline{1-3}\r\n\\multicolumn{1}{|l|}{\\(a_8=\\) Noroeste} & \\multicolumn{1}{l|}{\\(a_1=\\) Norte}  & \r\n\\multicolumn{1}{l|}{\\(a_2=\\) Nordeste} &  &  \\\\ \\cline{1-3}\r\n\\multicolumn{1}{|l|}{\\(a_7=\\) Oeste}      & \\multicolumn{1}{l|}{\\(a_0=(i,j)\\)} &\r\n\\multicolumn{1}{l|}{\\(a_3=\\) Leste}      &  &  \\\\ \\cline{1-3}\r\n\\multicolumn{1}{|l|}{\\(a_6=\\) Sudoeste} & \\multicolumn{1}{l|}{\\(a_5=\\) Sul}    & \r\n\\multicolumn{1}{l|}{\\(a_4=\\) Sudeste}  &  &  \\\\ \\cline{1-3}\r\n\\end{tabular}\r\n\\end{table}\r\n\r\n\\vspace{-2mm}\r\n\\noindent Faça um programa para criar e ler uma matriz de entrada \\(E\\) de inteiros. \r\nSeu programa deve criar também uma matriz de saída \\(F\\) e inicializa-la com o valor \r\n``-1\'\'. Dizemos que um elemento \\((i,j)\\) de \\(F\\) é \\emph{ativado} quando atribuímos a \r\n\\(F[i,j]\\) o valor de \\(E[i,j]\\), isto é, quando fazemos \\(F[i,j] \\leftarrow E[i,j]\\). O \r\nseu programa deve também imprimir a matriz \\(F\\) depois de ativar todos os seus \r\nelementos que são \\textbf{[[code:direcao]]  [[code:maiormenor]]}. Veja a seguir \r\num exemplo \\([[code:Linhas]] \\times [[code:Colunas]]\\) com a entrada e a saída \r\ncorrespondente. \\\\\r\n\r\n\\noindent {\\bf Obs.:} considere \\(a_0=(i,j)\\) não pertencer a um pixel de borda, isto \r\né, na matriz \\(F\\) todos os elementos de borda ficam com valor ``-1\'\'. O seu programa \r\ndeve funcionar para matrizes de quaisquer dimensões. \r\n \r\n\\begin{table}[h!]\\vspace{-4mm}\r\n\\begin{tabular}{cc}\r\n\\includegraphics[scale=0.56]{[[code:f\"./tmp/imgs180days/{pathGraficoA}\"]]}  &  \r\n\\includegraphics[scale=0.56]{[[code:f\"./tmp/imgs180days/{pathGraficoB}\"]]}  \r\n\\end{tabular}\r\n\\end{table}\r\n\r\n[[def:\r\nimport json, random, numpy as np\r\n\r\ndef direcoes(offset, dir):\r\n  \"\"\" Método que retorna as direções adjacentes à direção dada. \"\"\"\r\n  dir1, dir2 = (dir - 1) % 8 + 1, (dir + 1) % 8 + 1\r\n  return (dir1, dir, dir2)\r\n    \r\n# Parâmetros utilizados no enunciado da questão \r\n#>>>> BEGIN \r\ndir = random.choice([1,2,3,4,5,6,7,8])  \r\ndirecaoAll = [\"Norte\",\"Nordeste\",\"Oeste\",\"Sudeste\",\"Sul\",\"Sudoeste\",\"Leste\",\"Noroeste\"]\r\ndirecao = direcaoAll[dir-1]\r\n\r\nmaiormenor = random.choice([\"maior\", \"menor\"])\r\nm, n = random.randrange(7, 9, 1), random.randrange(15, 21, 1)\r\nLinhas, Colunas = m, n\r\n\r\n#direcoes  0      1      2     3     4     5      6      7       8\r\noffset = [[0,0],[-1,0],[-1,1],[0,1],[1,1],[1,0],[1,-1],[0,-1],[-1,-1]]\r\n(dir1,dir0,dir2) = direcoes(offset,dir)\r\ndirecao_viz = \"$a_\"+str(dir1)+\"$, $a_\"+str(dir0)+\"$, $a_\"+str(dir2)+\"$\"\r\n#<<<< END \r\n\r\nA = (np.random.random((m, n)) * 10).astype(int)\r\nB = (np.zeros(A.shape) - 1).astype(int)\r\nfor i in range(1, m - 1):\r\n  for j in range(1, n - 1):\r\n    if maiormenor == \"menor\":\r\n      if (A[i + offset[dir1][0], j + offset[dir1][1]] > A[i, j]\r\n        and A[i + offset[dir0][0], j + offset[dir0][1]] > A[i, j]\r\n        and A[i + offset[dir2][0], j + offset[dir2][1]] > A[i, j]):\r\n        B[i, j] = A[i, j]\r\n    else:\r\n      if (A[i + offset[dir1][0], j + offset[dir1][1]] < A[i, j]\r\n        and A[i + offset[dir0][0], j + offset[dir0][1]] < A[i, j]\r\n        and A[i + offset[dir2][0], j + offset[dir2][1]] < A[i, j]):\r\n        B[i, j] = A[i, j]\r\n\r\nimport hashlib\r\ns =\'\'.join([str(i) for i in A.flatten()]) # 2d to 1d to str\r\nh = hashlib.md5(s.encode()) # create hash - arquivo único\r\npathGrafico = \'figRosa(\' + direcao + \')(\' + maiormenor + \')(\' + str(h.hexdigest()) + \')\' \r\npathGraficoA, pathGraficoB = pathGrafico + \'a.png\', pathGrafico + \'b.png\'\r\n\r\ndrawMatrix(A, pathGraficoA)\r\ndrawMatrix(B, pathGraficoB)\r\n]]','QT','1','remember','yes','2023-07-18',1,243,0,0,0,0,0),(2471,'','grafo','Qual é o caminho de Dijkstra neste grafo, entre os nós \\(a\\) e \\(e\\), com os \r\nseguintes pesos \\\\ \\verb|[[code:grafo]]|?\r\n\r\n\\begin{figure}[!h] \r\n\\centering\\includegraphics[scale=0.7]{[[code:pathGrafico]]}\r\n\\end{figure} \r\n\r\n[[def:\r\nimport matplotlib.pyplot as plt, networkx as nx\r\nfrom itertools import permutations\r\n\r\nwhile True:\r\n  plt.clf()\r\n  G = nx.Graph() # Definição do grafo\r\n  w1,w2,w3,w4,w5,w6,w7 =  random.sample(range(1,10), 7)\r\n  edges=[(\'a\',\'b\',w1),(\'b\',\'c\',w2),(\'a\',\'c\',w3),(\'c\',\'d\',w4),\r\n   (\'b\',\'d\',w5),(\'d\',\'e\',w6),(\'e\',\'c\',w7)]\r\n  G.add_weighted_edges_from(edges)\r\n  grafo = str(edges)\r\n\r\n  v = nx.dijkstra_path(G, \'a\', \'e\') # Cálculo do caminho mínimo\r\n  if len(v)<5: continue # aceita pelo menos 5 nós\r\n\r\n  perm_list = [] # criar permutações\r\n  for perm in permutations(v):\r\n    if perm[0] == v[0] and perm[-1] == v[-1]:\r\n      perm_list.append(perm)\r\n  break\r\n\r\ncorrectAnswer = str(perm_list[0])\r\nerror1,error2,error3 = str(perm_list[1]), str(perm_list[2]), str(perm_list[3])\r\n# nas alternativas: \\verb|[[code:correctAnswer]]| \\\\ ; \\verb|[[code:error1]]| \\\\ ...\r\n\r\npos = nx.spring_layout(G) # Plotagem do grafo\r\nnx.draw(G, pos=pos)\r\nnx.draw_networkx_labels(G, pos=pos)\r\nnx.draw_networkx_edge_labels(G, pos=pos)\r\n\r\nimport hashlib # Salvando a figura\r\ns =str(edges) \r\nh = hashlib.md5(s.encode()) # create hash - arquivo único\r\npathGrafico = \'figGrafo(\' + str(h.hexdigest()) + \')\' \r\nplt.savefig(pathGrafico)\r\n]]','QM','1','remember','yes','2023-07-18',1,238,0,0,0,0,0),(2473,'','grafo genérico com erro','Qual é o caminho de Dijkstra neste grafo, entre os nós \\(a\\) e \\(e\\), com os \r\nseguintes pesos \\\\ \r\n\r\n\\begin{verbatim}\r\n[[code:grafo]]\r\n\\end{verbatim}\r\n\r\n\\begin{figure}[!h] \r\n\\centering\\includegraphics[scale=0.7]{[[code:pathGrafico]]}\r\n\\end{figure} \r\n\r\n[[def:\r\nimport matplotlib.pyplot as plt\r\nfrom itertools import permutations\r\nimport networkx as nx\r\nimport random\r\nimport string\r\n\r\nwhile True:\r\n  \r\n  # Criar um grafo vazio\r\n  G = nx.Graph()\r\n\r\n  # Adicionar nós ao grafo\r\n  global nodes\r\n  nodes = list(string.ascii_lowercase)[:5]  # Seleciona as 5 primeiras letras minúsculas\r\n  G.add_nodes_from(nodes)\r\n\r\n  # Adicionar arestas aleatórias ao grafo com pesos aleatórios\r\n  edges = [(u, v) for u in nodes for v in nodes if u != v]\r\n  for u, v in edges:\r\n      if random.random() < 0.5:  # Probabilidade de 0.5 de adicionar a aresta\r\n          G.add_edge(u, v, weight=random.randint(1, 10))\r\n\r\n  # Calcular o caminho mínimo entre \'a\' e \'f\' usando Dijkstra\r\n  try:\r\n      v = nx.dijkstra_path(G, nodes[0], nodes[-1])\r\n  except:\r\n    continue\r\n\r\n  if len(v)<len(nodes): # aceita pelo menos 5 nós\r\n    continue\r\n\r\n  v_length = nx.dijkstra_path_length(G, nodes[0], nodes[-1])\r\n  vsoma = []\r\n\r\n  perm_list = [] # criar permutações\r\n  for perm in permutations(v):\r\n    if perm[0] == v[0] and perm[-1] == v[-1]:\r\n      p = list(perm)\r\n      try:\r\n        vsoma.append(sum(G[u][v0][\'weight\'] for u, v0 in zip(p, p[1:])))\r\n      except:\r\n        continue\r\n      perm_list.append(perm)\r\n\r\n  if len(perm_list) < 4:\r\n    continue\r\n\r\n  break\r\n\r\n\r\ngrafo = \'\'\r\nfor u, v, data in G.edges(data=True):\r\n    grafo += f\"Aresta: ({u}, {v}), Peso: {data[\'weight\']}\\n\"\r\n\r\ncorrectAnswer = str(perm_list[0])\r\nerror1 = str(perm_list[1])\r\nerror2 = str(perm_list[2])\r\nerror3 = str(perm_list[3])\r\n\r\npos = nx.spring_layout(G) # Plotagem do grafo\r\nnx.draw(G, pos=pos)\r\nnx.draw_networkx_labels(G, pos=pos)\r\nnx.draw_networkx_edge_labels(G, pos=pos)\r\n\r\nimport hashlib # Salvando a figura\r\ns =str(edges)\r\nh = hashlib.md5(s.encode()) # create hash - arquivo único\r\npathGrafico = \'figGrafo(\' + str(h.hexdigest()) + \')\'\r\nplt.savefig(pathGrafico)\r\n]]','QT','1','remember','yes','2023-07-28',1,238,0,0,0,0,0),(2474,'','oper relacionais extra1','%\r\n% Parte 1 - Descrição da questão\r\n%\r\nQual(is) da(s) seguinte(s) alternativa(s) conta apenas com operadores relacionais?\r\n\r\n\\begin{enumerate}[label=(\\Roman*)]\\itemsep0pt\\parskip0pt\\parsep0pt\r\n[[code:itens_format]]\r\n\\end{enumerate}\r\n\r\n[[def:\r\n# Parte 2 - Definições dos Atributos\r\n\r\n# Lista de operadores relacionais\r\nsetA = [\'\\\\(>\\\\)\', \'\\\\(>=\\\\)\', \'\\\\(<=\\\\)\', \'\\\\(<\\\\)\', \'\\\\(!=\\\\)\',\'\\\\(==\\\\)\']\r\n\r\n# Lista de operadores não relacionais\r\nsetB = [\'\\\\(\\\\text{and}\\\\)\', \'\\\\(\\\\text{not}\\\\)\', \'\\\\(\\\\text{or}\\\\)\', \'\\\\(=\\\\)\', \r\n        \'\\\\(+\\\\)\', \'\\\\(\\\\%\\\\)\']\r\n\r\nitens_str = [\'I\', \'II\', \'III\', \'IV\', \'V\', \'VI\', \'VII\', \'VIII\', \'IX\', \'X\']\r\n\r\n# Definição dos parâmetros da questão\r\nnum_itens = 5          # N. itens na questão (máximo: 10)\r\nnum_alternativas = 5   # N. alternativas (máximo: 15)\r\nnum_operadores = 4     # N. oper. em cada item (máximo: quant. de oper. relacionais)\r\nnum_itens_corretos = 2 # N. itens corretos na questão (máximo: num_itens)\r\n\r\n# Parte 3 - Definições dos Métodos\r\n\r\ndef gerar_itens(setA, setB, num_itens, num_operadores):\r\n  # Embaralhar as listas de operadores\r\n  import random\r\n  random.shuffle(setA), random.shuffle(setB)\r\n\r\n  # Gerar os itens aleatórios com operadores relacionais e não relacionais\r\n  itens = []\r\n  for i in range(num_itens):\r\n    itens.append(random.sample(setA + setB, num_operadores))\r\n  return itens\r\n\r\ndef gerar_itens_corretos(setA, setB, num_itens, num_operadores, itens):\r\n  # Lista para armazenar os itens que atendem aos critérios\r\n  itens_corretos = []\r\n  for item in itens:\r\n    # Contar a quantidade de operadores relacionais presentes no item\r\n    cont = 0\r\n    for op in item:\r\n      if op in setA:\r\n        cont += 1\r\n    # Se o número de operadores relacionais for igual ao número desejado\r\n    if cont == num_operadores:\r\n      itens_corretos.append(item)\r\n  return itens_corretos\r\n\r\ndef gerar_indices_itens_corretos(itens, itens_corretos):\r\n  # Gerar índices dos itens corretos e criar itens_format\r\n\r\n  # formatar itens e declarar como variável global\r\n  global itens_format\r\n  itens_format = \'\'\r\n\r\n  corretos = []\r\n  for i, item in enumerate(itens):\r\n    s = f\"{\', \'.join(item)}\"\r\n    itens_format += f\"\\item {s}\\n\"\r\n    # Adicionar o índice do item à lista de itens corretos\r\n    for c in itens_corretos:\r\n      if c == item:\r\n        corretos.append(i)\r\n\r\n  return sorted(corretos) # Ordenar os índices dos itens corretos\r\n\r\n# Parte 4 - Bloco principal\r\n\r\nimport random\r\nwhile True:\r\n  itens = gerar_itens(setA, setB, num_itens, num_operadores)\r\n\r\n  itens_corretos = gerar_itens_corretos(setA,setB, num_itens, num_operadores,itens)\r\n\r\n  # Se o número de itens corretos não for igual ao desejado, gerar uma nova questão\r\n  if len(itens_corretos) != num_itens_corretos:\r\n    continue\r\n  \r\n  corretos = gerar_indices_itens_corretos(itens, itens_corretos)\r\n\r\n  # Alternativa correta\r\n  aux = []\r\n  for corr in range(num_itens_corretos):\r\n    aux.append(itens_str[corretos[corr]])\r\n  itens_comb = [aux]\r\n\r\n  # Gerar alternativas erradas\r\n  for i in range(num_alternativas):\r\n    aux = sorted(random.sample(itens_str[:num_itens], num_itens_corretos))\r\n    # Incluir apenas alternativas diferentes\r\n    if not aux in itens_comb:\r\n      itens_comb.append(aux)\r\n\r\n  # Montar as descrições das alternativas\r\n  descricoes = []\r\n  for letra in itens_comb:\r\n    descricoes.append(f\"{\', \'.join(letra)}\") \r\n\r\n  # Se o número de descrições não for igual ao número de alternativas, \r\n  # gerar uma nova questão\r\n  if len(descricoes) != num_alternativas:\r\n    continue\r\n\r\n  # Encerrar o loop, pois a questão foi gerada com sucesso\r\n  break\r\n\r\n\'\'\'\' Alternativas\r\n[[code:descricoes[0]]]\r\n[[code:descricoes[1]]]\r\n...\r\n\'\'\'\r\n]]','QM','1','remember','yes','2023-12-19',1,238,0,0,0,0,0);
/*!40000 ALTER TABLE `topic_question` ENABLE KEYS */;
UNLOCK TABLES;

--
-- Table structure for table `topic_topic`
--

DROP TABLE IF EXISTS `topic_topic`;
/*!40101 SET @saved_cs_client     = @@character_set_client */;
/*!50503 SET character_set_client = utf8mb4 */;
CREATE TABLE `topic_topic` (
  `id` int NOT NULL AUTO_INCREMENT,
  `topic_text` varchar(50) NOT NULL,
  `topic_description` longtext NOT NULL,
  PRIMARY KEY (`id`)
) ENGINE=InnoDB AUTO_INCREMENT=244 DEFAULT CHARSET=latin1;
/*!40101 SET character_set_client = @saved_cs_client */;

--
-- Dumping data for table `topic_topic`
--

LOCK TABLES `topic_topic` WRITE;
/*!40000 ALTER TABLE `topic_topic` DISABLE KEYS */;
INSERT INTO `topic_topic` VALUES (238,'Topico Exemplo',''),(239,'01-Lógica de Programação: Sequencial',''),(240,'01-Lógica de Programação: Condicional',''),(241,'01-Lógica de Programação: Repetição',''),(242,'DE-TIC',''),(243,'DE-matriz','');
/*!40000 ALTER TABLE `topic_topic` ENABLE KEYS */;
UNLOCK TABLES;

--
-- Table structure for table `topic_topic_course`
--

DROP TABLE IF EXISTS `topic_topic_course`;
/*!40101 SET @saved_cs_client     = @@character_set_client */;
/*!50503 SET character_set_client = utf8mb4 */;
CREATE TABLE `topic_topic_course` (
  `id` int NOT NULL AUTO_INCREMENT,
  `topic_id` int NOT NULL,
  `discipline_id` int NOT NULL,
  PRIMARY KEY (`id`),
  UNIQUE KEY `topic_topic_course_topic_id_discipline_id_1242b109_uniq` (`topic_id`,`discipline_id`),
  KEY `topic_topic_course_discipline_id_921e41cb_fk_course_di` (`discipline_id`),
  CONSTRAINT `topic_topic_course_discipline_id_921e41cb_fk_course_di` FOREIGN KEY (`discipline_id`) REFERENCES `course_discipline` (`id`),
  CONSTRAINT `topic_topic_course_topic_id_2b0bcc7c_fk_topic_topic_id` FOREIGN KEY (`topic_id`) REFERENCES `topic_topic` (`id`)
) ENGINE=InnoDB DEFAULT CHARSET=latin1;
/*!40101 SET character_set_client = @saved_cs_client */;

--
-- Dumping data for table `topic_topic_course`
--

LOCK TABLES `topic_topic_course` WRITE;
/*!40000 ALTER TABLE `topic_topic_course` DISABLE KEYS */;
/*!40000 ALTER TABLE `topic_topic_course` ENABLE KEYS */;
UNLOCK TABLES;

--
-- Table structure for table `topic_topic_discipline`
--

DROP TABLE IF EXISTS `topic_topic_discipline`;
/*!40101 SET @saved_cs_client     = @@character_set_client */;
/*!50503 SET character_set_client = utf8mb4 */;
CREATE TABLE `topic_topic_discipline` (
  `id` int NOT NULL AUTO_INCREMENT,
  `topic_id` int NOT NULL,
  `discipline_id` int NOT NULL,
  PRIMARY KEY (`id`),
  UNIQUE KEY `topic_topic_discipline_topic_id_discipline_id_2180320d_uniq` (`topic_id`,`discipline_id`),
  KEY `topic_topic_discipli_discipline_id_7980c44d_fk_course_di` (`discipline_id`),
  CONSTRAINT `topic_topic_discipli_discipline_id_7980c44d_fk_course_di` FOREIGN KEY (`discipline_id`) REFERENCES `course_discipline` (`id`),
  CONSTRAINT `topic_topic_discipline_topic_id_80b689ef_fk_topic_topic_id` FOREIGN KEY (`topic_id`) REFERENCES `topic_topic` (`id`)
) ENGINE=InnoDB AUTO_INCREMENT=13 DEFAULT CHARSET=latin1;
/*!40101 SET character_set_client = @saved_cs_client */;

--
-- Dumping data for table `topic_topic_discipline`
--

LOCK TABLES `topic_topic_discipline` WRITE;
/*!40000 ALTER TABLE `topic_topic_discipline` DISABLE KEYS */;
INSERT INTO `topic_topic_discipline` VALUES (1,238,51),(2,239,53),(3,239,54),(4,239,55),(5,240,53),(6,240,54),(7,240,55),(8,241,53),(9,241,54),(10,241,55),(11,242,51),(12,243,51);
/*!40000 ALTER TABLE `topic_topic_discipline` ENABLE KEYS */;
UNLOCK TABLES;
/*!40103 SET TIME_ZONE=@OLD_TIME_ZONE */;

/*!40101 SET SQL_MODE=@OLD_SQL_MODE */;
/*!40014 SET FOREIGN_KEY_CHECKS=@OLD_FOREIGN_KEY_CHECKS */;
/*!40014 SET UNIQUE_CHECKS=@OLD_UNIQUE_CHECKS */;
/*!40101 SET CHARACTER_SET_CLIENT=@OLD_CHARACTER_SET_CLIENT */;
/*!40101 SET CHARACTER_SET_RESULTS=@OLD_CHARACTER_SET_RESULTS */;
/*!40101 SET COLLATION_CONNECTION=@OLD_COLLATION_CONNECTION */;
/*!40111 SET SQL_NOTES=@OLD_SQL_NOTES */;

-- Dump completed on 2024-01-20  9:42:41
